Unit,FileName,ImageID,ObjectID,BorderObject,Area,FilledArea,MajorAxisLength,MinorAxisLength,Eccentricity,Orientation,ConvexArea,Circularity,EulerNumber,EquivDiameter,Solidity,Extent,Perimeter,Centroid_x,Centroid_y,Centroid_x_pixels,Centroid_y_pixels,BoundingBox_x,BoundingBox_y,BoundingBox_w,BoundingBox_h
um,O_O_A6_002.png,1,1,1,11.7071303644139,11.7071303644139,4.42075818779934,3.57768023516531,0.587407799848354,90,11.7071303644139,0.955243026453948,1,3.86082650935542,1,0.833333333333333,9.01085380742612,202.333052592301,2.38038885402707,187,2.2,200.710060191828,0.540997466824335,3.24598480094601,4.32797973459468
um,O_O_A6_002.png,1,2,1,11.7071303644139,11.7071303644139,4.60748626991666,3.47138870220119,0.657535505639407,1.29818558427082e-15,11.7071303644139,0.986295854136924,1,3.86082650935542,1,0.833333333333333,8.81393072950206,583.736266703457,1.94759088056761,539.5,1.8,581.57227683616,0.540997466824335,4.32797973459468,3.24598480094601
um,O_O_A6_002.png,1,3,1,22.2435476923864,22.2435476923864,6.26605446940806,4.77522032595413,0.647485592003277,-69.0332427505629,23.4142607288278,0.892328341811612,1,5.32178208283174,0.95,0.633333333333333,14.2996450431008,2074.98154722929,997.941011434699,1917.73684210526,922.315789473684,2072.56129540403,994.894341489952,5.40997466824335,6.49196960189202
um,O_O_A6_002.png,1,4,1,40.9749562754486,40.9749562754486,12.3609475571594,5.12508527620871,0.909995044007579,-89.6537769520482,44.4870953847728,0.558937001669743,1,7.22294501389118,0.921052631578947,0.583333333333333,26.9524937971884,2075.9463938393,1160.5168516906,1918.62857142857,1072.57142857143,2072.56129540403,1153.94759673631,5.40997466824335,12.983939203784
um,O_O_A6_002.png,1,5,1,4.68285214576556,4.68285214576556,3.30554912333583,2.25235206497105,0.7319250547114,90,4.68285214576556,0.840875939413586,1,2.4418010840641,1,0.666666666666667,4.96635674544739,2077.15977387203,1169.63652327421,1919.75,1081,2075.80728020497,1168.01353087374,2.16398986729734,3.24598480094601
um,O_O_A6_002.png,1,6,1,18.7314085830622,18.7314085830622,10.2266171299261,2.48407594413761,0.970050583386433,90,18.7314085830622,0.539241890112598,1,4.8836021681282,1,0.888888888888889,17.4936940872317,2076.95689982197,1180.4564726107,1919.5625,1091,2075.80728020497,1175.58749540928,2.16398986729734,9.73795440283803
um,O_O_A6_002.png,1,7,0,9.36570429153111,9.36570429153111,3.95088688177121,3.30554912333583,0.547722557505166,0,9.36570429153111,0.936368556122002,1,3.45322820970078,1,0.666666666666667,7.81200342094339,4.86897720141901,1156.65258407043,4.5,1069,2.70498733412167,1155.02959166995,4.32797973459468,3.24598480094601
um,O_O_A6_002.png,1,8,0,5.85356518220694,5.85356518220694,3.00890580585037,3.00890580585037,0,0,5.85356518220694,0.817743873391467,1,2.73001660575,1,0.555555555555556,6.08513950684012,8.65595946918936,500.963654279334,8,463,7.03296706871635,499.340661878861,3.24598480094601,3.24598480094601
um,O_O_A6_002.png,1,9,0,11.7071303644139,11.7071303644139,4.5047041299421,3.62965894220845,0.59225774015139,-45,11.7071303644139,0.907474877945258,1,3.86082650935542,1,0.625,9.33328829765342,58.1031279369336,430.958582072265,53.7,398.3,55.7227390829065,429.010991191697,4.32797973459468,4.32797973459468
um,O_O_A6_002.png,1,10,0,35.1213910932417,35.1213910932417,7.13351199040971,6.39181377914587,0.444001142245072,44.9999999999999,35.1213910932417,1,1,6.68714767341238,1,0.833333333333333,17.4222824216109,62.3589746759517,738.60580820637,57.6333333333333,682.633333333333,58.9687238838525,735.215557414271,6.49196960189202,6.49196960189202
um,O_O_A6_002.png,1,11,0,5.85356518220694,5.85356518220694,3.00890580585037,3.00890580585037,0,0,5.85356518220694,0.817743873391467,1,2.73001660575,1,0.555555555555556,6.08513950684012,62.7557061516228,439.28994306136,58,406,61.1327137511498,437.666950660887,3.24598480094601,3.24598480094601
um,O_O_A6_002.png,1,12,0,5.85356518220694,5.85356518220694,3.00890580585037,3.00890580585037,0,0,5.85356518220694,0.817743873391467,1,2.73001660575,1,0.555555555555556,6.08513950684012,69.2476757535149,104.953508563921,64,97,67.6246833530418,103.330516163448,3.24598480094601,3.24598480094601
um,O_O_A6_002.png,1,13,0,28.0971128745933,28.0971128745933,6.6973309285735,5.48077302566471,0.574717566567462,70.3951160037717,28.0971128745933,1,1,5.98116670933186,1,0.8,15.3015723516595,73.4404061214035,110.724148210047,67.875,102.333333333333,70.8706681539879,107.658495898043,5.40997466824335,6.49196960189202
um,O_O_A6_002.png,1,14,0,9.36570429153111,9.36570429153111,3.95088688177121,3.30554912333583,0.547722557505166,0,9.36570429153111,0.936368556122002,1,3.45322820970078,1,0.666666666666667,7.81200342094339,142.2823337748,440.371937995009,131.5,407,140.118343907503,438.748945594536,4.32797973459468,3.24598480094601
um,O_O_A6_002.png,1,15,0,5.85356518220694,5.85356518220694,3.00890580585037,3.00890580585037,0,0,5.85356518220694,0.817743873391467,1,2.73001660575,1,0.555555555555556,6.08513950684012,180.693153919328,222.890956331626,167,206,179.070161518855,221.267963931153,3.24598480094601,3.24598480094601
um,O_O_A6_002.png,1,16,0,15.2192694737381,15.2192694737381,5.44567670928331,3.83376744712719,0.710197961544802,70.2059345761585,16.3899825101794,0.89034268275111,1,4.40201950653833,0.928571428571429,0.65,11.2570752896808,214.484688000971,149.065609704982,198.230769230769,137.769230769231,212.612004461964,146.610313509395,4.32797973459468,5.40997466824335
um,O_O_A6_002.png,1,17,0,12.8778434008553,12.8778434008553,5.03993306260274,3.43192113395002,0.732333837236824,90,12.8778434008553,0.910476739226441,1,4.04926900426184,1,0.733333333333333,9.93271349089479,225.054946198923,597.261203374066,208,552,223.43195379845,594.556216039944,3.24598480094601,5.40997466824335
um,O_O_A6_002.png,1,18,0,38.6335302025658,38.6335302025658,9.8690745258264,5.92502093432639,0.799728097090143,36.573094686319,44.4870953847728,0.600737688664593,1,7.01353964889535,0.868421052631579,0.589285714285714,25.028706805161,231.612491251339,611.064835709402,214.060606060606,564.757575757576,227.759933533045,606.458160310079,7.57396453554069,8.65595946918936
um,O_O_A6_002.png,1,19,0,5.85356518220694,5.85356518220694,3.00890580585037,3.00890580585037,0,0,5.85356518220694,0.817743873391467,1,2.73001660575,1,0.555555555555556,6.08513950684012,231.546915800815,566.965345231903,214,524,229.923923400342,565.34235283143,3.24598480094601,3.24598480094601
um,O_O_A6_002.png,1,20,0,14.0485564372967,14.0485564372967,4.32797973459468,4.32797973459468,0,0,14.0485564372967,1,1,4.22932353957578,1,0.75,9.53886733504667,233.169908201288,594.556216039944,215.5,549.5,231.005918333991,592.392226172647,4.32797973459468,4.32797973459468
um,O_O_A6_002.png,1,21,0,362.921041296831,362.921041296831,43.7863743232396,12.8555198342873,0.955929485480769,85.0585036534593,455.4073711757,0.406784831783366,1,21.4961722498585,0.796915167095116,0.54006968641115,102.484396125335,310.323127582914,1006.95334954078,286.806451612903,930.645161290323,304.5815738221,985.156387087114,15.1479290710814,44.3617922795955
um,O_O_A6_002.png,1,22,0,57.3649387856281,57.3649387856281,15.1998437329656,5.13657883066733,0.941168987230225,-79.6785188529189,65.5599300407178,0.609306790355101,1,8.54630379422435,0.875,0.583333333333333,30.9969908591671,310.046752313489,1054.56967431006,286.551020408163,974.65306122449,306.745563689398,1046.83009830509,6.49196960189202,15.1479290710814
um,O_O_A6_002.png,1,23,0,9.36570429153111,9.36570429153111,3.95088688177121,3.30554912333583,0.547722557505166,90,9.36570429153111,0.936368556122002,1,3.45322820970078,1,0.666666666666667,7.81200342094339,309.450551023519,888.858837992382,286,821.5,307.827558623047,886.694848125085,3.24598480094601,4.32797973459468
um,O_O_A6_002.png,1,24,0,12.8778434008553,12.8778434008553,5.03993306260274,3.43192113395002,0.732333837236824,90,12.8778434008553,0.910476739226441,1,4.04926900426184,1,0.733333333333333,9.93271349089479,310.532545957168,980.287409885695,287,906,308.909553556695,977.582422551573,3.24598480094601,5.40997466824335
um,O_O_A6_002.png,1,25,0,77.2670604051317,77.2670604051317,12.3836988977299,8.19587497294834,0.749655983781473,86.5871285367201,83.1206255873386,0.870233363037971,1,9.91864289170924,0.929577464788732,0.75,30.0037195100776,314.253952774414,268.187198781191,290.439393939394,247.863636363636,309.991548490344,262.383771409802,8.65595946918936,11.9019442701354
um,O_O_A6_002.png,1,26,0,122.924868826346,122.924868826346,23.1330688903087,7.14211438427972,0.951146322560809,79.4932265211581,135.802712227201,0.623632812151717,1,12.5105077443358,0.905172413793103,0.65625,46.3699748764474,321.043353884041,172.44938299629,296.714285714286,159.380952380952,316.483518092236,161.758242580476,8.65595946918936,21.6398986729734
um,O_O_A6_002.png,1,27,0,210.72834655945,210.72834655945,41.5565045567376,6.95972388498378,0.985876125685435,81.7697975302251,243.508311579809,0.372076154985552,1,16.3800996345,0.865384615384615,0.540540540540541,80.9635168950626,375.338031399759,187.629943660609,346.894444444444,173.411111111111,369.501269841021,167.168217248719,9.73795440283803,40.0338125450008
um,O_O_A6_002.png,1,28,0,57.3649387856281,57.3649387856281,11.8856494267901,6.69666277561078,0.826167747251555,60.4198665018423,60.8770778949522,0.765715123009053,1,8.54630379422435,0.942307692307692,0.556818181818182,27.2835842468849,376.710889143802,865.90508832855,348.163265306122,800.285714285714,372.747254641967,859.644974783868,8.65595946918936,11.9019442701354
um,O_O_A6_002.png,1,29,0,5.85356518220694,5.85356518220694,3.00890580585037,3.00890580585037,0,0,5.85356518220694,0.817743873391467,1,2.73001660575,1,0.555555555555556,6.08513950684012,377.616231843386,497.717669478388,349,460,375.993239442913,496.094677077915,3.24598480094601,3.24598480094601
um,O_O_A6_002.png,1,30,0,5.85356518220694,5.85356518220694,3.00890580585037,3.00890580585037,0,0,5.85356518220694,0.817743873391467,1,2.73001660575,1,0.555555555555556,6.08513950684012,417.650044388386,144.987321108922,386,134,416.027051987913,143.364328708449,3.24598480094601,3.24598480094601
um,O_O_A6_002.png,1,31,0,276.288276600168,276.288276600168,39.8913126556329,9.66475007023248,0.97020710404235,-75.8285106857734,330.141076276472,0.396088787471907,1,18.7558300139999,0.836879432624113,0.504273504273504,90.2253935270953,453.204581297054,102.193504538258,418.860169491525,94.4491525423729,446.322910130076,80.6086225568259,12.983939203784,42.1978024122981
um,O_O_A6_002.png,1,32,0,12.8778434008553,12.8778434008553,5.03993306260274,3.43192113395002,0.732333837236824,90,12.8778434008553,0.910476739226441,1,4.04926900426184,1,0.733333333333333,9.93271349089479,458.765851867036,880.743875990017,424,814,457.142859466563,878.038888655895,3.24598480094601,5.40997466824335
um,O_O_A6_002.png,1,33,0,12.8778434008553,12.8778434008553,5.03993306260274,3.43192113395002,0.732333837236824,90,12.8778434008553,0.910476739226441,1,4.04926900426184,1,0.733333333333333,9.93271349089479,459.847846800685,901.301779729342,425,833,458.224854400212,898.59679239522,3.24598480094601,5.40997466824335
um,O_O_A6_002.png,1,34,0,5.85356518220694,5.85356518220694,3.00890580585037,3.00890580585037,0,0,5.85356518220694,0.817743873391467,1,2.73001660575,1,0.555555555555556,6.08513950684012,464.175826535279,529.095522554199,429,489,462.552834134806,527.472530153726,3.24598480094601,3.24598480094601
um,O_O_A6_002.png,1,35,0,5.85356518220694,5.85356518220694,3.00890580585037,3.00890580585037,0,0,5.85356518220694,0.817743873391467,1,2.73001660575,1,0.555555555555556,6.08513950684012,479.323755606361,1221.57228008935,443,1129,477.700763205888,1219.94928768888,3.24598480094601,3.24598480094601
um,O_O_A6_002.png,1,36,0,30.4385389474761,30.4385389474761,9.15837291640724,4.68066606003278,0.859532835054038,44.5003781648714,32.7799650203589,0.744586181302467,1,6.22539568797743,0.928571428571429,0.530612244897959,19.2660017885482,489.061710009199,101.166526296151,452,93.5,485.274727741428,96.8385465615559,7.57396453554069,7.57396453554069
um,O_O_A6_002.png,1,37,0,367.603893442596,367.603893442596,43.81952665266,11.8247630662946,0.962901963712423,78.2857007200402,420.285980082459,0.503912486920012,1,21.634412724401,0.874651810584958,0.550877192982456,92.3461035970466,504.502535797987,80.2089046832487,466.270700636943,74.1305732484076,496.094677077915,57.8867289502038,16.22992400473,41.1158074786494
um,O_O_A6_002.png,1,38,0,32.7799650203589,32.7799650203589,9.26565104776967,4.68156194957032,0.862967224422061,90,32.7799650203589,0.796832936208717,1,6.46039841952153,1,0.777777777777778,19.337413454169,522.989979714325,252.10481954014,483.357142857143,233,520.980560551834,247.235842338721,4.32797973459468,9.73795440283803
um,O_O_A6_002.png,1,39,0,5.85356518220694,5.85356518220694,3.00890580585037,3.00890580585037,0,0,5.85356518220694,0.817743873391467,1,2.73001660575,1,0.555555555555556,6.08513950684012,522.603552952307,714.116656208122,483,660,520.980560551834,712.493663807649,3.24598480094601,3.24598480094601
um,O_O_A6_002.png,1,40,0,14.0485564372967,14.0485564372967,4.8388284458976,4.0804584255598,0.53748384988657,90,14.0485564372967,0.845404939381118,1,4.22932353957578,1,0.6,11.0514962522875,546.227109003637,693.558752468797,504.833333333333,641,543.702454158456,690.853765134676,4.32797973459468,5.40997466824335
um,O_O_A6_002.png,1,41,0,5.85356518220694,5.85356518220694,3.00890580585037,3.00890580585037,0,0,5.85356518220694,0.817743873391467,1,2.73001660575,1,0.555555555555556,6.08513950684012,592.933223639471,62.7557061516228,548,58,591.310231238998,61.1327137511498,3.24598480094601,3.24598480094601
um,O_O_A6_002.png,1,42,0,19.9021216195036,19.9021216195036,7.37899951032071,3.54674870160695,0.876910104976049,90,19.9021216195036,0.809844351494583,1,5.033901893172,1,0.80952380952381,14.1741336307976,614.573122312444,975.9594301511,568,902,612.950129911971,972.17244788333,3.24598480094601,7.57396453554069
um,O_O_A6_002.png,1,43,0,26.9263998381519,26.9263998381519,6.83606132716903,5.20256768337078,0.648696104381233,70.8634420245007,28.0971128745933,0.988244906658579,1,5.85523330630689,0.958333333333333,0.766666666666667,15.1046492737354,672.765632439549,315.189828497656,621.782608695652,291.304347826087,670.295861395351,312.155538357641,5.40997466824335,6.49196960189202
um,O_O_A6_002.png,1,44,0,62.0477909313936,62.0477909313936,16.3608518462857,5.53887785741424,0.940950350194412,87.1256144655943,77.2670604051317,0.538885981745921,1,8.88829010987547,0.803030303030303,0.588888888888889,34.6389858058285,673.939938671885,527.768547635574,622.867924528302,487.77358490566,670.295861395351,519.898565618186,6.49196960189202,16.22992400473
um,O_O_A6_002.png,1,45,0,218.92333781454,218.92333781454,42.5095739731136,7.58528472495515,0.983951322225302,-86.8719770013424,283.312554818816,0.292019888636214,1,16.6955638111112,0.772727272727273,0.570121951219512,93.6618094363634,675.483072400784,499.337768844279,624.294117647059,461.497326203209,671.377856329,474.454778404942,8.65595946918936,44.3617922795955
um,O_O_A6_002.png,1,46,0,25.7556868017106,25.7556868017106,7.40046728662436,4.56958879368533,0.786592070129512,-82.7914241871274,25.7556868017106,0.906287293136746,1,5.7265311435241,1,0.785714285714286,15.4984954295835,686.624148575867,616.491204240276,634.590909090909,569.772727272727,684.361795532784,612.950129911971,4.32797973459468,7.57396453554069
um,O_O_A6_002.png,1,47,0,28.0971128745933,28.0971128745933,9.59667089151524,3.9343904135559,0.912096981660833,90,30.4385389474761,0.69498616047971,1,5.98116670933186,0.923076923076923,0.666666666666667,19.140490376245,688.058611556083,815.824179971097,635.916666666667,754,685.443790466432,810.955202769678,4.32797973459468,9.73795440283803
um,O_O_A6_002.png,1,48,0,23.4142607288278,23.4142607288278,8.58352338844864,3.57768023516531,0.908994601986545,90,23.4142607288278,0.758614392951473,1,5.46003321150001,1,0.833333333333333,16.294843700749,750.904483952177,476.618768272239,694,440.5,749.281491551704,472.290788537644,3.24598480094601,8.65595946918936
um,O_O_A6_002.png,1,49,0,43.3163823483314,43.3163823483314,11.3391172089227,5.05980782887791,0.894920355372762,-66.7893335113253,45.6578084212142,0.774376312386841,1,7.42644807029334,0.948717948717949,0.616666666666667,23.1135757726029,753.682579052086,489.851273879699,696.567567567568,452.72972972973,750.363486485352,484.19273280778,6.49196960189202,10.8199493364867
um,O_O_A6_002.png,1,50,0,5.85356518220694,5.85356518220694,3.00890580585037,3.00890580585037,0,0,5.85356518220694,0.817743873391467,1,2.73001660575,1,0.555555555555556,6.08513950684012,759.560443421366,697.886732203392,702,645,757.937451020893,696.263739802919,3.24598480094601,3.24598480094601
um,O_O_A6_002.png,1,51,0,5.85356518220694,5.85356518220694,3.00890580585037,3.00890580585037,0,0,5.85356518220694,0.817743873391467,1,2.73001660575,1,0.555555555555556,6.08513950684012,760.642438355015,693.558752468797,703,641,759.019445954542,691.935760068324,3.24598480094601,3.24598480094601
um,O_O_A6_002.png,1,52,0,12.8778434008553,12.8778434008553,5.51863041833037,3.32539728155691,0.798061088299374,59.3052298329826,12.8778434008553,0.79651523789152,1,4.04926900426184,1,0.55,10.8545731743635,774.314919789303,782.282337027988,715.636363636364,723,772.003385158326,779.577349693866,4.32797973459468,5.40997466824335
um,O_O_A6_002.png,1,53,0,11.7071303644139,11.7071303644139,4.5047041299421,3.62965894220845,0.59225774015139,45,11.7071303644139,0.907474877945258,1,3.86082650935542,1,0.625,9.33328829765342,776.54776387965,771.137789211407,717.7,712.7,774.167375025623,768.75740035738,4.32797973459468,4.32797973459468
um,O_O_A6_002.png,1,54,0,12.8778434008553,12.8778434008553,5.03993306260274,3.43192113395002,0.732333837236824,90,12.8778434008553,0.910476739226441,1,4.04926900426184,1,0.733333333333333,9.93271349089479,775.790367426096,1145.83263473394,717,1059,774.167375025623,1143.12764739982,3.24598480094601,5.40997466824335
um,O_O_A6_002.png,1,55,0,11.7071303644139,11.7071303644139,4.5047041299421,3.62965894220845,0.592257740151389,45,11.7071303644139,0.907474877945258,1,3.86082650935542,1,0.625,9.33328829765342,778.278955773488,1234.88081777323,719.3,1141.3,776.33136489292,1232.93322689266,4.32797973459468,4.32797973459468
um,O_O_A6_002.png,1,56,0,22.2435476923864,22.2435476923864,5.83904528439413,5.02728205941277,0.508644361881473,45,22.2435476923864,1,1,5.32178208283174,1,0.76,13.1808622817081,781.371183399652,1034.55799787344,722.157894736842,956.157894736842,778.495354760218,1031.68216923401,5.40997466824335,5.40997466824335
um,O_O_A6_002.png,1,57,0,42.14566931189,42.14566931189,11.4507580570648,4.7847616266375,0.908513525158996,90,42.14566931189,0.804213118451149,1,7.3254032521923,1,0.9,22.263127754755,780.659344627515,1170.17752074104,721.5,1081.5,778.495354760218,1164.76754607279,4.32797973459468,10.8199493364867
um,O_O_A6_002.png,1,58,0,155.704833846705,155.704833846705,33.4276155397073,6.60359039935621,0.980293023427612,75.6145030044407,193.167651012829,0.416697299104962,1,14.0801119228521,0.806060606060606,0.458620689655172,65.1252750563134,823.967615524347,441.250550422332,761.526315789474,407.812030075188,818.529167305219,424.683011457103,10.8199493364867,31.3778530758114
um,O_O_A6_002.png,1,59,0,33.9506780568003,33.9506780568003,6.88626213643642,6.49682811254244,0.331521423537536,-11.3099324740203,35.1213910932417,0.954306648852179,1,6.57475063196244,0.966666666666667,0.69047619047619,17.7447169118382,829.778183598152,568.606992717439,766.896551724138,525.51724137931,826.103131840759,565.34235283143,7.57396453554069,6.49196960189202
um,O_O_A6_002.png,1,60,0,11.7071303644139,11.7071303644139,4.5047041299421,3.62965894220845,0.59225774015139,45,11.7071303644139,0.907474877945258,1,3.86082650935542,1,0.625,9.33328829765342,831.729505495732,422.735420576535,768.7,390.7,829.349116641705,420.355031722508,4.32797973459468,4.32797973459468
um,O_O_A6_002.png,1,61,0,11.7071303644139,11.7071303644139,4.5047041299421,3.62965894220845,0.592257740151389,-45,11.7071303644139,0.907474877945258,1,3.86082650935542,1,0.625,9.33328829765342,834.542692323219,852.287409235057,771.3,787.7,832.595101442651,849.90702038103,4.32797973459468,4.32797973459468
um,O_O_A6_002.png,1,62,0,16.3899825101794,16.3899825101794,6.19312433295289,3.50208691535766,0.824762122153737,90,16.3899825101794,0.86255066866221,1,4.56819153161053,1,0.777777777777778,12.0534235608462,837.46407864407,814.201187570624,774,752.5,835.841086243597,810.955202769678,3.24598480094601,6.49196960189202
um,O_O_A6_002.png,1,63,0,14.0485564372967,14.0485564372967,4.32797973459468,4.32797973459468,0,0,14.0485564372967,1,1,4.22932353957578,1,0.75,9.53886733504667,843.415050779138,936.466615072924,779.5,865.5,841.251060911841,934.302625205626,4.32797973459468,4.32797973459468
um,O_O_A6_002.png,1,64,0,33.9506780568003,33.9506780568003,12.2523629597789,3.63143804154355,0.955068005027559,90,33.9506780568003,0.628401843006288,1,6.57475063196244,1,0.878787878787879,22.6569739106031,907.793749331234,446.863907596901,839,413,906.170756930761,440.912935461833,3.24598480094601,11.9019442701354
um,O_O_A6_002.png,1,65,0,71.4134952229247,71.4134952229247,14.9977768326633,6.2762499557496,0.908226617418953,-82.6025830346812,76.0963473686903,0.732762408780082,1,9.53553806272008,0.938461538461538,0.726190476190476,31.5964160524085,912.636120099858,194.865513787939,843.475409836066,180.098360655738,909.416741731707,187.726120988044,6.49196960189202,15.1479290710814
um,O_O_A6_002.png,1,66,0,5.85356518220694,5.85356518220694,3.00890580585037,3.00890580585037,0,0,5.85356518220694,0.817743873391467,1,2.73001660575,1,0.555555555555556,6.08513950684012,913.203723999477,1062.51902484299,844,982,911.580731599004,1060.89603244252,3.24598480094601,3.24598480094601
um,O_O_A6_002.png,1,67,0,11.7071303644139,11.7071303644139,4.5047041299421,3.62965894220845,0.592257740151389,-45,11.7071303644139,0.907474877945258,1,3.86082650935542,1,0.625,9.33328829765342,934.086226218896,325.355876548155,863.3,300.7,932.138635338329,322.975487694128,4.32797973459468,4.32797973459468
um,O_O_A6_002.png,1,68,0,14.0485564372967,14.0485564372967,4.8388284458976,4.0804584255598,0.53748384988657,90,14.0485564372967,0.845404939381118,1,4.22932353957578,1,0.6,11.0514962522875,949.089889298825,836.382083710422,877.166666666667,773,947.28656440941,833.6770963763,4.32797973459468,5.40997466824335
um,O_O_A6_002.png,1,69,0,17.5606955466208,17.5606955466208,5.36506581407028,4.5047041299421,0.543149009008564,45,17.5606955466208,0.886768673770057,1,4.72852746666574,1,0.6,12.3758580510735,959.51310715964,219.86137051741,886.8,203.2,957.024518812248,216.939984196558,5.40997466824335,5.40997466824335
um,O_O_A6_002.png,1,70,0,22.2435476923864,22.2435476923864,7.28669586998788,4.08039087793895,0.828507338088689,72.544084891695,22.2435476923864,0.834823078122629,1,5.32178208283174,1,0.678571428571429,14.8990702363422,986.323802673419,345.213330935697,911.578947368421,319.052631578947,984.074392153465,341.369401566155,4.32797973459468,7.57396453554069
um,O_O_A6_002.png,1,71,0,14.0485564372967,14.0485564372967,5.4056670829999,3.59505670326093,0.746795899354174,-36.6503778830032,14.0485564372967,0.868925714063477,1,4.22932353957578,1,0.6,10.8545731743635,987.861374421235,198.546070324531,913,183.5,985.156387087114,196.382080457234,5.40997466824335,4.32797973459468
um,O_O_A6_002.png,1,72,0,11.7071303644139,11.7071303644139,4.5047041299421,3.62965894220845,0.59225774015139,45,11.7071303644139,0.907474877945258,1,3.86082650935542,1,0.625,9.33328829765342,988.618770874789,220.402367984234,913.7,203.7,986.238382020762,218.021979130207,4.32797973459468,4.32797973459468
um,O_O_A6_002.png,1,73,0,12.8778434008553,12.8778434008553,5.03993306260274,3.43192113395002,0.732333837236824,90,12.8778434008553,0.910476739226441,1,4.04926900426184,1,0.733333333333333,9.93271349089479,990.025364288533,795.266276231772,915,735,988.40237188806,792.56128889765,3.24598480094601,5.40997466824335
um,O_O_A6_002.png,1,74,0,33.9506780568003,33.9506780568003,11.509095698307,4.04612766590996,0.936165678932625,85.2959470349029,36.2921041296831,0.679197414404565,1,6.57475063196244,0.935483870967742,0.725,21.6637025615137,992.002803305201,946.596326262083,916.827586206897,874.862068965517,989.484366821708,940.794594807518,4.32797973459468,10.8199493364867
um,O_O_A6_002.png,1,75,0,5.85356518220694,5.85356518220694,3.00890580585037,3.00890580585037,0,0,5.85356518220694,0.817743873391467,1,2.73001660575,1,0.555555555555556,6.08513950684012,992.18935415583,653.524939923796,917,604,990.566361755357,651.901947523323,3.24598480094601,3.24598480094601
um,O_O_A6_002.png,1,76,0,37.4628171661244,37.4628171661244,8.097293977911,6.11070582103498,0.6561157835009,-74.7314565270611,38.6335302025658,0.916413761603036,1,6.90645641940155,0.96969696969697,0.666666666666667,19.2660017885482,994.657655098216,1022.21471356458,919.28125,944.75,991.648356689006,1017.61623509657,6.49196960189202,8.65595946918936
um,O_O_A6_002.png,1,77,0,5.85356518220694,5.85356518220694,3.00890580585037,3.00890580585037,0,0,5.85356518220694,0.817743873391467,1,2.73001660575,1,0.555555555555556,6.08513950684012,995.435338956776,377.616231843386,920,349,993.812346556303,375.993239442913,3.24598480094601,3.24598480094601
um,O_O_A6_002.png,1,78,0,38.6335302025658,38.6335302025658,11.0779307638997,5.01609954714815,0.891611540061979,14.9188004715867,45.6578084212142,0.680513409504326,1,7.01353964889535,0.846153846153846,0.611111111111111,23.3104988505269,999.501016889274,772.577170350412,923.757575757576,714.030303030303,994.894341489952,769.839395291028,9.73795440283803,6.49196960189202
um,O_O_A6_002.png,1,79,0,9.36570429153111,9.36570429153111,3.95088688177121,3.30554912333583,0.547722557505166,90,9.36570429153111,0.936368556122002,1,3.45322820970078,1,0.666666666666667,7.81200342094339,998.681323757722,591.310231238998,923,546.5,997.058331357249,589.146241371701,3.24598480094601,4.32797973459468
um,O_O_A6_002.png,1,80,0,5.85356518220694,5.85356518220694,3.00890580585037,3.00890580585037,0,0,5.85356518220694,0.817743873391467,1,2.73001660575,1,0.555555555555556,6.08513950684012,1014.91124776245,1081.99493364867,938,1000,1013.28825536198,1080.3719412482,3.24598480094601,3.24598480094601
um,O_O_A6_002.png,1,81,0,14.0485564372967,14.0485564372967,5.4056670829999,3.59505670326093,0.746795899354174,36.6503778830032,14.0485564372967,0.868925714063477,1,4.22932353957578,1,0.6,10.8545731743635,1057.10905017475,698.427729670216,977,645.5,1054.40406284063,696.263739802919,5.40997466824335,4.32797973459468
um,O_O_A6_002.png,1,82,0,215.411198705216,215.411198705216,27.4864085720674,10.5055030683154,0.924076653505617,-85.7498304513665,242.337598543368,0.567985723464784,1,16.5611007052757,0.888888888888889,0.657142857142857,65.6359766649956,1064.01852869126,715.269216028748,983.385869565217,661.065217391304,1058.73204257522,698.427729670216,10.8199493364867,30.2958581421627
um,O_O_A6_002.png,1,83,0,24.5849737652692,24.5849737652692,8.88198249088546,3.91131251172149,0.897818932818113,-52.5100818446608,25.7556868017106,0.718130529389617,1,5.59486914987448,0.954545454545455,0.5,17.3422147965209,1077.56390677754,751.677337476211,995.904761904762,694.714285714286,1073.8799716463,748.199496618055,6.49196960189202,7.57396453554069
um,O_O_A6_002.png,1,84,0,9.36570429153111,9.36570429153111,3.95088688177121,3.30554912333583,0.547722557505166,90,9.36570429153111,0.936368556122002,1,3.45322820970078,1,0.666666666666667,7.81200342094339,1075.50296404678,940.794594807518,994,869.5,1073.8799716463,938.630604940221,3.24598480094601,4.32797973459468
um,O_O_A6_002.png,1,85,0,15.2192694737381,15.2192694737381,6.69790755349648,3.25190340927985,0.874230921769819,-69.8600684655218,17.5606955466208,0.730765950306274,1,4.40201950653833,0.866666666666667,0.541666666666667,12.7783601663908,1077.25080201652,948.410174532815,995.615384615385,876.538461538462,1074.96196657995,945.122574542113,4.32797973459468,6.49196960189202
um,O_O_A6_002.png,1,86,0,49.1699475305383,49.1699475305383,17.6773366851478,3.93058026047691,0.974966595560291,-72.7203681939616,59.7063648585108,0.473522886285507,1,7.91233983145532,0.823529411764706,0.466666666666667,32.7238547732704,1083.48911712847,970.420646562184,1001.38095238095,896.880952380952,1080.3719412482,962.434493480492,6.49196960189202,16.22992400473
um,O_O_A6_002.png,1,87,0,30.4385389474761,30.4385389474761,6.82556775614821,5.76717067097287,0.534866781756732,90,30.4385389474761,1,1,6.22539568797743,1,0.866666666666667,15.9009975449008,1085.24091844962,1099.84785005387,1003,1016.5,1082.53593111549,1096.60186525293,5.40997466824335,6.49196960189202
um,O_O_A6_002.png,1,88,0,21.072834655945,21.072834655945,6.2856372062119,4.43748420985066,0.708239690230453,77.7641897331476,21.072834655945,0.940818022409032,1,5.17984231455116,1,0.75,13.3777853596322,1088.90767905809,825.862688522171,1006.38888888889,763.277777777778,1086.86391085009,822.857147039813,4.32797973459468,6.49196960189202
um,O_O_A6_002.png,1,89,0,11.7071303644139,11.7071303644139,4.5047041299421,3.62965894220845,0.592257740151389,-45,11.7071303644139,0.907474877945258,1,3.86082650935542,1,0.625,9.33328829765342,1147.67202612114,419.05663780213,1060.7,387.3,1145.29163726712,417.109046921562,4.32797973459468,4.32797973459468
um,O_O_A6_002.png,1,90,0,9.36570429153111,9.36570429153111,3.95088688177121,3.30554912333583,0.547722557505166,90,9.36570429153111,0.936368556122002,1,3.45322820970078,1,0.666666666666667,7.81200342094339,1149.07861953489,950.532549210356,1062,878.5,1147.45562713441,948.368559343059,3.24598480094601,4.32797973459468
um,O_O_A6_002.png,1,91,0,9.36570429153111,9.36570429153111,3.95088688177121,3.30554912333583,0.547722557505166,90,9.36570429153111,0.936368556122002,1,3.45322820970078,1,0.666666666666667,7.81200342094339,1158.81657393773,1061.97802737617,1071,981.5,1157.19358153725,1059.81403750887,3.24598480094601,4.32797973459468
um,O_O_A6_002.png,1,92,0,9.36570429153111,9.36570429153111,3.95088688177121,3.30554912333583,0.547722557505166,90,9.36570429153111,0.936368556122002,1,3.45322820970078,1,0.666666666666667,7.81200342094339,1158.81657393773,1068.46999697806,1071,987.5,1157.19358153725,1066.30600711076,3.24598480094601,4.32797973459468
um,O_O_A6_002.png,1,93,0,636.867891824116,636.867891824116,42.901799559501,19.4189147867842,0.891695193008632,72.7750757505279,669.647856844474,0.724075338229686,1,28.4760493159177,0.951048951048951,0.606465997770346,101.733491641383,1235.34583691934,805.575062520561,1141.72977941176,744.527573529412,1223.19527248982,783.905329428461,24.8858834739194,42.1978024122981
um,O_O_A6_002.png,1,94,0,29.2678259110347,29.2678259110347,10.308089757022,3.87400660902626,0.92669188307922,-85.6741335471424,31.6092519839175,0.686921788795286,1,6.10450271016025,0.925925925925926,0.694444444444444,19.7399155694863,1225.7704204319,837.161120062649,1132.88,773.72,1223.19527248982,832.595101442651,4.32797973459468,9.73795440283803
um,O_O_A6_002.png,1,95,0,18.7314085830622,18.7314085830622,5.44592173923281,4.5047041299421,0.561951486949017,90,18.7314085830622,1,1,4.8836021681282,1,0.8,11.6595774049981,1232.93322689266,1027.89518696624,1139.5,950,1230.76923702536,1025.19019963211,4.32797973459468,5.40997466824335
um,O_O_A6_002.png,1,96,0,55.0235127127453,55.0235127127453,16.3546958581064,4.70681677382357,0.957691723301744,-37.0354630662459,62.0477909313936,0.556847670539561,1,8.37007241761415,0.886792452830189,0.388429752066116,31.8387829175457,1291.94799311411,249.963850841644,1194.04255319149,231.021276595745,1285.95097864144,243.989857537775,11.9019442701354,11.9019442701354
um,O_O_A6_002.png,1,97,0,16.3899825101794,16.3899825101794,5.28166288706108,4.17937510891043,0.611429250513635,65.6423554472856,16.3899825101794,0.958830581424272,1,4.56819153161053,1,0.7,11.2570752896808,1293.67951388179,97.6114000855907,1195.64285714286,90.2142857142857,1291.36095330969,94.6745566942586,4.32797973459468,5.40997466824335
um,O_O_A6_002.png,1,98,0,5.85356518220694,5.85356518220694,3.00890580585037,3.00890580585037,0,0,5.85356518220694,0.817743873391467,1,2.73001660575,1,0.555555555555556,6.08513950684012,1296.22993051111,404.666105184602,1198,374,1294.60693811063,403.043112784129,3.24598480094601,3.24598480094601
um,O_O_A6_002.png,1,99,0,19.9021216195036,19.9021216195036,7.37899951032071,3.54674870160695,0.876910104976049,90,19.9021216195036,0.809844351494583,1,5.033901893172,1,0.80952380952381,14.1741336307976,1308.13187478124,575.621304701092,1209,532,1306.50888238077,571.834322433322,3.24598480094601,7.57396453554069
um,O_O_A6_002.png,1,100,0,5.85356518220694,5.85356518220694,3.00890580585037,3.00890580585037,0,0,5.85356518220694,0.817743873391467,1,2.73001660575,1,0.555555555555556,6.08513950684012,1328.68977852057,455.51986706609,1228,421,1327.06678612009,453.896874665617,3.24598480094601,3.24598480094601
um,O_O_A6_002.png,1,101,0,16.3899825101794,16.3899825101794,7.13521334591828,3.22673121313601,0.891903225240258,33.8356718109904,17.5606955466208,0.688462699824701,1,4.56819153161053,0.933333333333333,0.466666666666667,13.8971429277835,1340.05072532388,832.054103975827,1238.5,769,1336.80474052293,829.349116641705,6.49196960189202,5.40997466824335
um,O_O_A6_002.png,1,102,0,16.3899825101794,16.3899825101794,7.13521334591828,3.22673121313601,0.891903225240258,33.8356718109904,17.5606955466208,0.688462699824701,1,4.56819153161053,0.933333333333333,0.466666666666667,13.8971429277835,1349.78867972672,826.644129307584,1247.5,764,1346.54269492577,823.939141973462,6.49196960189202,5.40997466824335
um,O_O_A6_002.png,1,103,0,5.85356518220694,5.85356518220694,3.00890580585037,3.00890580585037,0,0,5.85356518220694,0.817743873391467,1,2.73001660575,1,0.555555555555556,6.08513950684012,1379.54354040205,632.967036184472,1275,585,1377.92054800158,631.344043783999,3.24598480094601,3.24598480094601
um,O_O_A6_002.png,1,104,0,270.434711417961,270.434711417961,46.8111198094874,7.96583291299397,0.985414776967311,-89.1414037486975,290.336833037464,0.372174889904291,1,18.5560817212684,0.931451612903226,0.785714285714286,92.1578364785918,1385.64674126155,885.282633958439,1280.64069264069,818.194805194805,1382.24852773618,861.808964651165,7.57396453554069,45.4437872132441
um,O_O_A6_002.png,1,105,0,5.85356518220694,5.85356518220694,3.00890580585037,3.00890580585037,0,0,5.85356518220694,0.817743873391467,1,2.73001660575,1,0.555555555555556,6.08513950684012,1383.87152013665,1287.57397104192,1279,1190,1382.24852773618,1285.95097864144,3.24598480094601,3.24598480094601
um,O_O_A6_002.png,1,106,0,59.7063648585108,59.7063648585108,15.1458412371736,5.4032947200815,0.934199491766165,84.6829556630013,64.3892170042764,0.634176455267554,1,8.71897383929106,0.927272727272727,0.728571428571429,30.9969908591671,1390.32105856467,969.849341114025,1284.96078431373,896.352941176471,1387.65850240442,962.434493480492,5.40997466824335,15.1479290710814
um,O_O_A6_002.png,1,107,0,5.85356518220694,5.85356518220694,3.00890580585037,3.00890580585037,0,0,5.85356518220694,0.817743873391467,1,2.73001660575,1,0.555555555555556,6.08513950684012,1405.51141880962,792.020291430826,1299,732,1403.88842640915,790.397299030353,3.24598480094601,3.24598480094601
um,O_O_A6_002.png,1,108,0,5.85356518220694,5.85356518220694,3.00890580585037,3.00890580585037,0,0,5.85356518220694,0.817743873391467,1,2.73001660575,1,0.555555555555556,6.08513950684012,1416.33136814611,785.528321828934,1309,726,1414.70837574564,783.905329428461,3.24598480094601,3.24598480094601
um,O_O_A6_002.png,1,109,0,5.85356518220694,5.85356518220694,3.00890580585037,3.00890580585037,0,0,5.85356518220694,0.817743873391467,1,2.73001660575,1,0.555555555555556,6.08513950684012,1422.823337748,781.200342094339,1315,722,1421.20034534753,779.577349693866,3.24598480094601,3.24598480094601
um,O_O_A6_002.png,1,110,0,15.2192694737381,15.2192694737381,7.39443608640803,3.03030499587368,0.912171445288484,33.5290053750139,17.5606955466208,0.639286792694365,1,4.40201950653833,0.866666666666667,0.433333333333333,13.8971429277835,1429.89792000647,775.873597805608,1321.53846153846,717.076923076923,1426.61032001577,773.085380091974,6.49196960189202,5.40997466824335
um,O_O_A6_002.png,1,111,0,19.9021216195036,19.9021216195036,7.65885640529818,3.59277024991405,0.883145006781331,-72.3443932801834,22.2435476923864,0.763287328043639,1,5.033901893172,0.894736842105263,0.607142857142857,14.7021471584181,1458.08364323279,951.073546677181,1347.58823529412,879,1455.82418322428,947.28656440941,4.32797973459468,7.57396453554069
um,O_O_A6_002.png,1,112,0,11.7071303644139,11.7071303644139,4.5047041299421,3.62965894220845,0.59225774015139,45,11.7071303644139,0.907474877945258,1,3.86082650935542,1,0.625,9.33328829765342,1459.28656701196,1017.8326340833,1348.7,940.7,1456.90617815793,1015.45224522928,4.32797973459468,4.32797973459468
um,O_O_A6_002.png,1,113,0,37.4628171661244,37.4628171661244,10.4530641473141,4.7266380348076,0.891928088068604,90,37.4628171661244,0.761907080867926,1,6.90645641940155,1,0.8,21.4581235241204,1466.50888319407,988.40237188806,1355.375,913.5,1464.48014269347,982.992397219816,4.32797973459468,10.8199493364867
um,O_O_A6_002.png,1,114,0,5.85356518220694,5.85356518220694,3.00890580585037,3.00890580585037,0,0,5.85356518220694,0.817743873391467,1,2.73001660575,1,0.555555555555556,6.08513950684012,1520.20288177638,1103.63483232164,1405,1020,1518.57988937591,1102.01183992117,3.24598480094601,3.24598480094601
um,O_O_A6_002.png,1,115,0,67.9013561136006,67.9013561136006,16.9967865952094,5.27453912427564,0.950630307146891,-86.2462045723345,73.7549212958075,0.599850571198309,1,9.29810151294236,0.920634920634921,0.725,34.3165513156012,1528.50439462937,669.288486801954,1412.6724137931,618.568965517241,1526.15385391145,660.557906992513,5.40997466824335,17.3119189383787
um,O_O_A6_002.png,1,116,0,18.7314085830622,18.7314085830622,5.44592173923281,4.5047041299421,0.561951486949017,90,18.7314085830622,1,1,4.8836021681282,1,0.8,11.6595774049981,1533.72781844699,570.211330032849,1417.5,527,1531.56382857969,567.506342698727,4.32797973459468,5.40997466824335
um,O_O_A6_002.png,1,117,0,9.36570429153111,9.36570429153111,4.75749780569578,2.93005613152778,0.787838597158335,-45,9.36570429153111,0.750003552471025,1,3.45322820970078,1,0.5,9.12770926026018,1534.80981338064,1076.0439615136,1418.5,994.5,1532.64582351334,1073.8799716463,4.32797973459468,4.32797973459468
um,O_O_A6_002.png,1,118,0,35.1213910932417,35.1213910932417,9.23099453367011,5.08995266867173,0.834242264943354,-63.4269056169127,37.4628171661244,0.815435958812508,1,6.68714767341238,0.9375,0.625,19.8654269817896,1546.17076018395,1292.94787921237,1429,1194.96666666667,1543.46577284983,1288.11496850874,6.49196960189202,8.65595946918936
um,O_O_A6_002.png,1,119,0,70.2427821864833,70.2427821864833,21.346026030111,4.72447754477285,0.975199378249295,-88.0025803078344,83.1206255873386,0.439745242662661,1,9.45705493333148,0.845070422535211,0.631578947368421,41.403618131,1587.16033492034,312.750635571148,1466.88333333333,289.05,1584.58158032848,302.417583954803,5.40997466824335,20.5579037393247
um,O_O_A6_002.png,1,120,0,5.85356518220694,5.85356518220694,3.00890580585037,3.00890580585037,0,0,5.85356518220694,0.817743873391467,1,2.73001660575,1,0.555555555555556,6.08513950684012,1589.4505575299,660.016909525688,1469,610,1587.82756512942,658.393917125215,3.24598480094601,3.24598480094601
um,O_O_A6_002.png,1,121,0,5.85356518220694,5.85356518220694,3.00890580585037,3.00890580585037,0,0,5.85356518220694,0.817743873391467,1,2.73001660575,1,0.555555555555556,6.08513950684012,1599.18851193273,643.786985520958,1478,595,1597.56551953226,642.163993120485,3.24598480094601,3.24598480094601
um,O_O_A6_002.png,1,122,0,30.4385389474761,30.4385389474761,9.41782094527877,4.36853970491225,0.885909112872533,-86.8462750675829,31.6092519839175,0.752901673853019,1,6.22539568797743,0.962962962962963,0.722222222222222,19.140490376245,1662.77652187947,266.045908108306,1536.76923076923,245.884615384615,1660.32122568388,261.301776476154,4.32797973459468,9.73795440283803
um,O_O_A6_002.png,1,123,0,15346.8771947102,15454.5827940628,311.508140523535,88.5696425647192,0.958727870227314,-82.3932722390308,22029.3072067176,0.274545092846384,-9,139.786447599541,0.696657277993304,0.523857097186701,834.724467472072,1711.7853172272,734.366857062967,1582.06407811427,678.71561522618,1664.64920541848,552.358413627646,99.5435338956776,294.302621952438
um,O_O_A6_002.png,1,124,0,16.3899825101794,16.3899825101794,6.19312433295289,3.50208691535766,0.824762122153737,90,16.3899825101794,0.86255066866221,1,4.56819153161053,1,0.777777777777778,12.0534235608462,1681.42012689003,489.602707476023,1554,452.5,1679.79713448956,486.356722675077,3.24598480094601,6.49196960189202
um,O_O_A6_002.png,1,125,0,19.9021216195036,19.9021216195036,6.23194600179057,4.41664553387482,0.705499422183743,55.6153055700231,19.9021216195036,0.817274725496373,1,5.033901893172,1,0.566666666666667,14.0940660057076,1683.96599732215,548.062257273453,1556.35294117647,506.529411764706,1680.87912942321,544.784449092105,5.40997466824335,6.49196960189202
um,O_O_A6_002.png,1,126,0,151.021981700939,151.021981700939,20.0794820130697,10.5398494826966,0.851159929740581,84.2312812922481,168.58267724756,0.689506443958969,1,13.8667645550758,0.895833333333333,0.586363636363636,49.0641422612326,1721.87331731629,582.809441585874,1591.38759689922,538.643410852713,1715.50296729997,572.916317366971,11.9019442701354,21.6398986729734
um,O_O_A6_002.png,1,127,0,87.8034777331042,87.8034777331042,15.5354413432075,7.71641656985862,0.867923663243667,66.3093758382352,95.9984689881939,0.714714663197611,1,10.5733088489395,0.914634146341463,0.555555555555556,35.8919359389937,1766.0754104987,674.674334226849,1632.24,623.546666666667,1760.94675451321,665.967881660756,9.73795440283803,16.22992400473
um,O_O_A6_002.png,1,128,0,5.85356518220694,5.85356518220694,3.00890580585037,3.00890580585037,0,0,5.85356518220694,0.817743873391467,1,2.73001660575,1,0.555555555555556,6.08513950684012,1770.14371144922,663.262894326635,1636,613,1768.52071904875,661.639901926161,3.24598480094601,3.24598480094601
um,O_O_A6_002.png,1,129,0,523.308727289301,523.308727289301,43.2859338323505,21.6986146333897,0.865281897977061,-71.4647142293751,760.963473686903,0.30658587595837,1,25.8127365013818,0.687692307692308,0.440828402366864,143.057042147292,1836.18413152693,655.829322869733,1697.03579418345,606.129753914989,1822.62046573118,635.672023518593,28.1318682748654,42.1978024122981
um,O_O_A6_002.png,1,130,0,159.216972956029,159.216972956029,28.3356336914366,7.50493194832864,0.96428730303267,83.9946279626127,183.801946721298,0.530219892806671,1,14.2380246579589,0.866242038216561,0.68,58.0295522814455,1846.51982441266,611.462386878204,1706.58823529412,565.125,1842.09637453686,597.80220084089,8.65595946918936,27.0498733412167
um,O_O_A6_002.png,1,131,0,16.3899825101794,16.3899825101794,5.28166288706108,4.17937510891043,0.611429250513635,65.6423554472856,16.3899825101794,0.958830581424272,1,4.56819153161053,1,0.7,11.2570752896808,1876.56564170881,90.6557183692778,1734.35714285714,83.7857142857143,1874.55622254632,88.1825870923666,4.32797973459468,5.40997466824335
um,O_O_A6_002.png,1,132,0,5.85356518220694,5.85356518220694,3.00890580585037,3.00890580585037,0,0,5.85356518220694,0.817743873391467,1,2.73001660575,1,0.555555555555556,6.08513950684012,1882.67118454869,1051.69907550651,1740,972,1881.04819214821,1050.07608310603,3.24598480094601,3.24598480094601
um,O_O_A6_002.png,1,133,0,44.4870953847728,44.4870953847728,8.26837555561039,7.08193455120667,0.516132796620327,20.3626173211147,47.9992344940969,0.939609077338126,1,7.52613639753478,0.926829268292683,0.678571428571429,20.9928657026515,1890.41599038954,179.440317680366,1747.15789473684,165.842105263158,1886.45816681646,175.824176717909,8.65595946918936,7.57396453554069
um,O_O_A6_002.png,1,134,0,421.4566931189,421.4566931189,41.8320488050672,14.7524555296348,0.935751842737536,-88.6998359672339,526.820866398625,0.519566523031826,1,23.1649590561325,0.8,0.592105263157895,97.5634831671005,1900.86673268288,419.339158701471,1756.81666666667,387.561111111111,1890.78614655105,396.551143182237,17.3119189383787,41.1158074786494
um,O_O_A6_002.png,1,135,0,18.7314085830622,18.7314085830622,5.44592173923281,4.5047041299421,0.561951486949017,90,18.7314085830622,1,1,4.8836021681282,1,0.8,11.6595774049981,1896.19612121929,337.582419298385,1752.5,312,1894.032131352,334.877431964263,4.32797973459468,5.40997466824335
um,O_O_A6_002.png,1,136,0,11.7071303644139,11.7071303644139,4.5047041299421,3.62965894220845,0.592257740151389,-45,11.7071303644139,0.907474877945258,1,3.86082650935542,1,0.625,9.33328829765342,1896.41252020602,343.316992446723,1752.7,317.3,1894.032131352,341.369401566155,4.32797973459468,4.32797973459468
um,O_O_A6_002.png,1,137,0,45.6578084212142,45.6578084212142,8.05974964753895,7.35677881437326,0.408451406296697,90,45.6578084212142,0.974336903544833,1,7.62452144123367,1,0.795918367346939,20.8673542903482,1916.65692284919,797.43026609907,1771.41025641026,737,1912.42604522402,793.643283831299,7.57396453554069,7.57396453554069
um,O_O_A6_002.png,1,138,0,5.85356518220694,5.85356518220694,3.00890580585037,3.00890580585037,0,0,5.85356518220694,0.817743873391467,1,2.73001660575,1,0.555555555555556,6.08513950684012,1917.29502242544,693.558752468797,1772,641,1915.67203002497,691.935760068324,3.24598480094601,3.24598480094601
um,O_O_A6_002.png,1,139,0,1032.5688981413,1032.5688981413,99.0285057206182,18.002195300679,0.983337743744786,-86.538951252905,1477.43985198903,0.237032567087318,1,36.2588962018582,0.698890649762282,0.471910112359551,230.570956370664,1997.08662839972,543.085398090854,1845.74489795918,501.92970521542,1984.91970577848,490.684702409672,22.7218936066221,96.2975490947316
um,O_O_A6_002.png,1,140,0,1159.00590607697,1159.00590607697,86.23801679454,21.2143319242812,0.969270476341021,-86.7256771153751,1587.48687741452,0.374790344602167,1,38.4147387365685,0.730088495575221,0.559006211180124,193.731192869794,2002.53764348598,957.643113895526,1850.78282828283,885.071717171717,1988.16569057943,913.744721466301,24.8858834739194,83.3136098909476
um,O_O_A6_002.png,1,141,0,1126.22594105662,1126.22594105662,106.278790470465,16.0132786689798,0.988583751064842,-83.8159983295474,1409.53849587543,0.245082824720792,1,37.8676036271092,0.799003322259136,0.476237623762376,236.904954712243,1999.66273030059,1239.16425800743,1848.12577962578,1145.25883575884,1989.24768551308,1180.99747007752,21.6398986729734,109.281488298516
um,O_O_A6_002.png,1,142,0,18.7314085830622,18.7314085830622,5.44592173923281,4.5047041299421,0.561951486949017,90,18.7314085830622,1,1,4.8836021681282,1,0.8,11.6595774049981,1998.98563991592,653.524939923796,1847.5,604,1996.82165004862,650.819952589675,4.32797973459468,5.40997466824335
um,O_O_A6_002.png,1,143,0,9.36570429153111,9.36570429153111,3.95088688177121,3.30554912333583,0.547722557505166,90,9.36570429153111,0.936368556122002,1,3.45322820970078,1,0.666666666666667,7.81200342094339,2002.77262218369,1122.56974366049,1851,1037.5,2001.14962978321,1120.4057537932,3.24598480094601,4.32797973459468
um,O_O_A6_002.png,1,144,0,28.0971128745933,28.0971128745933,6.6973309285735,5.48077302566471,0.574717566567462,70.3951160037717,28.0971128745933,1,1,5.98116670933186,1,0.8,15.3015723516595,2043.75318029563,85.8382647361278,1888.875,79.3333333333333,2041.18344232822,82.7726124241232,5.40997466824335,6.49196960189202
um,O_O_A6_002.png,1,145,0,15.2192694737381,15.2192694737381,4.66189198519548,4.66189198519548,0,0,15.2192694737381,0.788962236820238,1,4.40201950653833,1,0.52,12.1702790136802,2050.38039926423,128.757397104192,1895,119,2047.67541193011,126.05240977007,5.40997466824335,5.40997466824335
um,O_O_A6_002.png,1,146,0,12.8778434008553,12.8778434008553,5.03993306260274,3.43192113395002,0.732333837236824,90,12.8778434008553,0.910476739226441,1,4.04926900426184,1,0.733333333333333,9.93271349089479,2065.52832833531,715.198651141771,1909,661,2063.90533593484,712.493663807649,3.24598480094601,5.40997466824335
um,O_O_A6_002.png,1,147,0,11.7071303644139,11.7071303644139,4.5047041299421,3.62965894220845,0.592257740151389,45,11.7071303644139,0.907474877945258,1,3.86082650935542,1,0.625,9.33328829765342,2068.0169166827,98.7861374421235,1911.3,91.3,2066.06932580213,96.8385465615559,4.32797973459468,4.32797973459468
um,O_O_A6_002.png,1,148,0,23.4142607288278,23.4142607288278,9.21920180611825,3.59293012997346,0.920932350275815,66.6576578410519,25.7556868017106,0.658142516449779,1,5.46003321150001,0.909090909090909,0.5,17.7447169118382,2069.53170958981,1171.25951567468,1912.7,1082.5,2067.15132073578,1166.93153594009,5.40997466824335,8.65595946918936
um,O_O_A6_002.png,1,149,0,22.2435476923864,22.2435476923864,5.83904528439413,5.02728205941277,0.508644361881473,-45,22.2435476923864,1,1,5.32178208283174,1,0.76,13.1808622817081,2073.27313417616,970.378614177544,1916.15789473684,896.842105263158,2070.39730553673,967.844468148735,5.40997466824335,5.40997466824335
um,O_O_A6S_001.png,2,1,0,9.36570429153111,9.36570429153111,3.95088688177121,3.30554912333583,0.547722557505166,90,9.36570429153111,0.936368556122002,1,3.45322820970078,1,0.666666666666667,7.81200342094339,100.625528829326,393.305158381291,93,363.5,99.0025364288533,391.141168513994,3.24598480094601,4.32797973459468
um,O_O_A6S_001.png,2,2,0,12.8778434008553,12.8778434008553,5.03993306260274,3.43192113395002,0.732333837236824,90,12.8778434008553,0.910476739226441,1,4.04926900426184,1,0.733333333333333,9.93271349089479,128.757397104192,1115.53677659178,119,1031,127.134404703719,1112.83178925766,3.24598480094601,5.40997466824335
um,O_O_A6S_001.png,2,3,0,14.0485564372967,14.0485564372967,5.4056670829999,3.59505670326093,0.746795899354174,-53.3496221169968,14.0485564372967,0.868925714063477,1,4.22932353957578,1,0.6,10.8545731743635,129.298394571016,1127.43872086191,119.5,1042,127.134404703719,1124.73373352779,4.32797973459468,5.40997466824335
um,O_O_A6S_001.png,2,4,0,5.85356518220694,5.85356518220694,3.00890580585037,3.00890580585037,0,0,5.85356518220694,0.817743873391467,1,2.73001660575,1,0.555555555555556,6.08513950684012,178.52916405203,563.719360430957,165,521,176.906171651557,562.096368030484,3.24598480094601,3.24598480094601
um,O_O_A6S_001.png,2,5,0,14.0485564372967,14.0485564372967,4.8388284458976,4.0804584255598,0.53748384988657,90,14.0485564372967,0.845404939381118,1,4.22932353957578,1,0.6,11.0514962522875,204.316709970657,630.803046317174,188.833333333333,583,201.792055125477,628.098058983053,4.32797973459468,5.40997466824335
um,O_O_A6S_001.png,2,6,0,5.85356518220694,5.85356518220694,3.00890580585037,3.00890580585037,0,0,5.85356518220694,0.817743873391467,1,2.73001660575,1,0.555555555555556,6.08513950684012,206.661032326896,126.593407236894,191,117,205.038039926423,124.970414836421,3.24598480094601,3.24598480094601
um,O_O_A6S_001.png,2,7,0,5.85356518220694,5.85356518220694,3.00890580585037,3.00890580585037,0,0,5.85356518220694,0.817743873391467,1,2.73001660575,1,0.555555555555556,6.08513950684012,231.546915800815,141.741336307976,214,131,229.923923400342,140.118343907503,3.24598480094601,3.24598480094601
um,O_O_A6S_001.png,2,8,0,53.8527996763039,53.8527996763039,10.1535622034115,6.9773410329925,0.726485691865424,-76.1984419540709,56.1942257491867,0.89446259705609,1,8.28055035263787,0.958333333333333,0.73015873015873,24.1068471216924,277.29648419096,807.920912629663,256.282608695652,746.695652173913,273.203720746289,803.381238234137,7.57396453554069,9.73795440283803
um,O_O_A6S_001.png,2,9,0,255.215441944223,259.898294089988,22.5818199898866,15.9940946538931,0.705938579600675,-40.1762892250068,297.361111256113,0.564423061284224,0,18.0263804772463,0.858267716535433,0.637426900584795,71.9807949559114,288.227567829567,514.786387720671,266.385321100917,475.775229357798,278.613695414532,504.750636547104,20.5579037393247,19.4759088056761
um,O_O_A6S_001.png,2,10,0,15.2192694737381,15.2192694737381,5.44567670928331,3.83376744712719,0.710197961544802,70.2059345761585,16.3899825101794,0.89034268275111,1,4.40201950653833,0.928571428571429,0.65,11.2570752896808,290.224333356378,526.681841548368,268.230769230769,486.769230769231,288.35164981737,524.22654535278,4.32797973459468,5.40997466824335
um,O_O_A6S_001.png,2,11,0,9.36570429153111,9.36570429153111,3.95088688177121,3.30554912333583,0.547722557505166,90,9.36570429153111,0.936368556122002,1,3.45322820970078,1,0.666666666666667,7.81200342094339,353.812343303115,795.807273698597,327,735.5,352.189350902642,793.643283831299,3.24598480094601,4.32797973459468
um,O_O_A6S_001.png,2,12,0,49.1699475305383,49.1699475305383,17.1766549921123,3.94055876033271,0.973329022843018,-84.7465326077765,55.0235127127453,0.502472165906197,1,7.91233983145532,0.893617021276596,0.7,31.6678277180293,356.749186694447,1168.47724298816,329.714285714286,1079.92857142857,354.353340769939,1160.4395663382,4.32797973459468,16.22992400473
um,O_O_A6S_001.png,2,13,0,9.36570429153111,9.36570429153111,3.95088688177121,3.30554912333583,0.547722557505166,90,9.36570429153111,0.936368556122002,1,3.45322820970078,1,0.666666666666667,7.81200342094339,357.058328104061,809.873207836029,330,748.5,355.435335703588,807.709217968732,3.24598480094601,4.32797973459468
um,O_O_A6S_001.png,2,14,0,5.85356518220694,5.85356518220694,3.00890580585037,3.00890580585037,0,0,5.85356518220694,0.817743873391467,1,2.73001660575,1,0.555555555555556,6.08513950684012,415.486054521089,258.596789142032,384,239,413.863062120616,256.973796741559,3.24598480094601,3.24598480094601
um,O_O_A6S_001.png,2,15,0,5.85356518220694,5.85356518220694,3.00890580585037,3.00890580585037,0,0,5.85356518220694,0.817743873391467,1,2.73001660575,1,0.555555555555556,6.08513950684012,418.732039322035,260.760779009329,387,241,417.109046921562,259.137786608856,3.24598480094601,3.24598480094601
um,O_O_A6S_001.png,2,16,0,9.36570429153111,9.36570429153111,3.95088688177121,3.30554912333583,0.547722557505166,0,9.36570429153111,0.936368556122002,1,3.45322820970078,1,0.666666666666667,7.81200342094339,424.683011457103,718.444635942717,392.5,664,422.519021589806,716.821643542244,4.32797973459468,3.24598480094601
um,O_O_A6S_001.png,2,17,0,19.9021216195036,19.9021216195036,7.37899951032071,3.54674870160695,0.876910104976049,90,19.9021216195036,0.809844351494583,1,5.033901893172,1,0.80952380952381,14.1741336307976,427.387998791225,724.936605544609,395,670,425.765006390751,721.149623276838,3.24598480094601,7.57396453554069
um,O_O_A6S_001.png,2,18,0,5.85356518220694,5.85356518220694,3.00890580585037,3.00890580585037,0,0,5.85356518220694,0.817743873391467,1,2.73001660575,1,0.555555555555556,6.08513950684012,430.633983592171,539.915471890686,398,499,429.010991191697,538.292479490213,3.24598480094601,3.24598480094601
um,O_O_A6S_001.png,2,19,0,59.7063648585108,59.7063648585108,13.4210937963339,6.17437264280562,0.887893070321083,83.1918937206016,64.3892170042764,0.702992119906347,1,8.71897383929106,0.927272727272727,0.653846153846154,29.2701269450638,432.458524068519,995.265614261302,399.686274509804,919.843137254902,429.010991191697,988.40237188806,6.49196960189202,14.0659341374327
um,O_O_A6S_001.png,2,20,0,11.7071303644139,11.7071303644139,4.5047041299421,3.62965894220845,0.59225774015139,45,11.7071303644139,0.907474877945258,1,3.86082650935542,1,0.625,9.33328829765342,436.368556740508,1039.03973478282,403.3,960.3,434.420965859941,1037.09214390225,4.32797973459468,4.32797973459468
um,O_O_A6S_001.png,2,21,0,5.85356518220694,5.85356518220694,3.00890580585037,3.00890580585037,0,0,5.85356518220694,0.817743873391467,1,2.73001660575,1,0.555555555555556,6.08513950684012,437.125953194063,1119.86475632637,404,1035,435.50296079359,1118.2417639259,3.24598480094601,3.24598480094601
um,O_O_A6S_001.png,2,22,0,25.7556868017106,25.7556868017106,9.94148169160813,3.60564491471594,0.931911064234535,81.0725485008957,29.2678259110347,0.637070647106401,1,5.7265311435241,0.88,0.611111111111111,19.140490376245,439.535851000826,964.155849056751,406.227272727273,891.090909090909,437.666950660887,959.188508679546,4.32797973459468,9.73795440283803
um,O_O_A6S_001.png,2,23,0,25.7556868017106,25.7556868017106,8.08836272795404,4.41316742308037,0.838033111949207,88.2615059637489,28.0971128745933,0.807109911078623,1,5.7265311435241,0.916666666666667,0.785714285714286,16.6259341504455,441.060480225512,928.400834658452,407.636363636364,858.045454545455,438.748945594536,924.564670802788,4.32797973459468,7.57396453554069
um,O_O_A6S_001.png,2,24,0,5.85356518220694,5.85356518220694,3.00890580585037,3.00890580585037,0,0,5.85356518220694,0.817743873391467,1,2.73001660575,1,0.555555555555556,6.08513950684012,440.371937995009,1091.73288805151,407,1009,438.748945594536,1090.10989565103,3.24598480094601,3.24598480094601
um,O_O_A6S_001.png,2,25,0,9.36570429153111,9.36570429153111,3.95088688177121,3.30554912333583,0.547722557505166,90,9.36570429153111,0.936368556122002,1,3.45322820970078,1,0.666666666666667,7.81200342094339,446.863907596901,749.281491551704,413,692.5,445.240915196428,747.117501684406,3.24598480094601,4.32797973459468
um,O_O_A6S_001.png,2,26,0,23.4142607288278,23.4142607288278,6.14038178620291,5.1049533041784,0.555713413086475,-63.9880171519217,23.4142607288278,0.939292991380644,1,5.46003321150001,1,0.666666666666667,14.2996450431008,576.865598874788,780.875743614245,533.15,721.7,573.998312300619,777.413359826569,5.40997466824335,6.49196960189202
um,O_O_A6S_001.png,2,27,0,9.36570429153111,9.36570429153111,3.95088688177121,3.30554912333583,0.547722557505166,90,9.36570429153111,0.936368556122002,1,3.45322820970078,1,0.666666666666667,7.81200342094339,597.261203374066,1200.4733788832,552,1109.5,595.638210973593,1198.3093890159,3.24598480094601,4.32797973459468
um,O_O_A6S_001.png,2,28,0,5.85356518220694,5.85356518220694,3.00890580585037,3.00890580585037,0,0,5.85356518220694,0.817743873391467,1,2.73001660575,1,0.555555555555556,6.08513950684012,599.425193241363,1147.99662460124,554,1061,597.80220084089,1146.37363220077,3.24598480094601,3.24598480094601
um,O_O_A6S_001.png,2,29,0,17.5606955466208,17.5606955466208,6.36490392226832,3.77164903924554,0.80551920027818,66.0880198553788,17.5606955466208,0.843191481122624,1,4.72852746666574,1,0.625,12.7783601663908,624.960273675472,34.1189069077214,577.6,31.5333333333333,622.688084314809,30.8368556089871,4.32797973459468,6.49196960189202
um,O_O_A6S_001.png,2,30,0,193.167651012829,193.167651012829,25.3283902042184,11.4443346759875,0.892099896548362,68.8393677988722,252.87401587134,0.519379944041803,1,15.68275141782,0.763888888888889,0.535714285714286,64.9651398061334,632.967036184472,32.348369743569,585,29.8969696969697,624.852074182107,20.0169062725004,15.1479290710814,23.8038885402707
um,O_O_A6S_001.png,2,31,0,9.36570429153111,9.36570429153111,3.95088688177121,3.30554912333583,0.547722557505166,90,9.36570429153111,0.936368556122002,1,3.45322820970078,1,0.666666666666667,7.81200342094339,655.688929791094,644.327982987783,606,595.5,654.065937390621,642.163993120485,3.24598480094601,4.32797973459468
um,O_O_A6S_001.png,2,32,0,21.072834655945,21.072834655945,6.2856372062119,4.43748420985066,0.708239690230453,77.7641897331475,21.072834655945,0.940818022409032,1,5.17984231455116,1,0.75,13.3777853596322,660.678128651807,1028.67662775165,610.611111111111,950.722222222222,658.393917125215,1025.19019963211,4.32797973459468,6.49196960189202
um,O_O_A6S_001.png,2,33,0,9.36570429153111,9.36570429153111,3.95088688177121,3.30554912333583,0.547722557505166,90,9.36570429153111,0.936368556122002,1,3.45322820970078,1,0.666666666666667,7.81200342094339,664.344889260283,49.2307694810145,614,45.5,662.72189685981,47.0667796137171,3.24598480094601,4.32797973459468
um,O_O_A6S_001.png,2,34,0,9.36570429153111,9.36570429153111,3.95088688177121,3.30554912333583,0.547722557505166,90,9.36570429153111,0.936368556122002,1,3.45322820970078,1,0.666666666666667,7.81200342094339,718.444635942717,563.178362964133,664,520.5,716.821643542244,561.014373096835,3.24598480094601,4.32797973459468
um,O_O_A6S_001.png,2,35,0,9.36570429153111,9.36570429153111,3.95088688177121,3.30554912333583,0.547722557505166,0,9.36570429153111,0.936368556122002,1,3.45322820970078,1,0.666666666666667,7.81200342094339,723.313613144136,428.469993724873,668.5,396,721.149623276838,426.8470013244,4.32797973459468,3.24598480094601
um,O_O_A6S_001.png,2,36,0,14.0485564372967,14.0485564372967,4.32797973459468,4.32797973459468,0,0,14.0485564372967,1,1,4.22932353957578,1,0.75,9.53886733504667,728.723587812379,894.268812660625,673.5,826.5,726.559597945082,892.104822793328,4.32797973459468,4.32797973459468
um,O_O_A6S_001.png,2,37,0,9.36570429153111,9.36570429153111,3.95088688177121,3.30554912333583,0.547722557505166,90,9.36570429153111,0.936368556122002,1,3.45322820970078,1,0.666666666666667,7.81200342094339,734.674559947447,1235.09721675996,679,1141.5,733.051567546974,1232.93322689266,3.24598480094601,4.32797973459468
um,O_O_A6S_001.png,2,38,0,28.0971128745933,28.0971128745933,6.6973309285735,5.48077302566471,0.574717566567462,70.3951160037717,28.0971128745933,1,1,5.98116670933186,1,0.8,15.3015723516595,928.216403703852,785.888986806817,857.875,726.333333333333,925.646665736437,782.823334494812,5.40997466824335,6.49196960189202
um,O_O_A6S_001.png,2,39,0,5.85356518220694,5.85356518220694,3.00890580585037,3.00890580585037,0,0,5.85356518220694,0.817743873391467,1,2.73001660575,1,0.555555555555556,6.08513950684012,949.991551743532,585.35925910393,878,541,948.368559343059,583.736266703457,3.24598480094601,3.24598480094601
um,O_O_A6S_001.png,2,40,0,16.3899825101794,16.3899825101794,5.28166288706108,4.17937510891043,0.611429250513635,-65.6423554472856,16.3899825101794,0.958830581424272,1,4.56819153161053,1,0.7,11.2570752896808,951.459973439198,399.48798657357,879.357142857143,369.214285714286,949.450554276708,396.551143182237,4.32797973459468,5.40997466824335
um,O_O_A6S_001.png,2,41,0,18.7314085830622,18.7314085830622,6.60748652256487,3.87281847635832,0.810220043907183,78.5831729110412,19.9021216195036,0.836282686585807,1,4.8836021681282,0.941176470588235,0.666666666666667,13.3777853596322,974.674561167392,1146.64413093418,900.8125,1059.75,972.17244788333,1143.12764739982,4.32797973459468,6.49196960189202
um,O_O_A6S_001.png,2,42,0,9.36570429153111,9.36570429153111,3.95088688177121,3.30554912333583,0.547722557505166,90,9.36570429153111,0.936368556122002,1,3.45322820970078,1,0.666666666666667,7.81200342094339,973.795440283803,1156.1115866036,900,1068.5,972.17244788333,1153.94759673631,3.24598480094601,4.32797973459468
um,O_O_A6S_001.png,2,43,0,9.36570429153111,9.36570429153111,3.95088688177121,3.30554912333583,0.547722557505166,0,9.36570429153111,0.936368556122002,1,3.45322820970078,1,0.666666666666667,7.81200342094339,1023.02620976482,19.4759088056761,945.5,18,1020.86221989752,17.8529164052031,4.32797973459468,3.24598480094601
um,O_O_A6S_001.png,2,44,0,153.363407773822,153.363407773822,15.8578241258809,12.6964201729234,0.599144717348301,-80.9558177614619,163.899825101794,0.903649320529432,1,13.9738454082251,0.935714285714286,0.671794871794872,42.7820796764684,1056.15920729407,1265.59543273322,976.12213740458,1169.68702290076,1048.99408817239,1256.73711543293,14.0659341374327,16.22992400473
um,O_O_A6S_001.png,2,45,0,19.9021216195036,19.9021216195036,5.29200266858249,5.06675122654772,0.288647295727437,90,19.9021216195036,0.955617011938973,1,5.033901893172,1,0.68,12.7783601663908,1053.48118480899,1234.55621929313,973.647058823529,1141,1051.15807803968,1231.85123195901,5.40997466824335,5.40997466824335
um,O_O_A6S_001.png,2,46,0,11.7071303644139,11.7071303644139,4.5047041299421,3.62965894220845,0.592257740151389,-45,11.7071303644139,0.907474877945258,1,3.86082650935542,1,0.625,9.33328829765342,1100.71344600079,350.241760022074,1017.3,323.7,1098.76585512022,347.861371168047,4.32797973459468,4.32797973459468
um,O_O_A6S_001.png,2,47,0,468.285214576556,616.965770204612,36.9947015669655,26.067805327345,0.709568776577659,19.3747817286782,680.184274172447,0.573626418375238,-1,24.418010840641,0.688468158347676,0.555555555555556,97.8859176573278,1127.86069888604,844.616065155488,1042.39,780.61,1112.83178925766,832.595101442651,32.4598480094601,25.9678784075681
um,O_O_A6S_001.png,2,48,0,28.0971128745933,28.0971128745933,6.7275717152399,5.60838680101354,0.552305080135121,65.5421797603426,29.2678259110347,0.935660662631044,1,5.98116670933186,0.96,0.666666666666667,16.0265089572041,1195.2437367039,333.570021419438,1104.66666666667,308.291666666667,1191.81741941401,330.549452229669,6.49196960189202,6.49196960189202
um,O_O_A6S_001.png,2,49,0,35.1213910932417,35.1213910932417,13.6214906802939,3.57768023516531,0.964891259685456,90,37.4628171661244,0.502821348112328,1,6.68714767341238,0.9375,0.833333333333333,26.2275571916437,1198.85038648273,1072.61764422371,1108,991.333333333333,1197.22739408225,1066.30600711076,3.24598480094601,12.983939203784
um,O_O_A6S_001.png,2,50,0,26.9263998381519,26.9263998381519,9.79961237495622,3.60037188063376,0.930063260130472,90,26.9263998381519,0.711030168770743,1,5.85523330630689,1,0.851851851851852,18.4155537707004,1199.93238141637,1085.24091844962,1109,1003,1198.3093890159,1080.3719412482,3.24598480094601,9.73795440283803
um,O_O_A6S_001.png,2,51,0,15.2192694737381,15.2192694737381,8.46306205618923,3.22710999723486,0.924444316745619,-74.7672275402701,19.9021216195036,0.462326458106206,1,4.40201950653833,0.764705882352941,0.464285714285714,16.9397126812036,1203.84420925341,1125.44119175364,1112.61538461538,1040.15384615385,1201.55537381685,1121.48774872685,4.32797973459468,7.57396453554069
um,O_O_A6S_001.png,2,52,0,5.85356518220694,5.85356518220694,3.00890580585037,3.00890580585037,0,0,5.85356518220694,0.817743873391467,1,2.73001660575,1,0.555555555555556,6.08513950684012,1230.22823955854,20.5579037393247,1137,19,1228.60524715806,18.9349113388517,3.24598480094601,3.24598480094601
um,O_O_A6S_001.png,2,53,0,5.85356518220694,5.85356518220694,3.00890580585037,3.00890580585037,0,0,5.85356518220694,0.817743873391467,1,2.73001660575,1,0.555555555555556,6.08513950684012,1241.04818889502,370.042267307845,1147,342,1239.42519649455,368.419274907372,3.24598480094601,3.24598480094601
um,O_O_A6S_001.png,2,54,0,64.3892170042764,64.3892170042764,18.6590513995937,4.73228657022242,0.967304241128228,-84.0278499341916,72.5842082593661,0.545542892100216,1,9.05444075271237,0.887096774193548,0.6875,35.1128995867666,1248.44509971415,337.700455109328,1153.83636363636,312.109090909091,1245.91716609644,329.46745729602,5.40997466824335,17.3119189383787
um,O_O_A6S_001.png,2,55,0,11.7071303644139,11.7071303644139,4.5047041299421,3.62965894220845,0.59225774015139,45,11.7071303644139,0.907474877945258,1,3.86082650935542,1,0.625,9.33328829765342,1253.70752961871,1207.18174747182,1158.7,1115.7,1251.32714076469,1204.80135861779,4.32797973459468,4.32797973459468
um,O_O_A6S_001.png,2,56,0,30.4385389474761,30.4385389474761,7.55672001241388,5.33930011603893,0.707649965623366,-86.6612989109794,31.6092519839175,0.953857167638373,1,6.22539568797743,0.962962962962963,0.742857142857143,16.6259341504455,1261.2731711163,413.363679843548,1165.69230769231,382.038461538462,1258.90110530023,409.535082386021,5.40997466824335,7.57396453554069
um,O_O_A6S_001.png,2,57,0,204.874781377243,204.874781377243,22.8498765487604,13.2219547299382,0.815579901715084,89.2981297919329,235.313320324719,0.63355950551561,1,16.1509960488038,0.870646766169154,0.634057971014493,60.3471854293209,1268.17225617455,785.775634956625,1172.06857142857,726.228571428571,1262.14709010117,772.003385158326,12.983939203784,24.8858834739194
um,O_O_A6S_001.png,2,58,0,5.85356518220694,5.85356518220694,3.00890580585037,3.00890580585037,0,0,5.85356518220694,0.817743873391467,1,2.73001660575,1,0.555555555555556,6.08513950684012,1272.42604197084,770.380392757853,1176,712,1270.80304957036,768.75740035738,3.24598480094601,3.24598480094601
um,O_O_A6S_001.png,2,59,0,25.7556868017106,25.7556868017106,7.03354960200584,4.95887953537608,0.709175210756043,-25.2455591016029,25.7556868017106,0.858453812773771,1,5.7265311435241,1,0.628571428571429,16.0178529977349,1327.65696517481,615.360027718734,1227.04545454545,568.727272727273,1323.82080131915,612.950129911971,7.57396453554069,5.40997466824335
um,O_O_A6S_001.png,2,60,0,9.36570429153111,9.36570429153111,3.95088688177121,3.30554912333583,0.547722557505166,90,9.36570429153111,0.936368556122002,1,3.45322820970078,1,0.666666666666667,7.81200342094339,1344.9197025253,1262.14709010117,1243,1166.5,1343.29671012482,1259.98310023388,3.24598480094601,4.32797973459468
um,O_O_A6S_001.png,2,61,0,5.85356518220694,5.85356518220694,3.00890580585037,3.00890580585037,0,0,5.85356518220694,0.817743873391467,1,2.73001660575,1,0.555555555555556,6.08513950684012,1347.08369239259,1249.70414836421,1245,1155,1345.46069999212,1248.08115596374,3.24598480094601,3.24598480094601
um,O_O_A6S_001.png,2,62,0,25.7556868017106,25.7556868017106,6.34829972320773,5.39594718156194,0.526810031433486,0,25.7556868017106,0.98778360099765,1,5.7265311435241,1,0.733333333333333,14.7021471584181,1355.19865439496,840.414973917658,1252.5,776.727272727273,1351.95266959401,838.005076110895,6.49196960189202,5.40997466824335
um,O_O_A6S_001.png,2,63,0,5.85356518220694,5.85356518220694,3.00890580585037,3.00890580585037,0,0,5.85356518220694,0.817743873391467,1,2.73001660575,1,0.555555555555556,6.08513950684012,1364.39561133097,861.267967184341,1261,796,1362.7726189305,859.644974783868,3.24598480094601,3.24598480094601
um,O_O_A6S_001.png,2,64,0,5.85356518220694,5.85356518220694,3.00890580585037,3.00890580585037,0,0,5.85356518220694,0.817743873391467,1,2.73001660575,1,0.555555555555556,6.08513950684012,1364.39561133097,894.80981012745,1261,827,1362.7726189305,893.186817726977,3.24598480094601,3.24598480094601
um,O_O_A6S_001.png,2,65,0,5.85356518220694,5.85356518220694,3.00890580585037,3.00890580585037,0,0,5.85356518220694,0.817743873391467,1,2.73001660575,1,0.555555555555556,6.08513950684012,1367.64159613192,873.169911454476,1264,807,1366.01860373145,871.546919054003,3.24598480094601,3.24598480094601
um,O_O_A6S_001.png,2,66,0,44.4870953847728,44.4870953847728,8.64758072533228,6.67019853616655,0.636426987584786,79.6415624722724,44.4870953847728,0.981648475204584,1,7.52613639753478,1,0.791666666666667,20.4648521750309,1392.95458286912,270.128577250656,1287.39473684211,249.657894736842,1389.82249227172,265.629756210748,6.49196960189202,8.65595946918936
um,O_O_A6S_001.png,2,67,0,32.7799650203589,32.7799650203589,9.32849826671981,4.59681469705465,0.870158954775267,-82.3469305129551,32.7799650203589,0.796832936208717,1,6.46039841952153,1,0.777777777777778,19.337413454169,1401.72443654185,332.172444630142,1295.5,307,1399.56044667455,327.303467428723,4.32797973459468,9.73795440283803
um,O_O_A6S_001.png,2,68,0,9.36570429153111,9.36570429153111,3.95088688177121,3.30554912333583,0.547722557505166,90,9.36570429153111,0.936368556122002,1,3.45322820970078,1,0.666666666666667,7.81200342094339,1404.42942387597,261.301776476154,1298,241.5,1402.8064314755,259.137786608856,3.24598480094601,4.32797973459468
um,O_O_A6S_001.png,2,69,0,23.4142607288278,23.4142607288278,8.68653724235396,3.74403068037976,0.902344606481831,80.2024643857758,25.7556868017106,0.692286889872033,1,5.46003321150001,0.909090909090909,0.625,17.2167033842176,1412.21978739824,603.212175509133,1305.2,557.5,1410.38039601104,598.884195774539,4.32797973459468,8.65595946918936
um,O_O_A6S_001.png,2,70,0,5.85356518220694,5.85356518220694,3.00890580585037,3.00890580585037,0,0,5.85356518220694,0.817743873391467,1,2.73001660575,1,0.555555555555556,6.08513950684012,1475.84108949679,871.005921587179,1364,805,1474.21809709631,869.382929186706,3.24598480094601,3.24598480094601
um,O_O_A6S_001.png,2,71,0,16.3899825101794,16.3899825101794,6.19312433295289,3.50208691535766,0.824762122153737,90,16.3899825101794,0.86255066866221,1,4.56819153161053,1,0.777777777777778,12.0534235608462,1478.00507936408,887.776843058733,1366,820.5,1476.38208696361,884.530858257787,3.24598480094601,6.49196960189202
um,O_O_A6S_001.png,2,72,0,12.8778434008553,12.8778434008553,5.03993306260274,3.43192113395002,0.732333837236824,90,12.8778434008553,0.910476739226441,1,4.04926900426184,1,0.733333333333333,9.93271349089479,1481.25106416503,845.038043179611,1369,781,1479.62807176456,842.333055845489,3.24598480094601,5.40997466824335
um,O_O_A6S_001.png,2,73,0,9.36570429153111,9.36570429153111,3.95088688177121,3.30554912333583,0.547722557505166,90,9.36570429153111,0.936368556122002,1,3.45322820970078,1,0.666666666666667,7.81200342094339,1486.66103883327,236.415893002234,1374,218.5,1485.0380464328,234.251903134937,3.24598480094601,4.32797973459468
um,O_O_A6S_001.png,2,74,0,9.36570429153111,9.36570429153111,3.95088688177121,3.30554912333583,0.547722557505166,90,9.36570429153111,0.936368556122002,1,3.45322820970078,1,0.666666666666667,7.81200342094339,1566.72866392327,988.40237188806,1448,913.5,1565.1056715228,986.238382020762,3.24598480094601,4.32797973459468
um,O_O_A6S_001.png,2,75,0,18.7314085830622,18.7314085830622,5.22653207365704,4.93860860221401,0.327326835353989,-71.565051177078,19.9021216195036,0.899404246530798,1,4.8836021681282,0.941176470588235,0.64,12.7783601663908,1575.24937402576,896.297553161217,1455.875,828.375,1572.67963605834,893.186817726977,5.40997466824335,5.40997466824335
um,O_O_A6S_001.png,2,76,0,5.85356518220694,5.85356518220694,3.00890580585037,3.00890580585037,0,0,5.85356518220694,0.817743873391467,1,2.73001660575,1,0.555555555555556,6.08513950684012,1621.91040553936,410.076079852846,1499,379,1620.28741313888,408.453087452373,3.24598480094601,3.24598480094601
um,O_O_A6S_001.png,2,77,0,19.9021216195036,19.9021216195036,5.29200266858249,5.06675122654772,0.288647295727436,0,19.9021216195036,0.955617011938973,1,5.033901893172,1,0.68,12.7783601663908,1640.30431941138,173.501069948604,1516,160.352941176471,1637.59933207726,170.414202049665,5.40997466824335,5.40997466824335
um,O_O_A6S_001.png,2,78,0,5.85356518220694,5.85356518220694,3.00890580585037,3.00890580585037,0,0,5.85356518220694,0.817743873391467,1,2.73001660575,1,0.555555555555556,6.08513950684012,1644.63229914598,128.757397104192,1520,119,1643.0093067455,127.134404703719,3.24598480094601,3.24598480094601
um,O_O_A6S_001.png,2,79,0,11.7071303644139,11.7071303644139,4.5047041299421,3.62965894220845,0.59225774015139,45,11.7071303644139,0.907474877945258,1,3.86082650935542,1,0.625,9.33328829765342,1657.94083682986,412.564668200238,1532.3,381.3,1655.99324594929,410.61707731967,4.32797973459468,4.32797973459468
um,O_O_A6S_001.png,2,80,0,12.8778434008553,12.8778434008553,5.03993306260274,3.43192113395002,0.732333837236824,90,12.8778434008553,0.910476739226441,1,4.04926900426184,1,0.733333333333333,9.93271349089479,1659.78022821706,401.420120383656,1534,371,1658.15723581659,398.715133049535,3.24598480094601,5.40997466824335
um,O_O_A6S_001.png,2,81,0,38.6335302025658,38.6335302025658,7.33830018508702,6.85349736033606,0.357442180724223,81.869897645844,38.6335302025658,0.972525116048225,1,7.01353964889535,1,0.785714285714286,18.9435672983209,1670.07557394935,287.154897845305,1543.51515151515,265.393939393939,1666.81319528578,282.941675149127,6.49196960189202,7.57396453554069
um,O_O_A6S_001.png,2,82,0,32.7799650203589,32.7799650203589,9.32849826671981,4.59681469705465,0.870158954775267,82.3469305129551,32.7799650203589,0.796832936208717,1,6.46039841952153,1,0.777777777777778,19.337413454169,1693.86306862699,352.730348369466,1565.5,326,1691.69907875969,347.861371168047,4.32797973459468,9.73795440283803
um,O_O_A6S_001.png,2,83,0,23.4142607288278,23.4142607288278,8.11790974454743,3.95717275987103,0.873144186109121,-68.0475857758284,25.7556868017106,0.764146018737232,1,5.46003321150001,0.909090909090909,0.571428571428571,16.2234320351281,1696.73035520116,369.825868321115,1568.15,341.8,1693.86306862699,366.255285040075,5.40997466824335,7.57396453554069
um,O_O_A6S_001.png,2,84,0,195.509077085712,195.509077085712,38.4534944841117,7.24296206857045,0.982100740166094,-73.2853816377518,234.142607288278,0.37847601598772,1,15.7775121074333,0.835,0.409313725490196,77.1700426576904,1706.88264239446,394.3385607281,1577.53293413174,364.455089820359,1699.27304329524,375.993239442913,12.983939203784,36.7878277440548
um,O_O_A6S_001.png,2,85,0,9.36570429153111,9.36570429153111,3.95088688177121,3.30554912333583,0.547722557505166,90,9.36570429153111,0.936368556122002,1,3.45322820970078,1,0.666666666666667,7.81200342094339,1721.45393943503,219.103974063856,1591,202.5,1719.83094703456,216.939984196558,3.24598480094601,4.32797973459468
um,O_O_A6S_001.png,2,86,0,14.0485564372967,14.0485564372967,4.32797973459468,4.32797973459468,0,0,14.0485564372967,1,1,4.22932353957578,1,0.75,9.53886733504667,1790.16061772172,474.454778404942,1654.5,438.5,1787.99662785443,472.290788537644,4.32797973459468,4.32797973459468
um,O_O_A6S_001.png,2,87,0,11.7071303644139,11.7071303644139,4.5047041299421,3.62965894220845,0.592257740151389,45,11.7071303644139,0.907474877945258,1,3.86082650935542,1,0.625,9.33328829765342,1860.70668739562,138.170753026935,1719.7,127.7,1858.32629854159,135.790364172908,4.32797973459468,4.32797973459468
um,O_O_A6S_001.png,2,88,0,31.6092519839175,31.6092519839175,12.6346551679575,3.55823617687235,0.959524515729465,90,33.9506780568003,0.525010654793792,1,6.34398530936368,0.931034482758621,0.818181818181818,24.1068471216924,1864.27727067666,219.725119303543,1723,203.074074074074,1862.65427827618,213.693999395612,3.24598480094601,11.9019442701354
um,O_O_A6S_001.png,2,89,0,9.36570429153111,9.36570429153111,3.95088688177121,3.30554912333583,0.547722557505166,90,9.36570429153111,0.936368556122002,1,3.45322820970078,1,0.666666666666667,7.81200342094339,1878.34320481409,1046.83009830509,1736,967.5,1876.72021241362,1044.66610843779,3.24598480094601,4.32797973459468
um,O_O_A6S_001.png,2,90,0,9.36570429153111,9.36570429153111,3.95088688177121,3.30554912333583,0.547722557505166,90,9.36570429153111,0.936368556122002,1,3.45322820970078,1,0.666666666666667,7.81200342094339,1883.75317948233,562.096368030484,1741,519.5,1882.13018708186,559.932378163187,3.24598480094601,4.32797973459468
um,O_O_A6S_001.png,2,91,0,286.82469392814,286.82469392814,40.6942386916668,9.58508712227502,0.97186485704333,-67.8319891285989,334.823928422237,0.465090068543022,1,19.11011624025,0.856643356643357,0.379256965944272,84.6336437099989,1965.83022373483,517.189161978212,1816.85714285714,477.995918367347,1955.70584256997,499.340661878861,20.5579037393247,36.7878277440548
um,O_O_A6S_001.png,2,92,0,16.3899825101794,16.3899825101794,6.19312433295289,3.50208691535766,0.824762122153737,90,16.3899825101794,0.86255066866221,1,4.56819153161053,1,0.777777777777778,12.0534235608462,1963.82080457234,766.593410490082,1815,708.5,1962.19781217186,763.347425689136,3.24598480094601,6.49196960189202
um,O_O_A6S_001.png,2,93,0,18.7314085830622,18.7314085830622,5.44592173923281,4.5047041299421,0.561951486949017,90,18.7314085830622,1,1,4.8836021681282,1,0.8,11.6595774049981,1965.44379697281,806.086225568259,1816.5,745,1963.27980710551,803.381238234137,4.32797973459468,5.40997466824335
um,O_O_A6S_001.png,2,94,0,14.0485564372967,14.0485564372967,4.8388284458976,4.0804584255598,0.53748384988657,90,14.0485564372967,0.845404939381118,1,4.22932353957578,1,0.6,11.0514962522875,1966.16512692857,753.068473819474,1817.16666666667,696,1964.36180203916,750.363486485352,4.32797973459468,5.40997466824335
um,O_O_A6S_001.png,2,95,0,135.802712227201,135.802712227201,18.6708356600865,10.8296800550376,0.814593769381803,31.4305047109006,153.363407773822,0.67672918969241,1,13.1495012639249,0.885496183206107,0.557692307692308,46.8179207789779,1978.19454761331,559.63389680218,1828.28448275862,517.224137931035,1968.68978177375,551.276418693997,17.3119189383787,14.0659341374327
um,O_O_A6S_001.png,2,96,0,5.85356518220694,5.85356518220694,3.00890580585037,3.00890580585037,0,0,5.85356518220694,0.817743873391467,1,2.73001660575,1,0.555555555555556,6.08513950684012,1980.05072857707,528.013527620551,1830,488,1978.42773617659,526.390535220078,3.24598480094601,3.24598480094601
um,O_O_A6S_001.png,2,97,0,51.5113736034211,51.5113736034211,13.8696227322645,5.36190025383056,0.922250392166324,-36.664981485631,59.7063648585108,0.582946903282336,1,8.09853800852369,0.862745098039216,0.444444444444444,29.9236518849876,1993.79698239319,563.227544552026,1842.70454545455,520.545454545455,1987.08369564578,558.850383229538,11.9019442701354,9.73795440283803
um,O_O_A6S_001.png,2,98,0,16.3899825101794,16.3899825101794,6.19312433295289,3.50208691535766,0.824762122153737,0,16.3899825101794,0.86255066866221,1,4.56819153161053,1,0.777777777777778,12.0534235608462,1992.49367031403,587.523248971228,1841.5,543,1989.24768551308,585.900256570755,6.49196960189202,3.24598480094601
um,O_O_A6S_001.png,2,99,0,31.6092519839175,31.6092519839175,7.42143586420822,5.68530407601428,0.642762819368243,-85.7794044792063,32.7799650203589,0.922540516741639,1,6.34398530936368,0.964285714285714,0.642857142857143,17.3508707559901,2005.57779423389,586.48132792401,1853.59259259259,542.037037037037,2002.23162471686,582.654271769809,6.49196960189202,7.57396453554069
um,O_O_A6S_001.png,2,100,0,5.85356518220694,5.85356518220694,3.00890580585037,3.00890580585037,0,0,5.85356518220694,0.817743873391467,1,2.73001660575,1,0.555555555555556,6.08513950684012,2004.93661205098,298.630601687033,1853,276,2003.31361965051,297.00760928656,3.24598480094601,3.24598480094601
um,O_O_A6S_001.png,2,101,0,5.85356518220694,5.85356518220694,3.00890580585037,3.00890580585037,0,0,5.85356518220694,0.817743873391467,1,2.73001660575,1,0.555555555555556,6.08513950684012,2010.34658671923,413.322064653792,1858,382,2008.72359431876,411.699072253319,3.24598480094601,3.24598480094601
um,O_O_A6S_001.png,2,102,0,5.85356518220694,5.85356518220694,3.00890580585037,3.00890580585037,0,0,5.85356518220694,0.817743873391467,1,2.73001660575,1,0.555555555555556,6.08513950684012,2011.42858165288,306.204566222573,1859,283,2009.8055892524,304.5815738221,3.24598480094601,3.24598480094601
um,O_O_A6S_001.png,2,103,0,58.5356518220694,58.5356518220694,9.99175278694574,7.76729729284685,0.629042583255876,-79.3454883048973,62.0477909313936,0.897185533873991,1,8.63307052425194,0.943396226415094,0.694444444444444,25.2342858425543,2026.05715315581,726.927476222522,1872.52,671.84,2021.70753352254,722.231618210487,8.65595946918936,9.73795440283803
um,O_O_A6S_002.png,3,1,0,225.947616033188,225.947616033188,29.2279539451111,12.1005877055857,0.910273538916597,37.910225865937,286.82469392814,0.420407573259458,1,16.9612923968692,0.787755102040816,0.386,78.7822151088269,33.5922986654033,206.369510375861,31.0466321243523,190.730569948187,20.0169062725004,195.300085523585,27.0498733412167,21.6398986729734
um,O_O_A6S_002.png,3,2,0,31.6092519839175,31.6092519839175,12.1952070062431,3.56061024252403,0.956428086633534,-47.2748792854873,31.6092519839175,0.568886544893562,1,6.34398530936368,1,0.375,23.0248521880437,86.1588558275792,261.922921715841,79.6296296296296,242.074074074074,81.6906174904746,256.973796741559,8.65595946918936,9.73795440283803
um,O_O_A6S_002.png,3,3,0,9.36570429153111,9.36570429153111,4.75749780569578,2.93005613152778,0.787838597158335,-45,9.36570429153111,0.750003552471025,1,3.45322820970078,1,0.5,9.12770926026018,95.7565516279073,271.039730878992,88.5,250.5,93.5925617606099,268.875741011694,4.32797973459468,4.32797973459468
um,O_O_A6S_002.png,3,4,0,9.36570429153111,9.36570429153111,3.95088688177121,3.30554912333583,0.547722557505166,90,9.36570429153111,0.936368556122002,1,3.45322820970078,1,0.666666666666667,7.81200342094339,144.987321108922,675.705836063594,134,624.5,143.364328708449,673.541846196297,3.24598480094601,4.32797973459468
um,O_O_A6S_002.png,3,5,0,5.85356518220694,5.85356518220694,3.00890580585037,3.00890580585037,0,0,5.85356518220694,0.817743873391467,1,2.73001660575,1,0.555555555555556,6.08513950684012,226.136941132572,1107.96281205624,209,1024,224.513948732099,1106.33981965576,3.24598480094601,3.24598480094601
um,O_O_A6S_002.png,3,6,0,25.7556868017106,25.7556868017106,8.98964390075888,4.41879650634061,0.87085330679012,-7.61486644595426,32.7799650203589,0.630034461102087,1,5.7265311435241,0.785714285714286,0.55,19.2660017885482,388.534544355659,1005.46838288697,359.090909090909,929.272727272727,384.649198912102,1002.46830602549,8.65595946918936,5.40997466824335
um,O_O_A6S_002.png,3,7,0,14.0485564372967,14.0485564372967,4.32797973459468,4.32797973459468,0,0,14.0485564372967,1,1,4.22932353957578,1,0.75,9.53886733504667,405.207102651427,344.615386367101,374.5,318.5,403.043112784129,342.451396499804,4.32797973459468,4.32797973459468
um,O_O_A6S_002.png,3,8,0,5.85356518220694,5.85356518220694,3.00890580585037,3.00890580585037,0,0,5.85356518220694,0.817743873391467,1,2.73001660575,1,0.555555555555556,6.08513950684012,415.486054521089,556.145395895416,384,514,413.863062120616,554.522403494943,3.24598480094601,3.24598480094601
um,O_O_A6S_002.png,3,9,0,39.8042432390072,39.8042432390072,8.37561708509732,6.23651655623853,0.667506656932786,90,39.8042432390072,0.956263837273417,1,7.11901232897944,1,0.708333333333333,19.4715808259415,428.088113160056,377.075234376561,395.647058823529,348.5,424.683011457103,372.747254641967,6.49196960189202,8.65595946918936
um,O_O_A6S_002.png,3,10,0,5.85356518220694,5.85356518220694,3.00890580585037,3.00890580585037,0,0,5.85356518220694,0.817743873391467,1,2.73001660575,1,0.555555555555556,6.08513950684012,432.797973459468,434.961963326765,400,402,431.174981058995,433.338970926292,3.24598480094601,3.24598480094601
um,O_O_A6S_002.png,3,11,0,5.85356518220694,5.85356518220694,3.00890580585037,3.00890580585037,0,0,5.85356518220694,0.817743873391467,1,2.73001660575,1,0.555555555555556,6.08513950684012,434.961963326765,829.89011410853,402,767,433.338970926292,828.267121708057,3.24598480094601,3.24598480094601
um,O_O_A6S_002.png,3,12,0,16.3899825101794,16.3899825101794,6.19312433295289,3.50208691535766,0.824762122153737,90,16.3899825101794,0.86255066866221,1,4.56819153161053,1,0.777777777777778,12.0534235608462,503.127644146631,372.747254641967,465,344.5,501.504651746158,369.501269841021,3.24598480094601,6.49196960189202
um,O_O_A6S_002.png,3,13,0,5.85356518220694,5.85356518220694,3.00890580585037,3.00890580585037,0,0,5.85356518220694,0.817743873391467,1,2.73001660575,1,0.555555555555556,6.08513950684012,516.111583350415,905.629759463936,477,837,514.488590949942,904.006767063463,3.24598480094601,3.24598480094601
um,O_O_A6S_002.png,3,14,0,43.3163823483314,43.3163823483314,14.9537813761726,4.0368929095121,0.962872098646992,80.2898409884878,51.5113736034211,0.546825404027565,1,7.42644807029334,0.840909090909091,0.569230769230769,28.1513441836711,522.515823633363,595.067970400454,482.918918918919,549.972972972973,519.898565618186,588.064246438052,5.40997466824335,14.0659341374327
um,O_O_A6S_002.png,3,15,0,16.3899825101794,16.3899825101794,5.28166288706108,4.17937510891043,0.611429250513635,65.6423554472856,16.3899825101794,0.958830581424272,1,4.56819153161053,1,0.7,11.2570752896808,521.907984780676,612.177276387937,482.357142857143,565.785714285714,519.898565618186,609.704145111025,4.32797973459468,5.40997466824335
um,O_O_A6S_002.png,3,16,0,15.2192694737381,15.2192694737381,5.44567670928331,3.83376744712719,0.710197961544802,70.2059345761585,15.2192694737381,0.89034268275111,1,4.40201950653833,1,0.65,11.2570752896808,523.435856747422,1078.99863998626,483.769230769231,997.230769230769,520.980560551834,1076.0439615136,4.32797973459468,5.40997466824335
um,O_O_A6S_002.png,3,17,0,30.4385389474761,30.4385389474761,8.89314996616209,4.60842745574508,0.855259664031683,69.0920679035259,30.4385389474761,0.823917967555346,1,6.22539568797743,1,0.65,18.1472190271555,531.592433939543,659.850448766666,491.307692307692,609.846153846154,528.554525087375,655.14793232427,5.40997466824335,8.65595946918936
um,O_O_A6S_002.png,3,18,0,9.36570429153111,9.36570429153111,3.95088688177121,3.30554912333583,0.547722557505166,90,9.36570429153111,0.936368556122002,1,3.45322820970078,1,0.666666666666667,7.81200342094339,531.259512421497,648.655962722377,491,599.5,529.636520021024,646.49197285508,3.24598480094601,4.32797973459468
um,O_O_A6S_002.png,3,19,0,374.628171661244,381.652449879893,23.5234045761598,21.3237702454812,0.422223704087832,-2.2442718610303,395.701006317189,0.907964856825777,-2,21.840132846,0.946745562130177,0.692640692640693,68.6071347527948,598.657653085306,209.453931749377,553.290625,193.58125,586.982251504403,198.546070324531,23.8038885402707,22.7218936066221
um,O_O_A6S_002.png,3,20,0,5.85356518220694,5.85356518220694,3.00890580585037,3.00890580585037,0,0,5.85356518220694,0.817743873391467,1,2.73001660575,1,0.555555555555556,6.08513950684012,595.097213506768,195.841082990409,550,181,593.474221106295,194.218090589936,3.24598480094601,3.24598480094601
um,O_O_A6S_002.png,3,21,0,14.0485564372967,14.0485564372967,4.32797973459468,4.32797973459468,0,0,14.0485564372967,1,1,4.22932353957578,1,0.75,9.53886733504667,596.720205907241,159.594252713179,551.5,147.5,594.556216039944,157.430262845881,4.32797973459468,4.32797973459468
um,O_O_A6S_002.png,3,22,0,143.997703482291,143.997703482291,27.0424449635083,7.57714464610633,0.959943246206172,85.2087001886782,182.631233684857,0.433537589631062,1,13.5404420321015,0.788461538461538,0.506172839506173,61.2062894066379,600.260880385238,1053.88945549414,554.772357723577,974.024390243902,595.638210973593,1039.25613376955,9.73795440283803,29.2138632085141
um,O_O_A6S_002.png,3,23,0,9.36570429153111,9.36570429153111,3.95088688177121,3.30554912333583,0.547722557505166,90,9.36570429153111,0.936368556122002,1,3.45322820970078,1,0.666666666666667,7.81200342094339,601.58918310866,833.6770963763,556,770.5,599.966190708187,831.513106509003,3.24598480094601,4.32797973459468
um,O_O_A6S_002.png,3,24,0,12.8778434008553,12.8778434008553,5.03993306260274,3.43192113395002,0.732333837236824,90,12.8778434008553,0.910476739226441,1,4.04926900426184,1,0.733333333333333,9.93271349089479,647.032970321904,56.2637365497308,598,52,645.409977921431,53.5587492156091,3.24598480094601,5.40997466824335
um,O_O_A6S_002.png,3,25,0,9.36570429153111,9.36570429153111,3.95088688177121,3.30554912333583,0.547722557505166,0,9.36570429153111,0.936368556122002,1,3.45322820970078,1,0.666666666666667,7.81200342094339,655.14793232427,80.0676250900016,605.5,74,652.983942456972,78.4446326895285,4.32797973459468,3.24598480094601
um,O_O_A6S_002.png,3,26,0,14.0485564372967,14.0485564372967,4.32797973459468,4.32797973459468,0,0,14.0485564372967,1,1,4.22932353957578,1,0.75,9.53886733504667,658.393917125215,166.086222315071,608.5,153.5,656.229927257918,163.922232447773,4.32797973459468,4.32797973459468
um,O_O_A6S_002.png,3,27,0,14.0485564372967,14.0485564372967,4.8388284458976,4.0804584255598,0.53748384988657,90,14.0485564372967,0.845404939381118,1,4.22932353957578,1,0.6,11.0514962522875,658.754582103098,194.759088056761,608.833333333333,180,656.229927257918,192.054100722639,4.32797973459468,5.40997466824335
um,O_O_A6S_002.png,3,28,0,9.36570429153111,9.36570429153111,4.75749780569578,2.93005613152778,0.787838597158335,45,9.36570429153111,0.750003552471025,1,3.45322820970078,1,0.5,9.12770926026018,663.803891793459,198.546070324531,613.5,183.5,661.639901926161,196.382080457234,4.32797973459468,4.32797973459468
um,O_O_A6S_002.png,3,29,0,9.36570429153111,9.36570429153111,3.95088688177121,3.30554912333583,0.547722557505166,0,9.36570429153111,0.936368556122002,1,3.45322820970078,1,0.666666666666667,7.81200342094339,803.381238234137,265.088758743924,742.5,245,801.21724836684,263.465766343451,4.32797973459468,3.24598480094601
um,O_O_A6S_002.png,3,30,0,21.072834655945,21.072834655945,6.2856372062119,4.43748420985066,0.708239690230453,77.7641897331476,21.072834655945,0.940818022409032,1,5.17984231455116,1,0.75,13.3777853596322,810.834981110384,367.096836655135,749.388888888889,339.277777777778,808.79121290238,364.091295172777,4.32797973459468,6.49196960189202
um,O_O_A6S_002.png,3,31,0,465.943788503673,474.138779758762,41.9478837966375,18.4458201572703,0.898129115570053,75.5885727382335,654.428587370736,0.473437059088879,0,24.3568893158916,0.711985688729875,0.404471544715447,107.809975188753,829.493201394176,542.666675088808,766.633165829146,501.542713567839,818.529167305219,525.308540286429,25.9678784075681,44.3617922795955
um,O_O_A6S_002.png,3,32,0,9.36570429153111,9.36570429153111,3.95088688177121,3.30554912333583,0.547722557505166,90,9.36570429153111,0.936368556122002,1,3.45322820970078,1,0.666666666666667,7.81200342094339,820.152159705692,818.529167305219,758,756.5,818.529167305219,816.365177437921,3.24598480094601,4.32797973459468
um,O_O_A6S_002.png,3,33,0,32.7799650203589,32.7799650203589,10.7023103812498,4.72045136783207,0.897473469965835,-83.2913786008451,39.8042432390072,0.613439352972338,1,6.46039841952153,0.823529411764706,0.622222222222222,22.5141505793615,838.082361463298,572.916317366971,774.571428571429,529.5,835.841086243597,567.506342698727,5.40997466824335,9.73795440283803
um,O_O_A6S_002.png,3,34,0,91.3156168424283,91.3156168424283,15.3217860096986,7.78665617879893,0.8612342881506,-80.6695973117269,98.3398950610767,0.779801319352779,1,10.7827016287971,0.928571428571429,0.65,34.9614202960558,843.331820399627,741.166529549339,779.423076923077,685,839.087071044543,733.051567546974,8.65595946918936,16.22992400473
um,O_O_A6S_002.png,3,35,0,290.336833037464,290.336833037464,30.4814083936669,12.5254370869384,0.911671158911533,-84.1550292748402,318.433945912058,0.665928398884695,1,19.2267609626913,0.911764705882353,0.657824933687003,70.6196453293814,846.979526024263,591.995203838122,782.79435483871,547.133064516129,840.169065978192,577.244297101565,14.0659341374327,31.3778530758114
um,O_O_A6S_002.png,3,36,0,36.2921041296831,36.2921041296831,7.69800314110572,6.16814110174638,0.598309511683347,-70.2589890528824,36.2921041296831,0.982363730546759,1,6.79768652848591,1,0.738095238095238,18.1472190271555,844.723915618229,623.368694031137,780.709677419355,576.129032258065,841.251060911841,619.442099513863,6.49196960189202,7.57396453554069
um,O_O_A6S_002.png,3,37,0,32.7799650203589,32.7799650203589,8.7714893961424,5.33973327329775,0.793354315340872,81.1535104430439,36.2921041296831,0.761073561558341,1,6.46039841952153,0.903225806451613,0.7,19.8654269817896,846.12003811326,570.249972709051,782,527.035714285714,843.415050779138,565.34235283143,5.40997466824335,8.65595946918936
um,O_O_A6S_002.png,3,38,0,21.072834655945,21.072834655945,6.2856372062119,4.43748420985066,0.708239690230453,77.7641897331476,21.072834655945,0.940818022409032,1,5.17984231455116,1,0.75,13.3777853596322,846.54081392079,1259.74265691529,782.388888888889,1164.27777777778,844.497045712787,1256.73711543293,4.32797973459468,6.49196960189202
um,O_O_A6S_002.png,3,39,0,9.36570429153111,9.36570429153111,3.95088688177121,3.30554912333583,0.547722557505166,90,9.36570429153111,0.936368556122002,1,3.45322820970078,1,0.666666666666667,7.81200342094339,851.530012781503,543.702454158456,787,502.5,849.90702038103,541.538464291159,3.24598480094601,4.32797973459468
um,O_O_A6S_002.png,3,40,0,5.85356518220694,5.85356518220694,3.00890580585037,3.00890580585037,0,0,5.85356518220694,0.817743873391467,1,2.73001660575,1,0.555555555555556,6.08513950684012,851.530012781503,1213.99831555381,787,1122,849.90702038103,1212.37532315333,3.24598480094601,3.24598480094601
um,O_O_A6S_002.png,3,41,0,16.3899825101794,16.3899825101794,6.19312433295289,3.50208691535766,0.824762122153737,90,16.3899825101794,0.86255066866221,1,4.56819153161053,1,0.777777777777778,12.0534235608462,896.973799994747,599.966190708187,829,554.5,895.350807594274,596.720205907241,3.24598480094601,6.49196960189202
um,O_O_A6S_002.png,3,42,0,9.36570429153111,9.36570429153111,3.95088688177121,3.30554912333583,0.547722557505166,90,9.36570429153111,0.936368556122002,1,3.45322820970078,1,0.666666666666667,7.81200342094339,920.777688535018,1058.73204257522,851,978.5,919.154696134545,1056.56805270793,3.24598480094601,4.32797973459468
um,O_O_A6S_002.png,3,43,0,50.3406605669797,50.3406605669797,16.9075570778388,3.99323130423738,0.971709258275107,83.6098767022102,55.0235127127453,0.514435788903964,1,8.00598024866216,0.914893617021277,0.716666666666667,31.6678277180293,968.964207091697,632.992198857347,895.53488372093,585.023255813953,966.762473215086,624.852074182107,4.32797973459468,16.22992400473
um,O_O_A6S_002.png,3,44,0,9.36570429153111,9.36570429153111,3.95088688177121,3.30554912333583,0.547722557505166,90,9.36570429153111,0.936368556122002,1,3.45322820970078,1,0.666666666666667,7.81200342094339,970.549455482857,589.146241371701,897,544.5,968.926463082384,586.982251504403,3.24598480094601,4.32797973459468
um,O_O_A6S_002.png,3,45,0,224.776902996747,224.776902996747,30.5331585644433,10.2966080114637,0.941423334203089,64.553120021302,256.386154980664,0.519681816835961,1,16.9172941583031,0.876712328767123,0.489795918367347,70.3253427074289,977.142862109778,646.249651073065,903.09375,597.276041666667,968.926463082384,631.344043783999,15.1479290710814,30.2958581421627
um,O_O_A6S_002.png,3,46,0,9.36570429153111,9.36570429153111,3.95088688177121,3.30554912333583,0.547722557505166,90,9.36570429153111,0.936368556122002,1,3.45322820970078,1,0.666666666666667,7.81200342094339,971.631450416505,583.736266703457,898,539.5,970.008458016032,581.57227683616,3.24598480094601,4.32797973459468
um,O_O_A6S_002.png,3,47,0,688.379265427537,688.379265427537,60.7893229903042,16.0760479647427,0.964397992146179,85.3820644251989,871.010499112393,0.420854410254046,1,29.6052647770305,0.790322580645161,0.563218390804598,139.969028606659,980.890971685417,590.036863051779,906.557823129252,545.323129251701,971.090452949681,562.096368030484,19.4759088056761,62.7557061516228
um,O_O_A6S_002.png,3,48,0,5.85356518220694,5.85356518220694,3.00890580585037,3.00890580585037,0,0,5.85356518220694,0.817743873391467,1,2.73001660575,1,0.555555555555556,6.08513950684012,986.779379487587,624.311076715282,912,577,985.156387087114,622.688084314809,3.24598480094601,3.24598480094601
um,O_O_A6S_002.png,3,49,0,19.9021216195036,19.9021216195036,7.37899951032071,3.54674870160695,0.876910104976049,90,19.9021216195036,0.809844351494583,1,5.033901893172,1,0.80952380952381,14.1741336307976,988.943369354884,616.737112179742,914,570,987.320376954411,612.950129911971,3.24598480094601,7.57396453554069
um,O_O_A6S_002.png,3,50,0,11.7071303644139,11.7071303644139,4.5047041299421,3.62965894220845,0.592257740151389,-45,11.7071303644139,0.907474877945258,1,3.86082650935542,1,0.625,9.33328829765342,1004.41589690606,552.574812614376,928.3,510.7,1002.46830602549,550.194423760349,4.32797973459468,4.32797973459468
um,O_O_A6S_002.png,3,51,0,15.2192694737381,15.2192694737381,5.44567670928331,3.83376744712719,0.710197961544802,70.2059345761585,15.2192694737381,0.89034268275111,1,4.40201950653833,1,0.65,11.2570752896808,1038.46544516419,561.805061702194,959.769230769231,519.230769230769,1036.0101489686,558.850383229538,4.32797973459468,5.40997466824335
um,O_O_A6S_002.png,3,52,0,5.85356518220694,5.85356518220694,3.00890580585037,3.00890580585037,0,0,5.85356518220694,0.817743873391467,1,2.73001660575,1,0.555555555555556,6.08513950684012,1044.12511097097,51.9357568151361,965,48,1042.50211857049,50.3127644146631,3.24598480094601,3.24598480094601
um,O_O_A6S_002.png,3,53,0,12.8778434008553,12.8778434008553,5.03993306260274,3.43192113395002,0.732333837236824,90,12.8778434008553,0.910476739226441,1,4.04926900426184,1,0.733333333333333,9.93271349089479,1067.92899951124,1222.654275023,987,1130,1066.30600711076,1219.94928768888,3.24598480094601,5.40997466824335
um,O_O_A6S_002.png,3,54,0,5.85356518220694,5.85356518220694,3.00890580585037,3.00890580585037,0,0,5.85356518220694,0.817743873391467,1,2.73001660575,1,0.555555555555556,6.08513950684012,1069.01099444489,981.369404819343,988,907,1067.38800204441,979.74641241887,3.24598480094601,3.24598480094601
um,O_O_A6S_002.png,3,55,0,35.1213910932417,35.1213910932417,11.177766849291,4.21298425269051,0.926250900193062,-57.9889920099761,37.4628171661244,0.688752227540256,1,6.68714767341238,0.9375,0.476190476190476,21.9147253861202,1122.93040863838,154.977740996278,1037.83333333333,143.233333333333,1119.32375885955,149.856298310341,7.57396453554069,9.73795440283803
um,O_O_A6S_002.png,3,56,0,5.85356518220694,5.85356518220694,3.00890580585037,3.00890580585037,0,0,5.85356518220694,0.817743873391467,1,2.73001660575,1,0.555555555555556,6.08513950684012,1126.35672592827,692.476757535149,1041,640,1124.73373352779,690.853765134676,3.24598480094601,3.24598480094601
um,O_O_A6S_002.png,3,57,0,19.9021216195036,19.9021216195036,7.37899951032071,3.54674870160695,0.876910104976049,90,19.9021216195036,0.809844351494583,1,5.033901893172,1,0.80952380952381,14.1741336307976,1144.75063980029,934.843622672451,1058,864,1143.12764739982,931.05664040468,3.24598480094601,7.57396453554069
um,O_O_A6S_002.png,3,58,0,193.167651012829,193.167651012829,26.5580046676337,14.3674677959781,0.841032588408118,9.39175761642468,289.166120001023,0.469099368641356,1,15.68275141782,0.668016194331984,0.478260869565217,68.535723087174,1197.6962585535,640.881993062738,1106.93333333333,592.315151515152,1186.40744474577,633.508033651296,24.8858834739194,16.22992400473
um,O_O_A6S_002.png,3,59,0,18.7314085830622,18.7314085830622,5.44592173923281,4.5047041299421,0.561951486949017,0,18.7314085830622,1,1,4.8836021681282,1,0.8,11.6595774049981,1204.26036115097,647.573967788729,1113,598.5,1201.55537381685,645.409977921431,5.40997466824335,4.32797973459468
um,O_O_A6S_002.png,3,60,0,37.4628171661244,37.4628171661244,7.58042435844006,6.4414986954841,0.527178828569583,69.7064710497594,37.4628171661244,0.995768089533848,1,6.90645641940155,1,0.761904761904762,18.3441421050795,1212.51057252004,82.0625532489163,1120.625,75.84375,1209.12933835239,78.4446326895285,6.49196960189202,7.57396453554069
um,O_O_A6S_002.png,3,61,0,14.0485564372967,14.0485564372967,4.32797973459468,4.32797973459468,0,0,14.0485564372967,1,1,4.22932353957578,1,0.75,9.53886733504667,1213.45731808698,544.784449092105,1121.5,503.5,1211.29332821969,542.620459224808,4.32797973459468,4.32797973459468
um,O_O_A6S_002.png,3,62,0,28.0971128745933,28.0971128745933,6.49196960189202,5.91259605083948,0.412946354092181,-47.7263109939062,29.2678259110347,0.916975222484678,1,5.98116670933186,0.96,0.666666666666667,16.2234320351281,1215.03522736522,659.566078303335,1122.95833333333,609.583333333333,1212.37532315333,656.229927257918,6.49196960189202,6.49196960189202
um,O_O_A6S_002.png,3,63,0,142.826990445849,142.826990445849,17.4320982485686,12.3470055491089,0.705920158574929,52.2627291851962,166.241251174677,0.457982597250912,1,13.4852872528236,0.859154929577465,0.586538461538462,59.2024347895206,1221.08449548811,670.00319063461,1128.54918032787,619.229508196721,1214.53931302063,660.557906992513,14.0659341374327,17.3119189383787
um,O_O_A6S_002.png,3,64,0,5.85356518220694,5.85356518220694,3.00890580585037,3.00890580585037,0,0,5.85356518220694,0.817743873391467,1,2.73001660575,1,0.555555555555556,6.08513950684012,1241.04818889502,99.5435338956776,1147,92,1239.42519649455,97.9205414952046,3.24598480094601,3.24598480094601
um,O_O_A6S_002.png,3,65,0,5.85356518220694,5.85356518220694,3.00890580585037,3.00890580585037,0,0,5.85356518220694,0.817743873391467,1,2.73001660575,1,0.555555555555556,6.08513950684012,1257.27811289975,825.562134373935,1162,763,1255.65512049928,823.939141973462,3.24598480094601,3.24598480094601
um,O_O_A6S_002.png,3,66,0,18.7314085830622,18.7314085830622,5.44592173923281,4.5047041299421,0.561951486949017,90,18.7314085830622,1,1,4.8836021681282,1,0.8,11.6595774049981,1270.80304957036,340.828404099331,1174.5,315,1268.63905970307,338.123416765209,4.32797973459468,5.40997466824335
um,O_O_A6S_002.png,3,67,0,19.9021216195036,19.9021216195036,6.99574127271482,3.98559519312727,0.821840701618491,-59.0362434679265,21.072834655945,0.798399042673547,1,5.033901893172,0.944444444444444,0.566666666666667,14.2996450431008,1296.1662837503,487.152307185113,1197.94117647059,450.235294117647,1293.52494317698,484.19273280778,5.40997466824335,6.49196960189202
um,O_O_A6S_002.png,3,68,0,28.0971128745933,28.0971128745933,9.05976018368735,4.35428345658373,0.876930086512262,58.9294525199771,30.4385389474761,0.712387678072738,1,5.98116670933186,0.923076923076923,0.5,18.8634996732309,1304.79572373582,464.85207336881,1205.91666666667,429.625,1301.09890771253,460.388844267509,6.49196960189202,8.65595946918936
um,O_O_A6S_002.png,3,69,0,9.36570429153111,9.36570429153111,3.95088688177121,3.30554912333583,0.547722557505166,90,9.36570429153111,0.936368556122002,1,3.45322820970078,1,0.666666666666667,7.81200342094339,1309.21386971489,516.65258081724,1210,477.5,1307.59087731442,514.488590949942,3.24598480094601,4.32797973459468
um,O_O_A6S_002.png,3,70,0,2498.30161976592,2502.98447191169,92.9606335873358,43.0266739597119,0.886437490144291,-70.8166433538052,3317.8007452749,0.319792573073047,-1,56.3997909301257,0.752999294283698,0.464923747276688,309.924464804458,1340.79656156914,543.933151297543,1239.1893158388,502.713214620431,1308.67287224807,500.42265681251,55.1817416160821,97.3795440283803
um,O_O_A6S_002.png,3,71,0,1087.59241085405,1087.59241085405,46.4695391403896,30.0275736331517,0.763187103477905,-65.365741119448,1122.71380194729,0.89537086257549,1,37.2124396681167,0.968717413972888,0.72578125,120.149045412083,1328.40792408145,469.442544608432,1227.73950484392,433.86759956943,1311.91885704901,448.486899997374,34.6238378767574,43.2797973459468
um,O_O_A6S_002.png,3,72,0,21.072834655945,21.072834655945,7.25254927986886,3.97407793922469,0.836507151857839,86.9342585110859,22.2435476923864,0.774133155641228,1,5.17984231455116,0.947368421052632,0.642857142857143,15.0959933142662,1336.14352139681,431.776089355466,1234.88888888889,399.055555555556,1333.55875572199,427.928996258049,4.32797973459468,7.57396453554069
um,O_O_A6S_002.png,3,73,0,12.8778434008553,12.8778434008553,5.03993306260274,3.43192113395002,0.732333837236824,90,12.8778434008553,0.910476739226441,1,4.04926900426184,1,0.733333333333333,9.93271349089479,1351.41167212719,231.546915800815,1249,214,1349.78867972672,228.841928466694,3.24598480094601,5.40997466824335
um,O_O_A6S_002.png,3,74,0,14.0485564372967,14.0485564372967,4.32797973459468,4.32797973459468,0,0,14.0485564372967,1,1,4.22932353957578,1,0.75,9.53886733504667,1351.95266959401,320.811497826831,1249.5,296.5,1349.78867972672,318.647507959533,4.32797973459468,4.32797973459468
um,O_O_A6S_002.png,3,75,0,21.072834655945,21.072834655945,7.46822063936973,3.86406089286991,0.855743390461672,-73.5373652953778,22.2435476923864,0.790885021379333,1,5.17984231455116,0.947368421052632,0.642857142857143,14.8990702363422,1360.42829657426,512.925709379116,1257.33333333333,474.055555555556,1358.4446391959,509.078616281699,4.32797973459468,7.57396453554069
um,O_O_A6S_002.png,3,76,0,5.85356518220694,5.85356518220694,3.00890580585037,3.00890580585037,0,0,5.85356518220694,0.817743873391467,1,2.73001660575,1,0.555555555555556,6.08513950684012,1364.39561133097,575.621304701092,1261,532,1362.7726189305,573.998312300619,3.24598480094601,3.24598480094601
um,O_O_A6S_002.png,3,77,0,5.85356518220694,5.85356518220694,3.00890580585037,3.00890580585037,0,0,5.85356518220694,0.817743873391467,1,2.73001660575,1,0.555555555555556,6.08513950684012,1374.13356573381,709.788676473527,1270,656,1372.51057333334,708.165684073054,3.24598480094601,3.24598480094601
um,O_O_A6S_002.png,3,78,0,5.85356518220694,5.85356518220694,3.00890580585037,3.00890580585037,0,0,5.85356518220694,0.817743873391467,1,2.73001660575,1,0.555555555555556,6.08513950684012,1431.47929721719,783.364331961637,1323,724,1429.85630481672,781.741339561164,3.24598480094601,3.24598480094601
um,O_O_A6S_002.png,3,79,0,26.9263998381519,26.9263998381519,8.2669519388476,4.41338308211383,0.84557379024938,-71.565051177078,29.2678259110347,0.860640229219547,1,5.85523330630689,0.92,0.657142857142857,16.4290110725214,1436.88927188543,757.396453554069,1328,700,1434.18428455131,753.609471286298,5.40997466824335,7.57396453554069
um,O_O_A6S_002.png,3,80,0,5.85356518220694,5.85356518220694,3.00890580585037,3.00890580585037,0,0,5.85356518220694,0.817743873391467,1,2.73001660575,1,0.555555555555556,6.08513950684012,1436.88927188543,586.441254037579,1328,542,1435.26627948496,584.818261637106,3.24598480094601,3.24598480094601
um,O_O_A6S_002.png,3,81,0,14.0485564372967,14.0485564372967,4.8388284458976,4.0804584255598,0.53748384988657,0,14.0485564372967,0.845404939381118,1,4.22932353957578,1,0.6,11.0514962522875,1452.03720095651,929.613980493149,1342,859.166666666667,1449.33221362239,927.810655603734,5.40997466824335,4.32797973459468
um,O_O_A6S_002.png,3,82,0,21.072834655945,21.072834655945,7.46822063936972,3.8640608928699,0.855743390461671,73.5373652953778,22.2435476923864,0.790885021379333,1,5.17984231455116,0.947368421052632,0.642857142857143,14.8990702363422,1502.16963288224,223.912840435627,1388.33333333333,206.944444444444,1500.18597550388,220.185968997504,4.32797973459468,7.57396453554069
um,O_O_A6S_002.png,3,83,0,9.36570429153111,9.36570429153111,3.95088688177121,3.30554912333583,0.547722557505166,90,9.36570429153111,0.936368556122002,1,3.45322820970078,1,0.666666666666667,7.81200342094339,1502.890962838,211.530009528315,1389,195.5,1501.26797043753,209.366019661018,3.24598480094601,4.32797973459468
um,O_O_A6S_002.png,3,84,0,5.85356518220694,5.85356518220694,3.00890580585037,3.00890580585037,0,0,5.85356518220694,0.817743873391467,1,2.73001660575,1,0.555555555555556,6.08513950684012,1505.0549527053,236.956890469059,1391,219,1503.43196030483,235.333898068586,3.24598480094601,3.24598480094601
um,O_O_A6S_002.png,3,85,0,9.36570429153111,9.36570429153111,4.75749780569578,2.93005613152778,0.787838597158335,-45,9.36570429153111,0.750003552471025,1,3.45322820970078,1,0.5,9.12770926026018,1506.67794510577,243.989857537775,1392.5,225.5,1504.51395523848,241.825867670478,4.32797973459468,4.32797973459468
um,O_O_A6S_002.png,3,86,0,25.7556868017106,25.7556868017106,10.4022605690675,3.48439164811946,0.942230624349206,-69.8120158536396,28.0971128745933,0.608239667151801,1,5.7265311435241,0.916666666666667,0.488888888888889,19.6685039038655,1511.30101436773,543.063093515846,1396.77272727273,501.909090909091,1508.84193497307,538.292479490213,5.40997466824335,9.73795440283803
um,O_O_A6S_002.png,3,87,0,44.4870953847728,44.4870953847728,16.06866800011,3.79957370786251,0.971641580439251,83.0976080119859,50.3406605669797,0.515027580009237,1,7.52613639753478,0.883720930232558,0.678571428571429,29.5471176480779,1512.00249912136,686.525785400081,1397.42105263158,634.5,1509.92392990672,678.95182086454,4.32797973459468,15.1479290710814
um,O_O_A6S_002.png,3,88,0,286.82469392814,286.82469392814,46.4625548908971,8.04498587987024,0.984895486074233,-87.369864649105,323.116798057823,0.366214774801174,1,19.11011624025,0.88768115942029,0.696022727272727,95.8084873847224,1513.93172746707,722.847692876789,1399.20408163265,668.069387755102,1509.92392990672,699.509724603865,8.65595946918936,47.6077770805415
um,O_O_A6S_002.png,3,89,0,296.190398219671,297.361111256113,44.9491326214693,8.87773904518841,0.980301607855852,87.6666430070101,340.677493604444,0.381811916656789,0,19.4196119370121,0.869415807560137,0.65374677002584,95.3345736037843,1519.02252366695,608.795354899957,1403.90909090909,562.660079051383,1514.25190964131,585.900256570755,9.73795440283803,46.5257821468928
um,O_O_A6S_002.png,3,90,0,113.559164534815,113.559164534815,27.2274965426672,5.75703956960042,0.977390520839307,-83.2422414681669,129.949147044994,0.423400733264331,1,12.0244758286094,0.873873873873874,0.646666666666667,54.6558920783289,1579.38912010566,249.438873260325,1459.70103092784,230.536082474227,1575.92562085929,236.415893002234,6.49196960189202,27.0498733412167
um,O_O_A6S_002.png,3,91,0,16.3899825101794,16.3899825101794,6.19312433295289,3.50208691535766,0.824762122153737,90,16.3899825101794,0.86255066866221,1,4.56819153161053,1,0.777777777777778,12.0534235608462,1581.87659299435,390.059173580345,1462,360.5,1580.25360059388,386.813188779399,3.24598480094601,6.49196960189202
um,O_O_A6S_002.png,3,92,0,39.8042432390072,39.8042432390072,9.33990912957511,5.68001285018696,0.793826470162941,84.5802001967103,39.8042432390072,0.863999000095891,1,7.11901232897944,1,0.755555555555556,20.661775252955,1592.41013190723,301.590176064366,1471.73529411765,278.735294117647,1589.99155499672,297.00760928656,5.40997466824335,9.73795440283803
um,O_O_A6S_002.png,3,93,0,133.461286154318,133.461286154318,37.154395410064,4.86903529715341,0.991375931555912,87.0753467438497,152.192694737381,0.326714146532285,1,13.0356506252236,0.876923076923077,0.7125,68.2479124348235,1600.13763029558,984.093374520722,1478.87719298246,909.517543859649,1597.56551953226,966.762473215086,5.40997466824335,34.6238378767574
um,O_O_A6S_002.png,3,94,0,9.36570429153111,9.36570429153111,3.95088688177121,3.30554912333583,0.547722557505166,90,9.36570429153111,0.936368556122002,1,3.45322820970078,1,0.666666666666667,7.81200342094339,1601.35250180003,1174.50550047563,1480,1085.5,1599.72950939956,1172.34151060833,3.24598480094601,4.32797973459468
um,O_O_A6S_002.png,3,95,0,50.3406605669797,50.3406605669797,16.9484123269046,4.00521712207075,0.971675738623091,-83.8971649370448,56.1942257491867,0.514435788903964,1,8.00598024866216,0.895833333333333,0.716666666666667,31.6678277180293,1602.0067312948,1187.95494912761,1480.60465116279,1097.93023255814,1599.72950939956,1179.91547514387,4.32797973459468,16.22992400473
um,O_O_A6S_002.png,3,96,0,9.36570429153111,9.36570429153111,3.95088688177121,3.30554912333583,0.547722557505166,0,9.36570429153111,0.936368556122002,1,3.45322820970078,1,0.666666666666667,7.81200342094339,1608.38546886875,318.106510492709,1486.5,294,1606.22147900145,316.483518092236,4.32797973459468,3.24598480094601
um,O_O_A6S_002.png,3,97,0,28.0971128745933,28.0971128745933,9.80700319255351,3.88657515768225,0.918118444182077,-78.301118042037,30.4385389474761,0.707290993489618,1,5.98116670933186,0.923076923076923,0.666666666666667,18.9435672983209,1646.12004217974,137.458439695616,1521.375,127.041666666667,1644.09130167915,132.544379371962,4.32797973459468,9.73795440283803
um,O_O_A6S_002.png,3,98,0,22.2435476923864,22.2435476923864,6.9035847732744,4.33188642036726,0.778629755710562,52.0680308990735,22.2435476923864,0.892328341811612,1,5.32178208283174,1,0.633333333333333,14.2996450431008,1648.78943757526,622.43182235684,1523.84210526316,575.263157894737,1646.25529154645,619.442099513863,5.40997466824335,6.49196960189202
um,O_O_A6S_002.png,3,99,0,23.4142607288278,23.4142607288278,6.61109824667167,4.60748626991666,0.717137165600636,90,23.4142607288278,0.99694350473373,1,5.46003321150001,1,0.833333333333333,13.7802874749495,1655.99324594929,570.752327499673,1530.5,527.5,1653.82925608199,567.506342698727,4.32797973459468,6.49196960189202
um,O_O_A6S_002.png,3,100,0,29.2678259110347,29.2678259110347,7.11722751714774,5.41946906793328,0.648214376160358,-76.6092335294703,29.2678259110347,0.936295807627987,1,6.10450271016025,1,0.714285714285714,16.4203551130522,1666.40203721099,996.733732877154,1540.12,921.2,1663.56721048483,992.730351622654,5.40997466824335,7.57396453554069
um,O_O_A6S_002.png,3,101,0,58.5356518220694,58.5356518220694,13.4230064575787,5.81897411195408,0.901149953336283,88.4589095877359,64.3892170042764,0.748264707919536,1,8.63307052425194,0.909090909090909,0.694444444444444,27.954421105747,1670.92477603364,1026.48859355249,1544.3,948.7,1667.89519021942,1019.78022496387,6.49196960189202,12.983939203784
um,O_O_A6S_002.png,3,102,0,35.1213910932417,35.1213910932417,7.17714243995625,6.41943135197635,0.447213595499958,90,35.1213910932417,0.987213774674668,1,6.68714767341238,1,0.714285714285714,17.7447169118382,1676.55114968861,1053.8630653738,1549.5,974,1673.30516488767,1050.07608310603,6.49196960189202,7.57396453554069
um,O_O_A6S_002.png,3,103,0,9.36570429153111,9.36570429153111,3.95088688177121,3.30554912333583,0.547722557505166,90,9.36570429153111,0.936368556122002,1,3.45322820970078,1,0.666666666666667,7.81200342094339,1756.07777731179,878.038888655895,1623,811.5,1754.45478491132,875.874898788598,3.24598480094601,4.32797973459468
um,O_O_A6S_002.png,3,104,0,9.36570429153111,9.36570429153111,3.95088688177121,3.30554912333583,0.547722557505166,90,9.36570429153111,0.936368556122002,1,3.45322820970078,1,0.666666666666667,7.81200342094339,1791.7836101222,80.6086225568259,1656,74.5,1790.16061772172,78.4446326895285,3.24598480094601,4.32797973459468
um,O_O_A6S_002.png,3,105,0,18.7314085830622,18.7314085830622,7.1327883861011,3.62247279693911,0.861438390390905,48.5625081744509,18.7314085830622,0.786814514085373,1,4.8836021681282,1,0.533333333333333,13.8971429277835,1798.27557972409,566.424347765079,1662,523.5,1795.57059238997,563.178362964133,5.40997466824335,6.49196960189202
um,O_O_A6S_002.png,3,106,0,36.2921041296831,36.2921041296831,9.6789027164096,5.01425605360199,0.855344047150904,88.5818165650777,38.6335302025658,0.787763794205077,1,6.79768652848591,0.939393939393939,0.688888888888889,20.661775252955,1812.72544754765,657.538792097009,1675.35483870968,607.709677419355,1809.6365265274,652.983942456972,5.40997466824335,9.73795440283803
um,O_O_A6S_002.png,3,107,0,156.875546883146,156.875546883146,21.0371048342506,11.0709025727986,0.850326187947244,80.5309586045277,186.143372794181,0.600152191239101,1,14.1329455490912,0.842767295597484,0.558333333333333,53.9136435538459,1818.4216794215,868.704663705911,1680.61940298507,802.873134328358,1810.71852146105,857.480984916571,12.983939203784,21.6398986729734
um,O_O_A6S_002.png,3,108,0,18.7314085830622,18.7314085830622,5.44592173923281,4.5047041299421,0.561951486949017,90,18.7314085830622,1,1,4.8836021681282,1,0.8,11.6595774049981,1815.04650119564,629.721051383526,1677.5,582,1812.88251132835,627.016064049404,4.32797973459468,5.40997466824335
um,O_O_A6S_002.png,3,109,0,9.36570429153111,9.36570429153111,3.95088688177121,3.30554912333583,0.547722557505166,90,9.36570429153111,0.936368556122002,1,3.45322820970078,1,0.666666666666667,7.81200342094339,1825.32545306531,618.360104580215,1687,571.5,1823.70246066483,616.196114712917,3.24598480094601,4.32797973459468
um,O_O_A6S_002.png,3,110,0,9.36570429153111,9.36570429153111,3.95088688177121,3.30554912333583,0.547722557505166,90,9.36570429153111,0.936368556122002,1,3.45322820970078,1,0.666666666666667,7.81200342094339,1855.62131120747,192.054100722639,1715,177.5,1853.998318807,189.890110855342,3.24598480094601,4.32797973459468
um,O_O_A6S_002.png,3,111,0,9.36570429153111,9.36570429153111,3.95088688177121,3.30554912333583,0.547722557505166,0,9.36570429153111,0.936368556122002,1,3.45322820970078,1,0.666666666666667,7.81200342094339,1898.36011108659,691.3947626015,1754.5,639,1896.19612121929,689.771770201027,4.32797973459468,3.24598480094601
um,O_O_A6S_002.png,3,112,0,50.3406605669797,50.3406605669797,8.5665998603497,7.74165662051181,0.428161209615933,-44.9999999999999,50.3406605669797,0.957194817095907,1,8.00598024866216,1,0.671875,22.3085715419683,1930.63123904948,249.211112159452,1784.32558139535,230.325581395349,1926.49197936146,245.071852471424,8.65595946918936,8.65595946918936
um,O_O_A6S_002.png,3,113,0,15.2192694737381,15.2192694737381,5.44567670928331,3.83376744712719,0.710197961544802,70.2059345761585,15.2192694737381,0.89034268275111,1,4.40201950653833,1,0.65,11.2570752896808,1973.30906783664,1021.65290850288,1823.76923076923,944.230769230769,1970.85377164105,1018.69823003022,4.32797973459468,5.40997466824335
um,O_O_A6S_002.png,3,114,0,5.85356518220694,5.85356518220694,3.00890580585037,3.00890580585037,0,0,5.85356518220694,0.817743873391467,1,2.73001660575,1,0.555555555555556,6.08513950684012,1976.80474377612,545.325446558929,1827,504,1975.18175137565,543.702454158456,3.24598480094601,3.24598480094601
um,O_O_A6S_002.png,3,115,0,38.6335302025658,38.6335302025658,17.1531848455331,3.55696785227023,0.978263672506511,-78.6033759329082,50.3406605669797,0.389207429987297,1,7.01353964889535,0.767441860465116,0.471428571428571,31.9188505426358,1989.59195662833,1084.71631484542,1838.81818181818,1002.51515151515,1987.08369564578,1077.12595644725,5.40997466824335,15.1479290710814
um,O_O_A6S_002.png,3,116,0,12.8778434008553,12.8778434008553,5.03993306260274,3.43192113395002,0.732333837236824,90,12.8778434008553,0.910476739226441,1,4.04926900426184,1,0.733333333333333,9.93271349089479,1991.9526728472,1096.0608677861,1841,1013,1990.32968044673,1093.35588045198,3.24598480094601,5.40997466824335
um,O_O_A6S_002.png,3,117,0,36.2921041296831,36.2921041296831,11.8920398092068,4.19927759229786,0.935579292045716,-67.9976193004894,40.9749562754486,0.66851581121975,1,6.79768652848591,0.885714285714286,0.516666666666667,22.7197296167548,2039.97928667625,125.406703116118,1885.38709677419,115.903225806452,2036.85546259362,119.560440168178,6.49196960189202,10.8199493364867
um,O_O_A6S_002.png,3,118,0,1072.37314138031,1072.37314138031,100.593228586152,17.8045233870849,0.984211706074554,79.7711239319656,1531.29265166534,0.276710464344974,1,36.951155466606,0.700305810397553,0.389953171562367,217.281894595591,2054.35519506306,764.775517255492,1898.67358078603,706.819868995633,2042.26543726186,726.559597945082,29.2138632085141,94.1335592274343
um,O_O_A6S_002.png,3,119,0,24.5849737652692,24.5849737652692,5.64694547371145,5.64694547371145,0,0,24.5849737652692,1,1,5.59486914987448,1,0.84,13.7802874749495,2046.05241952963,887.235845591909,1891,820,2043.34743219551,884.530858257787,5.40997466824335,5.40997466824335
um,O_O_A6S_002.png,3,120,0,24.5849737652692,24.5849737652692,6.69568832380083,4.93766391719597,0.675413379561587,32.7287825590093,24.5849737652692,0.922699191609221,1,5.59486914987448,1,0.7,14.8990702363422,2052.64743626806,723.545469201346,1897.09523809524,668.714285714286,2049.8394017974,721.149623276838,6.49196960189202,5.40997466824335
um,O_O_A6S_002.png,3,121,0,9.36570429153111,9.36570429153111,3.95088688177121,3.30554912333583,0.547722557505166,0,9.36570429153111,0.936368556122002,1,3.45322820970078,1,0.666666666666667,7.81200342094339,2057.41336633295,1015.9932426961,1901.5,939,2055.24937646565,1014.37025029563,4.32797973459468,3.24598480094601
um,O_O_A6S_002.png,3,122,0,5.85356518220694,5.85356518220694,3.00890580585037,3.00890580585037,0,0,5.85356518220694,0.817743873391467,1,2.73001660575,1,0.555555555555556,6.08513950684012,2063.36433846801,1159.89856887137,1907,1072,2061.74134606754,1158.2755764709,3.24598480094601,3.24598480094601
um,O_O_A6S_002.png,3,123,0,5.85356518220694,5.85356518220694,3.00890580585037,3.00890580585037,0,0,5.85356518220694,0.817743873391467,1,2.73001660575,1,0.555555555555556,6.08513950684012,2068.77431313626,1156.65258407043,1912,1069,2067.15132073578,1155.02959166995,3.24598480094601,3.24598480094601
um,O_O_A6S_003.png,4,1,1,8.19499125508972,8.19499125508972,3.50208691535766,3.27651006171355,0.3530939318019,90,8.19499125508972,0.972711556537156,1,3.23019920976077,1,0.777777777777778,6.89014373747473,1.85484845768343,70.3296706871635,1.71428571428571,65,0.540997466824335,68.7066782866905,3.24598480094601,3.24598480094601
um,O_O_A6S_003.png,4,2,1,4.68285214576556,4.68285214576556,3.30554912333583,2.25235206497105,0.7319250547114,90,4.68285214576556,0.840875939413586,1,2.4418010840641,1,0.666666666666667,4.96635674544739,1.35249366706084,74.6576504217582,1.25,69,0.540997466824335,73.0346580212852,2.16398986729734,3.24598480094601
um,O_O_A6S_003.png,4,3,1,232.971894251836,232.971894251836,47.4326092451756,7.71968246947218,0.9866672507893,-85.288991575357,302.043963401878,0.26496585586371,1,17.2229216038771,0.771317829457364,0.578488372093023,101.71509772751,1096.94712494281,1280.04894095061,1013.81909547739,1183.04522613065,1092.27388551833,1252.40913569834,8.65595946918936,46.5257821468928
um,O_O_A6S_003.png,4,4,0,5.85356518220694,5.85356518220694,3.00890580585037,3.00890580585037,0,0,5.85356518220694,0.817743873391467,1,2.73001660575,1,0.555555555555556,6.08513950684012,30.2958581421627,1204.26036115097,28,1113,28.6728657416897,1202.6373687505,3.24598480094601,3.24598480094601
um,O_O_A6S_003.png,4,5,0,158.046259919587,158.046259919587,37.6923007803569,6.31436036619835,0.98586801884319,82.0616647200076,202.53335530436,0.32763506925223,1,14.1855823999972,0.780346820809249,0.511363636363636,74.4585633539669,81.4301372286702,294.959833689914,75.2592592592593,272.607407407407,77.3626377558799,277.531700480884,8.65595946918936,35.7058328104061
um,O_O_A6S_003.png,4,6,0,11.7071303644139,11.7071303644139,5.69805009431365,3.00890580585037,0.849207775608447,63.434948822922,12.8778434008553,0.724104761719564,1,3.86082650935542,0.909090909090909,0.5,10.8545731743635,101.166526296151,907.793749331234,93.5,839,99.0025364288533,905.088761997112,4.32797973459468,5.40997466824335
um,O_O_A6S_003.png,4,7,0,19.9021216195036,19.9021216195036,7.11114502828869,3.9107562422156,0.835199243508718,57.1522746329683,21.072834655945,0.798399042673547,1,5.033901893172,0.944444444444444,0.566666666666667,14.2996450431008,106.417384062387,899.965197752482,98.3529411764706,831.764705882353,103.330516163448,896.432802527923,5.40997466824335,6.49196960189202
um,O_O_A6S_003.png,4,8,0,74.9256343322489,74.9256343322489,23.8121869162678,4.28351110806106,0.983687217935852,89.6274990884575,91.3156168424283,0.400006013950452,1,9.7672043362564,0.82051282051282,0.60952380952381,45.1170247432822,105.93406647254,1142.55283759132,97.90625,1055.96875,103.330516163448,1131.22570312968,5.40997466824335,22.7218936066221
um,O_O_A6S_003.png,4,9,0,5.85356518220694,5.85356518220694,3.00890580585037,3.00890580585037,0,0,5.85356518220694,0.817743873391467,1,2.73001660575,1,0.555555555555556,6.08513950684012,125.511412303246,1232.39222942583,116,1139,123.888419902773,1230.76923702536,3.24598480094601,3.24598480094601
um,O_O_A6S_003.png,4,10,0,627.502187532584,648.575022188529,49.6522370567551,17.7439872336905,0.933964685152041,76.7271862638053,702.427821864833,0.598181002998574,0,28.2658910981824,0.893333333333333,0.567195767195767,111.415182307671,172.323842361665,1202.96237096004,159.264925373134,1111.80037313433,161.758242580476,1178.83348021023,22.7218936066221,48.6897720141901
um,O_O_A6S_003.png,4,11,0,97.1691820246353,97.1691820246353,15.5020842068232,9.837431576751,0.77285087989256,63.5814701866052,113.559164534815,0.659986709219072,1,11.1229332949243,0.855670103092783,0.538961038961039,39.6139985107451,179.559014651527,1124.07541130913,165.951807228916,1038.89156626506,172.578191916963,1114.99577912495,11.9019442701354,15.1479290710814
um,O_O_A6S_003.png,4,12,0,9.36570429153111,9.36570429153111,3.95088688177121,3.30554912333583,0.547722557505166,90,9.36570429153111,0.936368556122002,1,3.45322820970078,1,0.666666666666667,7.81200342094339,176.365174184733,258.055791675208,163,238.5,174.74218178426,255.89180180791,3.24598480094601,4.32797973459468
um,O_O_A6S_003.png,4,13,0,42.14566931189,42.14566931189,7.97360970064533,7.00604107467649,0.477459742554731,79.7253209814345,44.4870953847728,0.86209169467752,1,7.3254032521923,0.947368421052632,0.73469387755102,21.3867118584996,179.370715667091,1142.73692700711,165.777777777778,1056.13888888889,175.824176717909,1138.79966766522,7.57396453554069,7.57396453554069
um,O_O_A6S_003.png,4,14,0,23.4142607288278,23.4142607288278,9.15213906034333,3.54906160454289,0.921749883695264,67.8865697431521,25.7556868017106,0.658142516449779,1,5.46003321150001,0.909090909090909,0.5,17.7447169118382,302.038885728026,1092.27388551833,279.15,1009.5,299.171599153857,1087.94590578374,5.40997466824335,8.65595946918936
um,O_O_A6S_003.png,4,15,0,11.7071303644139,11.7071303644139,5.69805009431365,3.00890580585037,0.849207775608447,-63.434948822922,12.8778434008553,0.724104761719564,1,3.86082650935542,0.909090909090909,0.5,10.8545731743635,326.221472495074,872.087916520828,301.5,806,324.057482627777,869.382929186706,4.32797973459468,5.40997466824335
um,O_O_A6S_003.png,4,16,0,9.36570429153111,9.36570429153111,3.95088688177121,3.30554912333583,0.547722557505166,90,9.36570429153111,0.936368556122002,1,3.45322820970078,1,0.666666666666667,7.81200342094339,328.926459829196,884.530858257787,304,817.5,327.303467428723,882.36686839049,3.24598480094601,4.32797973459468
um,O_O_A6S_003.png,4,17,0,285.653980891699,285.653980891699,49.1725959496098,8.76963710129088,0.983968200811511,81.3142835251909,375.798884697686,0.29816642925907,1,19.0710761254402,0.7601246105919,0.432624113475177,106.32331414992,336.269835280516,1171.27281889108,310.786885245902,1082.51229508197,329.46745729602,1143.12764739982,12.983939203784,50.8537618814875
um,O_O_A6S_003.png,4,18,0,15.2192694737381,15.2192694737381,5.44567670928331,3.83376744712719,0.710197961544802,70.2059345761585,15.2192694737381,0.89034268275111,1,4.40201950653833,1,0.65,11.2570752896808,343.824697761743,1195.85409282031,317.769230769231,1105.23076923077,341.369401566155,1192.89941434766,4.32797973459468,5.40997466824335
um,O_O_A6S_003.png,4,19,0,5.85356518220694,5.85356518220694,3.00890580585037,3.00890580585037,0,0,5.85356518220694,0.817743873391467,1,2.73001660575,1,0.555555555555556,6.08513950684012,384.108201445278,1245.37616862962,355,1151,382.485209044805,1243.75317622915,3.24598480094601,3.24598480094601
um,O_O_A6S_003.png,4,20,0,9.36570429153111,9.36570429153111,3.95088688177121,3.30554912333583,0.547722557505166,90,9.36570429153111,0.936368556122002,1,3.45322820970078,1,0.666666666666667,7.81200342094339,397.092140649062,24.3448860070951,367,22.5,395.469148248589,22.1808961397977,3.24598480094601,4.32797973459468
um,O_O_A6S_003.png,4,21,0,19.9021216195036,19.9021216195036,5.29200266858249,5.06675122654772,0.288647295727436,0,19.9021216195036,0.955617011938973,1,5.033901893172,1,0.68,12.7783601663908,402.502115317305,737.538664183576,372,681.647058823529,399.797127983183,735.215557414271,5.40997466824335,5.40997466824335
um,O_O_A6S_003.png,4,22,0,5.85356518220694,5.85356518220694,3.00890580585037,3.00890580585037,0,0,5.85356518220694,0.817743873391467,1,2.73001660575,1,0.555555555555556,6.08513950684012,410.076079852846,786.610316762583,379,727,408.453087452373,784.98732436211,3.24598480094601,3.24598480094601
um,O_O_A6S_003.png,4,23,0,5.85356518220694,5.85356518220694,3.00890580585037,3.00890580585037,0,0,5.85356518220694,0.817743873391467,1,2.73001660575,1,0.555555555555556,6.08513950684012,411.158074786494,777.954357293393,380,719,409.535082386021,776.33136489292,3.24598480094601,3.24598480094601
um,O_O_A6S_003.png,4,24,0,16.3899825101794,16.3899825101794,6.19312433295289,3.50208691535766,0.824762122153737,90,16.3899825101794,0.86255066866221,1,4.56819153161053,1,0.777777777777778,12.0534235608462,428.469993724873,1284.8689837078,396,1187.5,426.8470013244,1281.62299890685,3.24598480094601,6.49196960189202
um,O_O_A6S_003.png,4,25,0,14.0485564372967,14.0485564372967,4.32797973459468,4.32797973459468,0,0,14.0485564372967,1,1,4.22932353957578,1,0.75,9.53886733504667,444.158920262779,345.69738130075,410.5,319.5,441.994930395482,343.533391433453,4.32797973459468,4.32797973459468
um,O_O_A6S_003.png,4,26,0,520.967301216418,520.967301216418,91.0478445234885,9.8674317761488,0.994109938502053,78.7113194715873,772.670604051317,0.19340137034281,1,25.7549251488467,0.674242424242424,0.296469020652898,180.584954425963,464.411677116322,173.790269387578,429.21797752809,160.620224719101,456.060864532914,131.462384438313,20.5579037393247,85.4775997582449
um,O_O_A6S_003.png,4,27,0,5.85356518220694,5.85356518220694,3.00890580585037,3.00890580585037,0,0,5.85356518220694,0.817743873391467,1,2.73001660575,1,0.555555555555556,6.08513950684012,463.093831601631,268.33474354487,428,248,461.470839201158,266.711751144397,3.24598480094601,3.24598480094601
um,O_O_A6S_003.png,4,28,0,25.7556868017106,25.7556868017106,7.45915861055344,4.8826668030163,0.755986848228385,-79.8892922228497,26.9263998381519,0.766818766040265,1,5.7265311435241,0.956521739130435,0.628571428571429,17.1452917185968,479.766389897399,1213.70322602645,443.409090909091,1121.72727272727,476.618768272239,1210.21133328604,5.40997466824335,7.57396453554069
um,O_O_A6S_003.png,4,29,0,9.36570429153111,9.36570429153111,3.95088688177121,3.30554912333583,0.547722557505166,90,9.36570429153111,0.936368556122002,1,3.45322820970078,1,0.666666666666667,7.81200342094339,484.733730274604,1221.03128262252,448,1128.5,483.110737874131,1218.86729275523,3.24598480094601,4.32797973459468
um,O_O_A6S_003.png,4,30,0,53.8527996763039,53.8527996763039,10.6007217973862,7.47863646779147,0.708726142343795,-56.1910450361222,62.0477909313936,0.744228768087454,1,8.28055035263787,0.867924528301887,0.575,26.7555707192643,492.684040874022,890.340700618901,455.347826086957,822.869565217391,488.520712542374,884.530858257787,8.65595946918936,10.8199493364867
um,O_O_A6S_003.png,4,31,0,46.8285214576556,46.8285214576556,8.49970212450766,7.28291635114735,0.51557622790088,-72.1763462730666,46.8285214576556,0.9578796607528,1,7.72165301871084,1,0.714285714285714,21.3867118584996,545.78529440573,151.100592484037,504.425,139.65,541.538464291159,146.610313509395,7.57396453554069,8.65595946918936
um,O_O_A6S_003.png,4,32,0,17.5606955466208,17.5606955466208,6.36490392226832,3.77164903924554,0.80551920027818,23.9119801446212,17.5606955466208,0.843191481122624,1,4.72852746666574,1,0.625,12.7783601663908,564.296424395569,1222.22147704954,521.533333333333,1129.6,561.014373096835,1219.94928768888,6.49196960189202,4.32797973459468
um,O_O_A6S_003.png,4,33,0,9.36570429153111,9.36570429153111,3.95088688177121,3.30554912333583,0.547722557505166,90,9.36570429153111,0.936368556122002,1,3.45322820970078,1,0.666666666666667,7.81200342094339,601.58918310866,1004.63229589279,556,928.5,599.966190708187,1002.46830602549,3.24598480094601,4.32797973459468
um,O_O_A6S_003.png,4,34,0,100.681321133959,100.681321133959,21.6153336542567,6.19169792164603,0.958095391523091,-66.7571859515613,112.388451498373,0.58302814499319,1,11.3221658477492,0.895833333333333,0.477777777777778,43.1845817917857,607.540155243728,40.8138554041428,561.5,37.7209302325581,602.130180575485,30.8368556089871,10.8199493364867,19.4759088056761
um,O_O_A6S_003.png,4,35,0,5.85356518220694,5.85356518220694,3.00890580585037,3.00890580585037,0,0,5.85356518220694,0.817743873391467,1,2.73001660575,1,0.555555555555556,6.08513950684012,621.065091914336,458.765851867036,574,424,619.442099513863,457.142859466563,3.24598480094601,3.24598480094601
um,O_O_A6S_003.png,4,36,0,30.4385389474761,30.4385389474761,11.023339309212,3.61773014219621,0.944612349124538,90,30.4385389474761,0.667652423900898,1,6.22539568797743,1,0.866666666666667,20.5362638406517,622.147086847985,770.921390224677,575,712.5,620.524094447512,765.511415556434,3.24598480094601,10.8199493364867
um,O_O_A6S_003.png,4,37,0,26.9263998381519,26.9263998381519,9.79961237495622,3.60037188063376,0.930063260130472,90,26.9263998381519,0.711030168770743,1,5.85523330630689,1,0.851851851851852,18.4155537707004,623.229081781634,782.282337027988,576,723,621.606089381161,777.413359826569,3.24598480094601,9.73795440283803
um,O_O_A6S_003.png,4,38,0,44.4870953847728,44.4870953847728,15.4506143881111,4.71758814844212,0.952245521705982,75.9926382938031,60.8770778949522,0.501043451446104,1,7.52613639753478,0.730769230769231,0.487179487179487,30.0037195100776,637.095701062868,926.785607771857,588.815789473684,856.552631578947,633.508033651296,919.154696134545,6.49196960189202,14.0659341374327
um,O_O_A6S_003.png,4,39,0,5.85356518220694,5.85356518220694,3.00890580585037,3.00890580585037,0,0,5.85356518220694,0.817743873391467,1,2.73001660575,1,0.555555555555556,6.08513950684012,638.377010852715,452.273882265144,590,418,636.754018452242,450.650889864671,3.24598480094601,3.24598480094601
um,O_O_A6S_003.png,4,40,0,5.85356518220694,5.85356518220694,3.00890580585037,3.00890580585037,0,0,5.85356518220694,0.817743873391467,1,2.73001660575,1,0.555555555555556,6.08513950684012,692.476757535149,300.79459155433,640,278,690.853765134676,299.171599153857,3.24598480094601,3.24598480094601
um,O_O_A6S_003.png,4,41,0,9.36570429153111,9.36570429153111,3.95088688177121,3.30554912333583,0.547722557505166,90,9.36570429153111,0.936368556122002,1,3.45322820970078,1,0.666666666666667,7.81200342094339,693.558752468797,291.597634618316,641,269.5,691.935760068324,289.433644751019,3.24598480094601,4.32797973459468
um,O_O_A6S_003.png,4,42,0,24.5849737652692,24.5849737652692,6.6448401759611,4.90300619407343,0.674946483009408,-51.3431427028171,24.5849737652692,0.942884346406848,1,5.59486914987448,1,0.7,14.7021471584181,696.804737269743,319.600693972509,644,295.380952380952,694.099749935622,316.483518092236,5.40997466824335,6.49196960189202
um,O_O_A6S_003.png,4,43,0,28.0971128745933,28.0971128745933,8.18909594038796,4.77738977189069,0.812196276410677,-74.4169949586986,30.4385389474761,0.789771019739735,1,5.98116670933186,0.923076923076923,0.6,17.7447169118382,698.788394648099,268.785574767224,645.833333333333,248.416666666667,696.263739802919,264.5477612771,5.40997466824335,8.65595946918936
um,O_O_A6S_003.png,4,44,0,142.826990445849,142.826990445849,24.3286845658539,7.89028855025812,0.94594729366883,-81.8125941007784,159.216972956029,0.559084752905039,1,13.4852872528236,0.897058823529412,0.635416666666667,53.2601186139221,703.083855409278,248.193673919328,649.803278688525,229.385245901639,698.427729670216,235.333898068586,8.65595946918936,25.9678784075681
um,O_O_A6S_003.png,4,45,0,12.8778434008553,12.8778434008553,5.51863041833037,3.32539728155691,0.798061088299374,59.3052298329826,14.0485564372967,0.79651523789152,1,4.04926900426184,0.916666666666667,0.55,10.8545731743635,703.69015957478,350.566358502169,650.363636363636,324,701.673714471162,347.861371168047,4.32797973459468,5.40997466824335
um,O_O_A6S_003.png,4,46,0,78.4377734415731,78.4377734415731,12.4794518127406,8.21209781762185,0.752974615792042,81.10105069113,79.6084864780144,0.919028343758321,1,9.99350163590262,0.985294117647059,0.87012987012987,29.3501945701538,736.660908855488,1050.19720194189,680.835820895522,970.611940298507,733.051567546974,1044.66610843779,7.57396453554069,11.9019442701354
um,O_O_A6S_003.png,4,47,0,110.047025425491,110.047025425491,22.4907936121852,6.72553362942043,0.954242155361794,80.6031539179249,127.607720972111,0.59406196776493,1,11.8370699310349,0.862385321100917,0.618421052631579,44.8486899997374,743.687347533052,954.331042062527,687.329787234043,882.010638297872,738.461542215217,944.040579608464,8.65595946918936,20.5579037393247
um,O_O_A6S_003.png,4,48,0,26.9263998381519,26.9263998381519,9.95870886495232,4.7429581827319,0.87930322688753,61.8890622474176,33.9506780568003,0.528043374447529,1,5.85523330630689,0.793103448275862,0.479166666666667,21.9147253861202,770.239262983899,8.60891621120463,711.869565217391,7.95652173913043,767.675405423731,4.86897720141901,6.49196960189202,8.65595946918936
um,O_O_A6S_003.png,4,49,0,19.9021216195036,19.9021216195036,5.29200266858249,5.06675122654772,0.288647295727437,90,19.9021216195036,0.955617011938973,1,5.033901893172,1,0.68,12.7783601663908,790.55641593236,438.207948127711,730.647058823529,405,788.233309163056,435.50296079359,5.40997466824335,5.40997466824335
um,O_O_A6S_003.png,4,50,0,207.216207450126,207.216207450126,45.7067113210568,6.49572184114609,0.98984980011956,82.1160583725993,269.263998381519,0.25681684247552,1,16.2430252611866,0.769565217391304,0.421428571428571,97.2951484235557,797.845947768494,968.30599706111,737.38418079096,894.926553672316,791.479293964002,942.958584674816,10.8199493364867,45.4437872132441
um,O_O_A6S_003.png,4,51,0,9.36570429153111,9.36570429153111,3.95088688177121,3.30554912333583,0.547722557505166,90,9.36570429153111,0.936368556122002,1,3.45322820970078,1,0.666666666666667,7.81200342094339,799.594255966367,1279.45900903955,739,1182.5,797.971263565894,1277.29501917225,3.24598480094601,4.32797973459468
um,O_O_A6S_003.png,4,52,0,12.8778434008553,12.8778434008553,5.51863041833037,3.32539728155691,0.798061088299374,-30.6947701670174,14.0485564372967,0.79651523789152,1,4.04926900426184,0.916666666666667,0.55,10.8545731743635,840.710063445016,228.989473230373,777,211.636363636364,838.005076110895,226.677938599396,5.40997466824335,4.32797973459468
um,O_O_A6S_003.png,4,53,0,14.0485564372967,14.0485564372967,4.32797973459468,4.32797973459468,0,0,14.0485564372967,1,1,4.22932353957578,1,0.75,9.53886733504667,840.169065978192,925.646665736437,776.5,855.5,838.005076110895,923.482675869139,4.32797973459468,4.32797973459468
um,O_O_A6S_003.png,4,54,0,5.85356518220694,5.85356518220694,3.00890580585037,3.00890580585037,0,0,5.85356518220694,0.817743873391467,1,2.73001660575,1,0.555555555555556,6.08513950684012,869.92392665353,860.185972250692,804,795,868.300934253057,858.562979850219,3.24598480094601,3.24598480094601
um,O_O_A6S_003.png,4,55,0,249.361876762016,249.361876762016,38.0243896555725,9.03155251401452,0.971382651717958,-75.7897638834383,287.995406964582,0.414655062353959,1,17.818456791843,0.865853658536585,0.493055555555556,83.5321728675446,875.755523760707,884.370844922529,809.389671361502,817.352112676056,868.300934253057,865.054949452111,12.983939203784,38.9518176113521
um,O_O_A6S_003.png,4,56,0,26.9263998381519,26.9263998381519,8.50189435797241,4.28613626830832,0.863622543995169,44.2472720953774,28.0971128745933,0.786523913141009,1,5.85523330630689,0.958333333333333,0.547619047619048,17.3422147965209,911.180863906134,882.578563051421,842.130434782609,815.695652173913,907.252751864409,879.120883589544,7.57396453554069,6.49196960189202
um,O_O_A6S_003.png,4,57,0,348.872484859534,348.872484859534,42.1911838512457,11.482162420098,0.962255968148469,77.7765868750677,389.847441134982,0.530424571307499,1,21.0760110977665,0.894894894894895,0.536936936936937,87.5139142233717,926.768600080388,861.565697333868,856.536912751678,796.275167785235,918.072701200896,840.169065978192,16.22992400473,40.0338125450008
um,O_O_A6S_003.png,4,58,0,367.603893442596,367.603893442596,35.5342981933648,15.0033367604223,0.906492798234143,63.8184334377399,426.139545264666,0.60218736225242,1,21.634412724401,0.862637362637363,0.51559934318555,84.1856978074684,933.603118926866,635.792628049414,862.853503184713,587.611464968153,924.564670802788,622.688084314809,22.7218936066221,31.3778530758114
um,O_O_A6S_003.png,4,59,0,37.4628171661244,37.4628171661244,9.41688174944969,5.31768652236312,0.825298188784101,83.4890351983641,39.8042432390072,0.840464941144824,1,6.90645641940155,0.941176470588235,0.711111111111111,20.2679290971069,944.547764733612,1032.62891480095,872.96875,954.375,941.876589741167,1027.35418949941,5.40997466824335,9.73795440283803
um,O_O_A6S_003.png,4,60,0,14.0485564372967,14.0485564372967,4.32797973459468,4.32797973459468,0,0,14.0485564372967,1,1,4.22932353957578,1,0.75,9.53886733504667,963.51648841414,124.970414836421,890.5,115.5,961.352498546843,122.806424969124,4.32797973459468,4.32797973459468
um,O_O_A6S_003.png,4,61,0,12.8778434008553,12.8778434008553,5.03993306260274,3.43192113395002,0.732333837236824,90,12.8778434008553,0.910476739226441,1,4.04926900426184,1,0.733333333333333,9.93271349089479,1004.09129842597,307.286561156222,928,284,1002.46830602549,304.5815738221,3.24598480094601,5.40997466824335
um,O_O_A6S_003.png,4,62,0,12.8778434008553,12.8778434008553,5.51863041833037,3.32539728155691,0.798061088299374,59.3052298329826,12.8778434008553,0.79651523789152,1,4.04926900426184,1,0.55,10.8545731743635,1005.86183559012,354.894338236764,929.636363636364,328,1003.55030095914,352.189350902642,4.32797973459468,5.40997466824335
um,O_O_A6S_003.png,4,63,0,12.8778434008553,12.8778434008553,5.03993306260274,3.43192113395002,0.732333837236824,90,12.8778434008553,0.910476739226441,1,4.04926900426184,1,0.733333333333333,9.93271349089479,1005.17329335961,781.200342094339,929,722,1003.55030095914,778.495354760218,3.24598480094601,5.40997466824335
um,O_O_A6S_003.png,4,64,0,5.85356518220694,5.85356518220694,3.00890580585037,3.00890580585037,0,0,5.85356518220694,0.817743873391467,1,2.73001660575,1,0.555555555555556,6.08513950684012,1013.8292528288,842.874053312314,937,779,1012.20626042833,841.251060911841,3.24598480094601,3.24598480094601
um,O_O_A6S_003.png,4,65,0,33.9506780568003,33.9506780568003,11.1869314969855,4.47053855417333,0.916680228765408,-57.7723670109583,38.6335302025658,0.592828315092788,1,6.57475063196244,0.878787878787879,0.46031746031746,23.427354303361,1019.64963936843,666.95660116909,942.379310344828,616.413793103448,1015.45224522928,661.639901926161,7.57396453554069,9.73795440283803
um,O_O_A6S_003.png,4,66,0,15.2192694737381,15.2192694737381,5.44567670928331,3.83376744712719,0.710197961544802,19.7940654238415,15.2192694737381,0.89034268275111,1,4.40201950653833,1,0.65,11.2570752896808,1030.30886797207,680.325122126479,952.230769230769,628.769230769231,1027.35418949941,677.869825930891,5.40997466824335,4.32797973459468
um,O_O_A6S_003.png,4,67,0,239.996172470485,239.996172470485,26.331410434497,17.1278651596016,0.759529585653549,-13.1159707966143,331.311789312913,0.460284048268282,1,17.480635496872,0.724381625441696,0.490430622009569,77.5465768946002,1066.20836366553,135.449931620614,985.409756097561,125.185365853659,1053.32206790698,126.05240977007,23.8038885402707,20.5579037393247
um,O_O_A6S_003.png,4,68,0,23.4142607288278,23.4142607288278,6.74634742184976,4.67519297292796,0.720941258691845,-55.437323413225,24.5849737652692,0.917846839332225,1,5.46003321150001,0.952380952380952,0.666666666666667,14.5052240804941,1070.2011888719,483.218937367496,989.1,446.6,1067.38800204441,479.864753073185,5.40997466824335,6.49196960189202
um,O_O_A6S_003.png,4,69,0,21.072834655945,21.072834655945,5.85761373194046,4.79987988450202,0.573185257832411,58.4139370051573,22.2435476923864,0.963299138439604,1,5.17984231455116,0.947368421052632,0.72,13.1808622817081,1076.28440483219,348.22203614593,994.722222222222,321.833333333333,1073.8799716463,345.69738130075,5.40997466824335,5.40997466824335
um,O_O_A6S_003.png,4,70,0,60.8770778949522,60.8770778949522,14.3867516799887,5.58758174768545,0.921497693448731,-73.7556572537617,64.3892170042764,0.7078397666514,1,8.80403901307667,0.945454545454545,0.666666666666667,29.4757059824571,1084.5958830084,211.862931046361,1002.40384615385,195.807692307692,1081.45393618185,205.038039926423,6.49196960189202,14.0659341374327
um,O_O_A6S_003.png,4,71,0,42.14566931189,42.14566931189,10.805127891245,5.5979624632533,0.855329822145566,-77.4546532577493,47.9992344940969,0.700014206391722,1,7.3254032521923,0.878048780487805,0.6,24.1068471216924,1085.21086303479,489.933317039082,1002.97222222222,452.805555555556,1082.53593111549,484.19273280778,6.49196960189202,10.8199493364867
um,O_O_A6S_003.png,4,72,0,25.7556868017106,25.7556868017106,6.78036013707445,4.98368508635589,0.678047859496017,58.7986479343219,25.7556868017106,0.98778360099765,1,5.7265311435241,1,0.733333333333333,14.7021471584181,1093.8968779188,1095.51987031928,1011,1012.5,1091.19189058468,1092.27388551833,5.40997466824335,6.49196960189202
um,O_O_A6S_003.png,4,73,0,5.85356518220694,5.85356518220694,3.00890580585037,3.00890580585037,0,0,5.85356518220694,0.817743873391467,1,2.73001660575,1,0.555555555555556,6.08513950684012,1105.79882218894,922.941678402315,1022,853,1104.17582978847,921.318686001842,3.24598480094601,3.24598480094601
um,O_O_A6S_003.png,4,74,0,989.252515792974,1024.37390688622,95.9903139241229,20.8445044428292,0.976137765604126,-82.5059393212361,1514.90266915516,0.118854581347097,-3,35.49021587475,0.653013910355487,0.448038176033934,320.008657586063,1153.6793388208,352.697056217662,1066.25207100592,325.969230769231,1142.04565246617,313.23753329129,24.8858834739194,88.7235845591909
um,O_O_A6S_003.png,4,75,0,5.85356518220694,5.85356518220694,3.00890580585037,3.00890580585037,0,0,5.85356518220694,0.817743873391467,1,2.73001660575,1,0.555555555555556,6.08513950684012,1150.16061446854,597.261203374066,1063,552,1148.53762206806,595.638210973593,3.24598480094601,3.24598480094601
um,O_O_A6S_003.png,4,76,0,24.5849737652692,24.5849737652692,5.64694547371145,5.64694547371145,0,0,24.5849737652692,1,1,5.59486914987448,1,0.84,13.7802874749495,1152.32460433583,261.842773942978,1065,242,1149.61961700171,259.137786608856,5.40997466824335,5.40997466824335
um,O_O_A6S_003.png,4,77,0,5.85356518220694,5.85356518220694,3.00890580585037,3.00890580585037,0,0,5.85356518220694,0.817743873391467,1,2.73001660575,1,0.555555555555556,6.08513950684012,1159.89856887137,67.0836858862175,1072,62,1158.2755764709,65.4606934857445,3.24598480094601,3.24598480094601
um,O_O_A6S_003.png,4,78,0,23.4142607288278,23.4142607288278,8.58352338844864,3.57768023516531,0.908994601986545,90,23.4142607288278,0.758614392951473,1,5.46003321150001,1,0.833333333333333,16.294843700749,1171.80051314151,1256.73711543293,1083,1161.5,1170.17752074104,1252.40913569834,3.24598480094601,8.65595946918936
um,O_O_A6S_003.png,4,79,0,42.14566931189,42.14566931189,11.3319038315243,5.05838968555212,0.894841106339121,-67.6509118489707,44.4870953847728,0.74237826491381,1,7.3254032521923,0.947368421052632,0.6,23.3104988505269,1174.77599920904,1271.04349288895,1085.75,1174.72222222222,1171.25951567468,1265.39307490212,6.49196960189202,10.8199493364867
um,O_O_A6S_003.png,4,80,0,11.7071303644139,11.7071303644139,4.5047041299421,3.62965894220845,0.592257740151389,-45,11.7071303644139,0.907474877945258,1,3.86082650935542,1,0.625,9.33328829765342,1180.78107109079,621.822488367891,1091.3,574.7,1178.83348021023,619.442099513863,4.32797973459468,4.32797973459468
um,O_O_A6S_003.png,4,81,0,49.1699475305383,49.1699475305383,12.5649916514137,5.17600340568921,0.911211665284618,90,51.5113736034211,0.70394988735726,1,7.91233983145532,0.954545454545455,0.7,26.2275571916437,1229.4553860345,519.898565618186,1136.28571428571,480.5,1226.44125729077,513.406596016294,5.40997466824335,12.983939203784
um,O_O_A6S_003.png,4,82,0,77.2670604051317,77.2670604051317,23.1456999587012,5.29507223856202,0.973480192397402,-72.8791706500898,105.364173279725,0.38891402426768,1,9.91864289170924,0.733333333333333,0.4125,46.5668979543714,1233.81849547474,567.260434759262,1140.31818181818,524.272727272727,1229.68724209171,556.686393362241,8.65595946918936,21.6398986729734
um,O_O_A6S_003.png,4,83,0,5.85356518220694,5.85356518220694,3.00890580585037,3.00890580585037,0,0,5.85356518220694,0.817743873391467,1,2.73001660575,1,0.555555555555556,6.08513950684012,1236.72020916043,494.471684677442,1143,457,1235.09721675996,492.848692276969,3.24598480094601,3.24598480094601
um,O_O_A6S_003.png,4,84,0,12.8778434008553,12.8778434008553,5.03993306260274,3.43192113395002,0.732333837236824,90,12.8778434008553,0.910476739226441,1,4.04926900426184,1,0.733333333333333,9.93271349089479,1237.80220409408,558.309385762714,1144,516,1236.17921169361,555.604398428592,3.24598480094601,5.40997466824335
um,O_O_A6S_003.png,4,85,0,158.046259919587,158.046259919587,33.2526708243483,6.80630512077975,0.978828008382238,76.2069286435762,196.679790122153,0.434688826025512,1,14.1855823999972,0.803571428571429,0.482142857142857,64.1947594133756,1244.99947409716,1223.07104344188,1150.65185185185,1130.38518518519,1239.42519649455,1206.96534848509,10.8199493364867,30.2958581421627
um,O_O_A6S_003.png,4,86,0,9.36570429153111,9.36570429153111,4.75749780569578,2.93005613152778,0.787838597158335,45,9.36570429153111,0.750003552471025,1,3.45322820970078,1,0.5,9.12770926026018,1252.40913569834,1203.71936368415,1157.5,1112.5,1250.24514583104,1201.55537381685,4.32797973459468,4.32797973459468
um,O_O_A6S_003.png,4,87,0,22.2435476923864,22.2435476923864,5.83904528439413,5.02728205941277,0.508644361881473,45,22.2435476923864,1,1,5.32178208283174,1,0.76,13.1808622817081,1261.77693393966,253.357655779102,1166.15789473684,234.157894736842,1258.90110530023,250.481827139667,5.40997466824335,5.40997466824335
um,O_O_A6S_003.png,4,88,0,5.85356518220694,5.85356518220694,3.00890580585037,3.00890580585037,0,0,5.85356518220694,0.817743873391467,1,2.73001660575,1,0.555555555555556,6.08513950684012,1313.54184944948,243.448860070951,1214,225,1311.91885704901,241.825867670478,3.24598480094601,3.24598480094601
um,O_O_A6S_003.png,4,89,0,30.4385389474761,30.4385389474761,11.023339309212,3.61773014219621,0.944612349124538,90,30.4385389474761,0.667652423900898,1,6.22539568797743,1,0.866666666666667,20.5362638406517,1328.68977852057,1226.44125729077,1228,1133.5,1327.06678612009,1221.03128262252,3.24598480094601,10.8199493364867
um,O_O_A6S_003.png,4,90,0,73.7549212958075,73.7549212958075,15.6993685316563,6.21590981606444,0.918279079361782,-80.0842560971925,78.4377734415731,0.687609588415133,1,9.6905976292823,0.940298507462687,0.7,33.3146240070425,1333.48147036958,974.894609740208,1232.42857142857,901.015873015873,1330.31277092104,966.762473215086,6.49196960189202,16.22992400473
um,O_O_A6S_003.png,4,91,0,9.36570429153111,9.36570429153111,3.95088688177121,3.30554912333583,0.547722557505166,90,9.36570429153111,0.936368556122002,1,3.45322820970078,1,0.666666666666667,7.81200342094339,1354.65765692813,1105.25782472212,1252,1021.5,1353.03466452766,1103.09383485482,3.24598480094601,4.32797973459468
um,O_O_A6S_003.png,4,92,0,5.85356518220694,5.85356518220694,3.00890580585037,3.00890580585037,0,0,5.85356518220694,0.817743873391467,1,2.73001660575,1,0.555555555555556,6.08513950684012,1371.96957586651,238.038885402707,1268,220,1370.34658346604,236.415893002234,3.24598480094601,3.24598480094601
um,O_O_A6S_003.png,4,93,0,5.85356518220694,5.85356518220694,3.00890580585037,3.00890580585037,0,0,5.85356518220694,0.817743873391467,1,2.73001660575,1,0.555555555555556,6.08513950684012,1373.05157080016,29.2138632085141,1269,27,1371.42857839969,27.5908708080411,3.24598480094601,3.24598480094601
um,O_O_A6S_003.png,4,94,0,16.3899825101794,16.3899825101794,5.28166288706108,4.17937510891043,0.611429250513635,65.6423554472856,16.3899825101794,0.958830581424272,1,4.56819153161053,1,0.7,11.2570752896808,1374.51999249583,50.621905824277,1270.35714285714,46.7857142857143,1372.51057333334,48.1487745473658,4.32797973459468,5.40997466824335
um,O_O_A6S_003.png,4,95,0,11.7071303644139,11.7071303644139,4.5047041299421,3.62965894220845,0.59225774015139,45,11.7071303644139,0.907474877945258,1,3.86082650935542,1,0.625,9.33328829765342,1380.30093685561,1000.52071514492,1275.7,924.7,1377.92054800158,998.140326290898,4.32797973459468,4.32797973459468
um,O_O_A6S_003.png,4,96,0,25.7556868017106,25.7556868017106,6.34829972320773,5.39594718156194,0.526810031433486,90,25.7556868017106,0.98778360099765,1,5.7265311435241,1,0.733333333333333,14.7021471584181,1387.41259446495,290.515639684668,1282.27272727273,268.5,1384.41251760347,287.269654883722,5.40997466824335,6.49196960189202
um,O_O_A6S_003.png,4,97,0,5.85356518220694,5.85356518220694,3.00890580585037,3.00890580585037,0,0,5.85356518220694,0.817743873391467,1,2.73001660575,1,0.555555555555556,6.08513950684012,1388.19949987124,128.757397104192,1283,119,1386.57650747077,127.134404703719,3.24598480094601,3.24598480094601
um,O_O_A6S_003.png,4,98,0,33.9506780568003,33.9506780568003,9.78346765131583,4.7539966359782,0.874002493959328,85.3721361277239,37.4628171661244,0.749152783708761,1,6.57475063196244,0.90625,0.644444444444444,20.4648521750309,1392.26630841496,460.295568842194,1286.75862068966,425.413793103448,1389.82249227172,454.978869599266,5.40997466824335,9.73795440283803
um,O_O_A6S_003.png,4,99,0,5.85356518220694,5.85356518220694,3.00890580585037,3.00890580585037,0,0,5.85356518220694,0.817743873391467,1,2.73001660575,1,0.555555555555556,6.08513950684012,1392.52747960584,468.503806269874,1287,433,1390.90448720536,466.880813869401,3.24598480094601,3.24598480094601
um,O_O_A6S_003.png,4,100,0,5.85356518220694,5.85356518220694,3.00890580585037,3.00890580585037,0,0,5.85356518220694,0.817743873391467,1,2.73001660575,1,0.555555555555556,6.08513950684012,1394.69146947314,486.897720141901,1289,450,1393.06847707266,485.274727741428,3.24598480094601,3.24598480094601
um,O_O_A6S_003.png,4,101,0,18.7314085830622,18.7314085830622,6.60748652256487,3.87281847635832,0.810220043907183,78.5831729110412,19.9021216195036,0.836282686585807,1,4.8836021681282,0.941176470588235,0.666666666666667,13.3777853596322,1407.47253462686,1125.0042322612,1300.8125,1039.75,1404.9704213428,1121.48774872685,4.32797973459468,6.49196960189202
um,O_O_A6S_003.png,4,102,0,5.85356518220694,5.85356518220694,3.00890580585037,3.00890580585037,0,0,5.85356518220694,0.817743873391467,1,2.73001660575,1,0.555555555555556,6.08513950684012,1406.59341374327,1130.68470566286,1300,1045,1404.9704213428,1129.06171326239,3.24598480094601,3.24598480094601
um,O_O_A6S_003.png,4,103,0,11.7071303644139,11.7071303644139,4.5047041299421,3.62965894220845,0.592257740151389,-45,11.7071303644139,0.907474877945258,1,3.86082650935542,1,0.625,9.33328829765342,1408.00000715701,977.798821538303,1301.3,903.7,1406.05241627645,975.418432684276,4.32797973459468,4.32797973459468
um,O_O_A6S_003.png,4,104,0,14.0485564372967,14.0485564372967,5.4056670829999,3.59505670326093,0.746795899354174,53.3496221169968,14.0485564372967,0.868925714063477,1,4.22932353957578,1,0.6,10.8545731743635,1409.29840107739,999.763318691371,1302.5,924,1407.13441121009,997.058331357249,4.32797973459468,5.40997466824335
um,O_O_A6S_003.png,4,105,0,12.8778434008553,12.8778434008553,5.03993306260274,3.43192113395002,0.732333837236824,90,12.8778434008553,0.910476739226441,1,4.04926900426184,1,0.733333333333333,9.93271349089479,1453.11919589016,183.939138720274,1343,170,1451.49620348969,181.234151386152,3.24598480094601,5.40997466824335
um,O_O_A6S_003.png,4,106,0,15.2192694737381,15.2192694737381,7.39443608640803,3.03030499587367,0.912171445288484,-56.4709946249861,16.3899825101794,0.639286792694365,1,4.40201950653833,0.928571428571429,0.433333333333333,13.8971429277835,1454.1179604443,200.751675381584,1343.92307692308,185.538461538462,1451.49620348969,197.464075390882,5.40997466824335,6.49196960189202
um,O_O_A6S_003.png,4,107,0,31.6092519839175,31.6092519839175,11.3776994776464,3.85179554783207,0.940952343683789,-74.4806735333891,35.1213910932417,0.626069972450837,1,6.34398530936368,0.9,0.54,21.7892139738169,1455.32325964389,25.3266962246652,1345.03703703704,23.4074074074074,1452.57819842334,20.0169062725004,5.40997466824335,10.8199493364867
um,O_O_A6S_003.png,4,108,0,9.36570429153111,9.36570429153111,3.95088688177121,3.30554912333583,0.547722557505166,90,9.36570429153111,0.936368556122002,1,3.45322820970078,1,0.666666666666667,7.81200342094339,1454.20119082381,175.824176717909,1344,162.5,1452.57819842334,173.660186850611,3.24598480094601,4.32797973459468
um,O_O_A6S_003.png,4,109,0,21.072834655945,21.072834655945,7.46822063936973,3.86406089286991,0.855743390461672,-73.5373652953778,22.2435476923864,0.790885021379333,1,5.17984231455116,0.947368421052632,0.642857142857143,14.8990702363422,1456.72584566899,221.869072227624,1346.33333333333,205.055555555556,1454.74218829064,218.021979130207,4.32797973459468,7.57396453554069
um,O_O_A6S_003.png,4,110,0,51.5113736034211,51.5113736034211,10.7688179926585,6.31730349446886,0.809855627247622,-79.3483304517952,53.8527996763039,0.880610482240365,1,8.09853800852369,0.956521739130435,0.733333333333333,23.7130009658442,1470.82456753169,349.926997859558,1359.36363636364,323.409090909091,1467.72612749442,344.615386367101,6.49196960189202,10.8199493364867
um,O_O_A6S_003.png,4,111,0,11.7071303644139,11.7071303644139,7.47542879078757,3.00890580585037,0.91541729654603,-71.565051177078,16.3899825101794,0.424690499687478,1,3.86082650935542,0.714285714285714,0.416666666666667,15.2128487671003,1474.21809709631,597.80220084089,1362.5,552.5,1472.05410722902,594.556216039944,4.32797973459468,6.49196960189202
um,O_O_A6S_003.png,4,112,0,19.9021216195036,19.9021216195036,7.37899951032071,3.54674870160695,0.876910104976049,90,19.9021216195036,0.809844351494583,1,5.033901893172,1,0.80952380952381,14.1741336307976,1476.92308443043,618.901102047039,1365,572,1475.30009202996,615.114119779269,3.24598480094601,7.57396453554069
um,O_O_A6S_003.png,4,113,0,5.85356518220694,5.85356518220694,3.00890580585037,3.00890580585037,0,0,5.85356518220694,0.817743873391467,1,2.73001660575,1,0.555555555555556,6.08513950684012,1509.38293243989,586.441254037579,1395,542,1507.75994003942,584.818261637106,3.24598480094601,3.24598480094601
um,O_O_A6S_003.png,4,114,0,5.85356518220694,5.85356518220694,3.00890580585037,3.00890580585037,0,0,5.85356518220694,0.817743873391467,1,2.73001660575,1,0.555555555555556,6.08513950684012,1522.36687164368,175.283179251084,1407,162,1520.74387924321,173.660186850611,3.24598480094601,3.24598480094601
um,O_O_A6S_003.png,4,115,0,19.9021216195036,19.9021216195036,7.54014505667528,3.68043881944245,0.872780738621641,-76.3723358125285,21.072834655945,0.731125758105604,1,5.033901893172,0.944444444444444,0.607142857142857,15.0959933142662,1539.42420353885,273.744718213113,1422.76470588235,253,1536.97380324794,269.957735945343,4.32797973459468,7.57396453554069
um,O_O_A6S_003.png,4,116,0,5.85356518220694,5.85356518220694,3.00890580585037,3.00890580585037,0,0,5.85356518220694,0.817743873391467,1,2.73001660575,1,0.555555555555556,6.08513950684012,1541.84278044935,281.318682748654,1425,260,1540.21978804888,279.695690348181,3.24598480094601,3.24598480094601
um,O_O_A6S_003.png,4,117,0,208.386920486567,208.386920486567,33.7614620391123,8.14021266390216,0.970497892828524,87.9248670855434,230.630468178954,0.484030524581463,1,16.2888448875014,0.903553299492386,0.717741935483871,70.1543875079124,1545.58721235457,567.944003570765,1428.4606741573,524.904494382022,1541.30178298253,551.276418693997,8.65595946918936,33.5418429431088
um,O_O_A6S_003.png,4,118,0,9.36570429153111,9.36570429153111,3.95088688177121,3.30554912333583,0.547722557505166,90,9.36570429153111,0.936368556122002,1,3.45322820970078,1,0.666666666666667,7.81200342094339,1544.00677031665,301.335589021154,1427,278.5,1542.38377791618,299.171599153857,3.24598480094601,4.32797973459468
um,O_O_A6S_003.png,4,119,0,9.36570429153111,9.36570429153111,3.95088688177121,3.30554912333583,0.547722557505166,90,9.36570429153111,0.936368556122002,1,3.45322820970078,1,0.666666666666667,7.81200342094339,1545.0887652503,590.228236305349,1428,545.5,1543.46577284983,588.064246438052,3.24598480094601,4.32797973459468
um,O_O_A6S_003.png,4,120,0,22.2435476923864,22.2435476923864,7.28669586998788,4.08039087793895,0.828507338088689,-72.544084891695,22.2435476923864,0.834823078122629,1,5.32178208283174,1,0.678571428571429,14.8990702363422,1545.71518336978,661.041957357566,1428.57894736842,610.947368421053,1543.46577284983,657.311922191567,4.32797973459468,7.57396453554069
um,O_O_A6S_003.png,4,121,0,16.3899825101794,16.3899825101794,6.19312433295289,3.50208691535766,0.824762122153737,90,16.3899825101794,0.86255066866221,1,4.56819153161053,1,0.777777777777778,12.0534235608462,1551.58073485219,689.771770201027,1434,637.5,1549.95774245172,686.525785400081,3.24598480094601,6.49196960189202
um,O_O_A6S_003.png,4,122,0,11.7071303644139,11.7071303644139,4.5047041299421,3.62965894220845,0.592257740151389,45,11.7071303644139,0.907474877945258,1,3.86082650935542,1,0.625,9.33328829765342,1569.21725227067,1199.17498496282,1450.3,1108.3,1567.2696613901,1197.22739408225,4.32797973459468,4.32797973459468
um,O_O_A6S_003.png,4,123,0,175.606955466208,175.606955466208,24.2064240473937,9.82496757395423,0.91392520113493,-89.0907371905999,196.679790122153,0.674764299130617,1,14.9529167733296,0.892857142857143,0.681818181818182,53.7881321415427,1613.78823023743,97.5815164159947,1491.49333333333,90.1866666666667,1608.38546886875,86.0185972250692,10.8199493364867,23.8038885402707
um,O_O_A6S_003.png,4,124,0,14.0485564372967,14.0485564372967,5.4056670829999,3.59505670326093,0.746795899354174,-53.3496221169968,14.0485564372967,0.868925714063477,1,4.22932353957578,1,0.6,10.8545731743635,1615.95943340429,23.8038885402707,1493.5,22,1613.79544353699,21.0989012061491,4.32797973459468,5.40997466824335
um,O_O_A6S_003.png,4,125,0,17.5606955466208,17.5606955466208,6.36490392226832,3.77164903924554,0.80551920027818,66.0880198553788,17.5606955466208,0.843191481122624,1,4.72852746666574,1,0.625,12.7783601663908,1618.23162276495,74.1527194527222,1495.6,68.5333333333333,1615.95943340429,70.8706681539879,4.32797973459468,6.49196960189202
um,O_O_A6S_003.png,4,126,0,12.8778434008553,12.8778434008553,5.03993306260274,3.43192113395002,0.732333837236824,90,12.8778434008553,0.910476739226441,1,4.04926900426184,1,0.733333333333333,9.93271349089479,1618.66442073841,121.183432568651,1496,112,1617.04142833794,118.478445234529,3.24598480094601,5.40997466824335
um,O_O_A6S_003.png,4,127,0,97.1691820246353,97.1691820246353,23.4408218369269,6.12521846355242,0.965256118032456,-79.5282607048986,120.583442753463,0.490489865728225,1,11.1229332949243,0.805825242718447,0.51875,46.4954862887506,1624.99995733785,75.7787536060207,1501.85542168675,70.0361445783133,1620.28741313888,64.3786985520958,8.65595946918936,21.6398986729734
um,O_O_A6S_003.png,4,128,0,17.5606955466208,17.5606955466208,6.02171090357119,4.0181235015837,0.744813465011405,86.6727874769967,17.5606955466208,0.823032609973646,1,4.72852746666574,1,0.625,12.9752832443148,1627.17611421645,90.3826434574522,1503.86666666667,83.5333333333333,1624.61539287348,87.1005921587179,4.32797973459468,6.49196960189202
um,O_O_A6S_003.png,4,129,0,12.8778434008553,12.8778434008553,5.51863041833037,3.32539728155691,0.798061088299374,59.3052298329826,12.8778434008553,0.79651523789152,1,4.04926900426184,1,0.55,10.8545731743635,1697.25659819162,9.73795440283803,1568.63636363636,9,1694.94506356064,7.03296706871635,4.32797973459468,5.40997466824335
um,O_O_A6S_003.png,4,130,0,52.6820866398625,52.6820866398625,16.8337363396687,4.44362038342934,0.964530581766277,-36.4081369313899,63.218503967835,0.500605803485887,1,8.19004981725001,0.833333333333333,0.340909090909091,32.9662216384077,1713.71166457648,1029.98704383796,1583.84444444444,951.933333333333,1706.84700783078,1024.10820469847,12.983939203784,11.9019442701354
um,O_O_A6S_003.png,4,131,0,14.0485564372967,14.0485564372967,4.8388284458976,4.0804584255598,0.53748384988657,0,14.0485564372967,0.845404939381118,1,4.22932353957578,1,0.6,11.0514962522875,1714.96196983314,877.31755870013,1585,810.833333333333,1712.25698249902,874.792903854949,5.40997466824335,4.32797973459468
um,O_O_A6S_003.png,4,132,0,5.85356518220694,5.85356518220694,3.00890580585037,3.00890580585037,0,0,5.85356518220694,0.817743873391467,1,2.73001660575,1,0.555555555555556,6.08513950684012,1717.12595970044,1184.78445234529,1587,1095,1715.50296729997,1183.16145994482,3.24598480094601,3.24598480094601
um,O_O_A6S_003.png,4,133,0,174.436242429767,186.143372794181,16.2335675805022,15.5347781535881,0.290239481506567,-60.0658329801166,195.509077085712,0.883043852823226,-1,14.9029903675936,0.892215568862275,0.662222222222222,46.4240746231298,1760.04267149818,96.3919513372647,1626.6644295302,89.0872483221476,1752.29079504402,88.1825870923666,16.22992400473,16.22992400473
um,O_O_A6S_003.png,4,134,0,580.673666074929,580.673666074929,84.5091765226805,14.2085692925493,0.985764747896729,80.6350696048605,1022.03248081333,0.186788231388967,1,27.1907461139436,0.56815578465063,0.328042328042328,194.250550437946,1786.85137112022,734.3102592339,1651.44153225806,678.663306451613,1772.84869878335,689.771770201027,22.7218936066221,77.9036352227042
um,O_O_A6S_003.png,4,135,0,5.85356518220694,5.85356518220694,3.00890580585037,3.00890580585037,0,0,5.85356518220694,0.817743873391467,1,2.73001660575,1,0.555555555555556,6.08513950684012,1784.20964558666,773.626377558799,1649,715,1782.58665318618,772.003385158326,3.24598480094601,3.24598480094601
um,O_O_A6S_003.png,4,136,0,5.85356518220694,5.85356518220694,3.00890580585037,3.00890580585037,0,0,5.85356518220694,0.817743873391467,1,2.73001660575,1,0.555555555555556,6.08513950684012,1786.37363545395,770.380392757853,1651,712,1784.75064305348,768.75740035738,3.24598480094601,3.24598480094601
um,O_O_A6S_003.png,4,137,0,14.0485564372967,14.0485564372967,4.32797973459468,4.32797973459468,0,0,14.0485564372967,1,1,4.22932353957578,1,0.75,9.53886733504667,1791.24261265537,765.511415556434,1655.5,707.5,1789.07862278808,763.347425689136,4.32797973459468,4.32797973459468
um,O_O_A6S_003.png,4,138,0,14.0485564372967,14.0485564372967,5.4056670829999,3.59505670326093,0.746795899354174,36.6503778830032,14.0485564372967,0.868925714063477,1,4.22932353957578,1,0.6,10.8545731743635,1799.35757465774,731.969572613325,1663,676.5,1796.65258732362,729.805582746028,5.40997466824335,4.32797973459468
um,O_O_A6S_003.png,4,139,0,9.36570429153111,9.36570429153111,3.95088688177121,3.30554912333583,0.547722557505166,90,9.36570429153111,0.936368556122002,1,3.45322820970078,1,0.666666666666667,7.81200342094339,1805.84954425963,762.265430755488,1669,704.5,1804.22655185916,760.10144088819,3.24598480094601,4.32797973459468
um,O_O_A6S_003.png,4,140,0,21.072834655945,21.072834655945,6.28629047270233,4.63414026186863,0.67569422110635,73.7151202393221,22.2435476923864,0.864493965029738,1,5.17984231455116,0.947368421052632,0.6,14.1027219651768,1811.07918643893,765.81196970467,1673.83333333333,707.777777777778,1808.55453159375,762.265430755488,5.40997466824335,6.49196960189202
um,O_O_A6S_003.png,4,141,0,5.85356518220694,5.85356518220694,3.00890580585037,3.00890580585037,0,0,5.85356518220694,0.817743873391467,1,2.73001660575,1,0.555555555555556,6.08513950684012,1823.16146319801,732.510570080149,1685,677,1821.53847079754,730.887577679676,3.24598480094601,3.24598480094601
um,O_O_A6S_003.png,4,142,0,9.36570429153111,9.36570429153111,3.95088688177121,3.30554912333583,0.547722557505166,0,9.36570429153111,0.936368556122002,1,3.45322820970078,1,0.666666666666667,7.81200342094339,1868.06425294443,228.300930999869,1726.5,211,1865.90026307713,226.677938599396,4.32797973459468,3.24598480094601
um,O_O_A6S_003.png,4,143,0,12.8778434008553,12.8778434008553,5.03993306260274,3.43192113395002,0.732333837236824,0,12.8778434008553,0.910476739226441,1,4.04926900426184,1,0.733333333333333,9.93271349089479,1880.50719468139,558.309385762714,1738,516,1877.80220734727,556.686393362241,5.40997466824335,3.24598480094601
um,O_O_A6S_003.png,4,144,0,12.8778434008553,12.8778434008553,5.03993306260274,3.93616607631624,0.624536394841375,90,14.0485564372967,0.667583431155586,1,4.04926900426184,0.916666666666667,0.55,12.1702790136802,1891.62223354523,583.195269236633,1748.27272727273,539,1889.7041516174,580.490281902511,4.32797973459468,5.40997466824335
um,O_O_A6S_003.png,4,145,0,56.1942257491867,56.1942257491867,9.08409550246541,8.0353154268094,0.466449821360547,51.0111383430918,57.3649387856281,0.989837686551747,1,8.45864707915157,0.979591836734694,0.75,23.3104988505269,1899.53227226471,579.543536335569,1755.58333333333,535.625,1895.11412628564,575.080307234268,8.65595946918936,8.65595946918936
um,O_O_A6S_003.png,4,146,0,28.0971128745933,28.0971128745933,6.6973309285735,5.48077302566471,0.574717566567462,70.3951160037717,28.0971128745933,1,1,5.98116670933186,1,0.8,15.3015723516595,1901.20034778742,91.608904382254,1757.125,84.6666666666667,1898.36011108659,88.1825870923666,5.40997466824335,6.49196960189202
um,O_O_A6S_003.png,4,147,0,63.218503967835,63.218503967835,20.0061138059899,4.38707896660737,0.975660416923817,-87.2571662588781,76.0963473686903,0.481172326066753,1,8.97175006399779,0.830769230769231,0.635294117647059,37.233609656718,1916.39335998074,224.634170391393,1771.16666666667,207.611111111111,1913.50804015767,214.775994329261,5.40997466824335,18.3939138720274
um,O_O_A6S_003.png,4,148,0,9.36570429153111,9.36570429153111,3.95088688177121,3.30554912333583,0.547722557505166,0,9.36570429153111,0.936368556122002,1,3.45322820970078,1,0.666666666666667,7.81200342094339,1920.00000975956,252.10481954014,1774.5,233,1917.83601989227,250.481827139667,4.32797973459468,3.24598480094601
um,O_O_A6S_003.png,4,149,0,5.85356518220694,5.85356518220694,3.00890580585037,3.00890580585037,0,0,5.85356518220694,0.817743873391467,1,2.73001660575,1,0.555555555555556,6.08513950684012,1922.70499709369,20.5579037393247,1777,19,1921.08200469321,18.9349113388517,3.24598480094601,3.24598480094601
um,O_O_A6S_003.png,4,150,0,5.85356518220694,5.85356518220694,3.00890580585037,3.00890580585037,0,0,5.85356518220694,0.817743873391467,1,2.73001660575,1,0.555555555555556,6.08513950684012,1998.44464244909,106.03550349757,1847,98,1996.82165004862,104.412511097097,3.24598480094601,3.24598480094601
um,O_O_A6S_003.png,4,151,0,5.85356518220694,5.85356518220694,3.00890580585037,3.00890580585037,0,0,5.85356518220694,0.817743873391467,1,2.73001660575,1,0.555555555555556,6.08513950684012,1998.44464244909,189.349113388517,1847,175,1996.82165004862,187.726120988044,3.24598480094601,3.24598480094601
um,O_O_A6S_003.png,4,152,0,60.8770778949522,60.8770778949522,20.7790168076238,4.16586906259993,0.979696891233611,-86.5224893996075,74.9256343322489,0.430511139001155,1,8.80403901307667,0.8125,0.577777777777778,38.7548945334281,2008.39067280071,1092.41953868248,1856.19230769231,1009.63461538462,2005.47760951781,1082.53593111549,5.40997466824335,19.4759088056761
um,O_O_A6S_003.png,4,153,0,16.3899825101794,16.3899825101794,5.28166288706108,4.17937510891043,0.611429250513635,-65.6423554472856,16.3899825101794,0.958830581424272,1,4.56819153161053,1,0.7,11.2570752896808,2073.79786104248,232.397054677254,1916.64285714286,214.785714285714,2071.47930047038,229.923923400342,4.32797973459468,5.40997466824335
um,O_O_A6S_004.png,5,1,1,984.569663647208,990.423228829415,48.7405536283541,31.8477812439355,0.757000381718923,-88.1895883537525,1278.418635794,0.349984085674008,0,35.4061157189295,0.77014652014652,0.652950310559006,184.620795528472,14.2370462969752,1280.38211411077,13.1581450653983,1183.3531510107,0.540997466824335,1249.16315089739,30.2958581421627,49.7717669478388
um,O_O_A6S_004.png,5,2,1,63.218503967835,63.218503967835,17.9674089011083,4.77333133160258,0.964065105067069,-74.3831692980647,73.7549212958075,0.529211311531555,1,8.97175006399779,0.857142857142857,0.514285714285714,35.3455284975011,421.717543861177,1291.34091636647,389.759259259259,1193.48148148148,418.191041855211,1282.7049938405,7.57396453554069,16.22992400473
um,O_O_A6S_004.png,5,3,1,143.997703482291,143.997703482291,22.8969976897562,10.0633488399712,0.898240060559417,83.9829461345013,184.972659757739,0.532276644371717,1,13.5404420321015,0.778481012658228,0.488095238095238,54.9069149029354,647.692723330227,1288.62077914846,598.609756097561,1190.9674796748,641.081998186837,1276.21302423861,12.983939203784,22.7218936066221
um,O_O_A6S_004.png,5,4,1,43.3163823483314,43.3163823483314,10.5493397523875,5.85861672358611,0.831614136550713,-49.4280644436667,45.6578084212142,0.714335770745484,1,7.42644807029334,0.948717948717949,0.578125,24.2053086606544,1029.15264053777,3.9478193525019,951.162162162162,3.64864864864865,1024.10820469847,0.540997466824335,8.65595946918936,8.65595946918936
um,O_O_A6S_004.png,5,5,0,56.1942257491867,56.1942257491867,13.2476925602895,5.65104928066534,0.904455225249611,72.7149079224006,58.5356518220694,0.737138681509127,1,8.45864707915157,0.96,0.666666666666667,27.5519189904297,41.8596789955329,1234.96196739325,38.6875,1141.375,38.4108201445278,1228.60524715806,6.49196960189202,12.983939203784
um,O_O_A6S_004.png,5,6,0,439.017388665521,439.017388665521,38.6304293963939,22.0029979893693,0.821938088180443,-75.5261013093007,585.356518220695,0.350669074764783,1,23.6426373333287,0.75,0.422297297297297,122.029552606764,110.224987880657,1216.33253929067,101.872,1124.15733333333,96.8385465615559,1198.3093890159,25.9678784075681,40.0338125450008
um,O_O_A6S_004.png,5,7,0,17.5606955466208,17.5606955466208,6.36490392226832,3.77164903924554,0.80551920027818,-66.0880198553788,17.5606955466208,0.843191481122624,1,4.72852746666574,1,0.625,12.7783601663908,103.438715656813,424.646944959315,95.6,392.466666666667,101.166526296151,421.437026656157,4.32797973459468,6.49196960189202
um,O_O_A6S_004.png,5,8,0,122.924868826346,122.924868826346,27.3155161269093,5.95055896953263,0.975983294297649,82.0553720124853,142.826990445849,0.447085121603258,1,12.5105077443358,0.860655737704918,0.6,55.3808286838735,120.42088375827,1172.51153838362,111.295238095238,1083.65714285714,116.314455367232,1159.35757140455,7.57396453554069,27.0498733412167
um,O_O_A6S_004.png,5,9,0,18.7314085830622,18.7314085830622,5.22653207365704,4.93860860221401,0.327326835353989,18.434948822922,19.9021216195036,0.899404246530798,1,4.8836021681282,0.941176470588235,0.64,12.7783601663908,140.253593274209,531.124263054791,129.625,490.875,137.954354040205,528.554525087375,5.40997466824335,5.40997466824335
um,O_O_A6S_004.png,5,10,0,11.7071303644139,11.7071303644139,4.5047041299421,3.62965894220845,0.59225774015139,-45,11.7071303644139,0.907474877945258,1,3.86082650935542,1,0.625,9.33328829765342,151.154692230719,650.603553602945,139.7,601.3,148.774303376692,648.655962722377,4.32797973459468,4.32797973459468
um,O_O_A6S_004.png,5,11,0,29.2678259110347,29.2678259110347,9.38381530866286,4.26187570496716,0.890913503707208,42.9344357448954,29.2678259110347,0.742070497992436,1,6.10450271016025,1,0.510204081632653,18.8634996732309,160.741167342846,428.123755346106,148.56,395.68,157.430262845881,424.683011457103,7.57396453554069,7.57396453554069
um,O_O_A6S_004.png,5,12,0,31.6092519839175,31.6092519839175,7.2872795092648,5.66446900838129,0.629118822098702,90,31.6092519839175,0.952700780159751,1,6.34398530936368,1,0.771428571428571,17.0197803062936,164.463229914598,739.403278546356,152,683.37037037037,161.758242580476,735.215557414271,5.40997466824335,7.57396453554069
um,O_O_A6S_004.png,5,13,0,375.798884697686,375.798884697686,39.9714398783491,13.7922719409786,0.938583140469574,-89.3461809071919,475.309492795204,0.459686762462756,1,21.874231434829,0.79064039408867,0.578378378378378,97.9573293229487,173.850631441737,980.809868498516,160.676012461059,906.482866043614,163.922232447773,958.106513745897,16.22992400473,40.0338125450008
um,O_O_A6S_004.png,5,14,0,11.7071303644139,11.7071303644139,4.5047041299421,3.62965894220845,0.59225774015139,45,11.7071303644139,0.907474877945258,1,3.86082650935542,1,0.625,9.33328829765342,171.279797996584,897.298398474842,158.3,829.3,169.332207116017,895.350807594274,4.32797973459468,4.32797973459468
um,O_O_A6S_004.png,5,15,0,11.7071303644139,11.7071303644139,4.5047041299421,3.62965894220845,0.59225774015139,-45,11.7071303644139,0.907474877945258,1,3.86082650935542,1,0.625,9.33328829765342,171.279797996584,903.141171116545,158.3,834.7,169.332207116017,900.760782262517,4.32797973459468,4.32797973459468
um,O_O_A6S_004.png,5,16,0,9.36570429153111,9.36570429153111,3.95088688177121,3.30554912333583,0.547722557505166,90,9.36570429153111,0.936368556122002,1,3.45322820970078,1,0.666666666666667,7.81200342094339,233.710905668113,320.811497826831,216,296.5,232.08791326764,318.647507959533,3.24598480094601,4.32797973459468
um,O_O_A6S_004.png,5,17,0,626.331474496143,626.331474496143,75.6631947567351,15.567442388309,0.978605309178757,86.8419679800551,924.863298788697,0.320276617291262,1,28.2395113527266,0.677215189873418,0.479390681003584,153.36412588523,268.409573101029,1090.54977209602,248.069158878505,1007.90654205607,256.973796741559,1052.24007297333,19.4759088056761,67.0836858862175
um,O_O_A6S_004.png,5,18,0,293.848972146789,293.848972146789,28.2757848426001,15.5736361359413,0.834652809423699,-89.332642126967,332.482502349354,0.62324791936882,1,19.3427022806296,0.883802816901408,0.540948275862069,73.5734914982422,272.779113172726,1130.72781303073,252.107569721116,1045.03984063745,262.383771409802,1116.0777740586,17.3119189383787,31.3778530758114
um,O_O_A6S_004.png,5,19,0,5.85356518220694,5.85356518220694,3.00890580585037,3.00890580585037,0,0,5.85356518220694,0.817743873391467,1,2.73001660575,1,0.555555555555556,6.08513950684012,272.662723279465,1213.99831555381,252,1122,271.039730878992,1212.37532315333,3.24598480094601,3.24598480094601
um,O_O_A6S_004.png,5,20,0,33.9506780568003,33.9506780568003,7.18461939094257,6.18691355293869,0.508379570597496,-54.5502226858758,33.9506780568003,1,1,6.57475063196244,1,0.805555555555556,17.2253593436868,311.31605952981,355.267439938022,287.724137931034,328.344827586207,307.827558623047,352.189350902642,6.49196960189202,6.49196960189202
um,O_O_A6S_004.png,5,21,0,94.8277559517525,94.8277559517525,20.3771043891196,6.34541701599705,0.950279141208003,-71.8919842177944,107.705599352608,0.611601285469103,1,10.9881048782885,0.880434782608696,0.529411764705882,40.741437231607,315.942520625412,14.6403265096166,292,13.5308641975309,311.073543423993,4.86897720141901,9.73795440283803,18.3939138720274
um,O_O_A6S_004.png,5,22,0,15.2192694737381,15.2192694737381,5.44567670928331,3.83376744712719,0.710197961544802,-70.2059345761585,16.3899825101794,0.89034268275111,1,4.40201950653833,0.928571428571429,0.65,11.2570752896808,318.356201631243,41.3654986171838,294.230769230769,38.2307692307692,316.483518092236,38.4108201445278,4.32797973459468,5.40997466824335
um,O_O_A6S_004.png,5,23,0,32.7799650203589,32.7799650203589,6.61109824667167,6.49442264169311,0.187043905916563,90,32.7799650203589,1,1,6.46039841952153,1,0.777777777777778,16.8228572283695,319.420361483568,644.327982987783,295.214285714286,595.5,316.483518092236,641.081998186837,6.49196960189202,6.49196960189202
um,O_O_A6S_004.png,5,24,0,18.7314085830622,18.7314085830622,5.44592173923281,4.5047041299421,0.561951486949017,90,18.7314085830622,1,1,4.8836021681282,1,0.8,11.6595774049981,326.221472495074,688.148777800554,301.5,636,324.057482627777,685.443790466432,4.32797973459468,5.40997466824335
um,O_O_A6S_004.png,5,25,0,11.7071303644139,11.7071303644139,4.5047041299421,3.62965894220845,0.59225774015139,45,11.7071303644139,0.907474877945258,1,3.86082650935542,1,0.625,9.33328829765342,343.749790420182,657.528321178297,317.7,607.7,341.369401566155,655.14793232427,4.32797973459468,4.32797973459468
um,O_O_A6S_004.png,5,26,0,9.36570429153111,9.36570429153111,3.95088688177121,3.30554912333583,0.547722557505166,90,9.36570429153111,0.936368556122002,1,3.45322820970078,1,0.666666666666667,7.81200342094339,380.862216644332,124.970414836421,352,115.5,379.239224243859,122.806424969124,3.24598480094601,4.32797973459468
um,O_O_A6S_004.png,5,27,0,22.2435476923864,22.2435476923864,5.83904528439413,5.02728205941277,0.508644361881473,-45,22.2435476923864,1,1,5.32178208283174,1,0.76,13.1808622817081,382.855365206316,942.588428513304,353.842105263158,871.157894736842,380.321219177507,939.71259987387,5.40997466824335,5.40997466824335
um,O_O_A6S_004.png,5,28,0,121.754155789904,121.754155789904,28.3354155271045,7.39824819655679,0.965312987387968,-85.8115979903723,174.436242429767,0.379808882885985,1,12.4507913759549,0.697986577181208,0.444444444444444,60.0701947263068,393.388388760803,494.461280880003,363.576923076923,456.990384615385,388.977178646697,480.946748006834,9.73795440283803,28.1318682748654
um,O_O_A6S_004.png,5,29,0,5.85356518220694,5.85356518220694,3.00890580585037,3.00890580585037,0,0,5.85356518220694,0.817743873391467,1,2.73001660575,1,0.555555555555556,6.08513950684012,404.666105184602,695.722742336095,374,643,403.043112784129,694.099749935622,3.24598480094601,3.24598480094601
um,O_O_A6S_004.png,5,30,0,52.6820866398625,52.6820866398625,15.3968915251155,4.60160761652801,0.954295082749781,-79.6760051879468,58.5356518220694,0.590812049304929,1,8.19004981725001,0.9,0.642857142857143,30.0751311756984,410.316523171434,709.30778983635,379.222222222222,655.555555555556,407.371092518724,701.673714471162,5.40997466824335,15.1479290710814
um,O_O_A6S_004.png,5,31,0,5.85356518220694,5.85356518220694,3.00890580585037,3.00890580585037,0,0,5.85356518220694,0.817743873391467,1,2.73001660575,1,0.555555555555556,6.08513950684012,465.257821468928,101.707523762975,430,94,463.634829068455,100.084531362502,3.24598480094601,3.24598480094601
um,O_O_A6S_004.png,5,32,0,40.9749562754486,40.9749562754486,13.3034363476368,4.21867244611662,0.948388267822222,-87.3544519634406,43.3163823483314,0.616422300570036,1,7.22294501389118,0.945945945945946,0.729166666666667,25.5026205860991,473.728296092349,515.338729826381,437.828571428571,476.285714285714,471.208793603996,509.078616281699,4.32797973459468,12.983939203784
um,O_O_A6S_004.png,5,33,0,5.85356518220694,5.85356518220694,3.00890580585037,3.00890580585037,0,0,5.85356518220694,0.817743873391467,1,2.73001660575,1,0.555555555555556,6.08513950684012,474.995775871766,645.950975388256,439,597,473.372783471293,644.327982987783,3.24598480094601,3.24598480094601
um,O_O_A6S_004.png,5,34,0,154.534120810263,154.534120810263,23.6823684710021,8.83455893529323,0.927813763500345,64.8020498843955,169.753390284001,0.596950833303732,1,14.0270792977907,0.910344827586207,0.483516483516484,53.6366528508319,479.06965073558,737.617258289719,442.765151515152,681.719696969697,473.372783471293,726.559597945082,14.0659341374327,22.7218936066221
um,O_O_A6S_004.png,5,35,0,594.722222512226,594.722222512226,52.9668222157522,15.7497359429886,0.954768244587283,-73.1534954797531,739.890639030958,0.476814946213373,1,27.5177007003738,0.80379746835443,0.493683187560739,121.795841701096,488.084080728599,1194.19227049869,451.096456692913,1103.69488188976,475.53677333859,1169.09552580739,22.7218936066221,53.0177517487848
um,O_O_A6S_004.png,5,36,0,5.85356518220694,5.85356518220694,3.00890580585037,3.00890580585037,0,0,5.85356518220694,0.817743873391467,1,2.73001660575,1,0.555555555555556,6.08513950684012,480.405750540009,698.968727137041,444,646,478.782758139536,697.345734736568,3.24598480094601,3.24598480094601
um,O_O_A6S_004.png,5,37,0,11.7071303644139,11.7071303644139,4.5047041299421,3.62965894220845,0.59225774015139,-45,11.7071303644139,0.907474877945258,1,3.86082650935542,1,0.625,9.33328829765342,481.812343953753,706.218093192487,445.3,652.7,479.864753073185,703.83770433846,4.32797973459468,4.32797973459468
um,O_O_A6S_004.png,5,38,0,12.8778434008553,12.8778434008553,5.03993306260274,3.43192113395002,0.732333837236824,90,12.8778434008553,0.910476739226441,1,4.04926900426184,1,0.733333333333333,9.93271349089479,547.489436426227,186.103128587571,506,172,545.866444025754,183.398141253449,3.24598480094601,5.40997466824335
um,O_O_A6S_004.png,5,39,0,19.9021216195036,19.9021216195036,7.37899951032071,3.54674870160695,0.876910104976049,90,19.9021216195036,0.809844351494583,1,5.033901893172,1,0.80952380952381,14.1741336307976,548.571431359876,194.759088056761,507,180,546.948438959402,190.97210578899,3.24598480094601,7.57396453554069
um,O_O_A6S_004.png,5,40,0,9.36570429153111,9.36570429153111,3.95088688177121,3.30554912333583,0.547722557505166,90,9.36570429153111,0.936368556122002,1,3.45322820970078,1,0.666666666666667,7.81200342094339,549.653426293524,170.414202049665,508,157.5,548.030433893051,168.250212182368,3.24598480094601,4.32797973459468
um,O_O_A6S_004.png,5,41,0,12.8778434008553,12.8778434008553,5.03993306260274,3.43192113395002,0.732333837236824,0,12.8778434008553,0.910476739226441,1,4.04926900426184,1,0.733333333333333,9.93271349089479,568.047340165552,136.331361639732,525,126,565.34235283143,134.708369239259,5.40997466824335,3.24598480094601
um,O_O_A6S_004.png,5,42,0,18.7314085830622,18.7314085830622,6.60748652256487,3.87281847635832,0.810220043907183,-78.5831729110412,19.9021216195036,0.836282686585807,1,4.8836021681282,0.941176470588235,0.666666666666667,13.3777853596322,631.005920367234,860.997468450929,583.1875,795.75,629.180053916701,857.480984916571,4.32797973459468,6.49196960189202
um,O_O_A6S_004.png,5,43,0,9.36570429153111,9.36570429153111,3.95088688177121,3.30554912333583,0.547722557505166,90,9.36570429153111,0.936368556122002,1,3.45322820970078,1,0.666666666666667,7.81200342094339,635.131026051769,875.874898788598,587,809.5,633.508033651296,873.710908921301,3.24598480094601,4.32797973459468
um,O_O_A6S_004.png,5,44,0,90.1449038059869,90.1449038059869,20.5053826684143,5.86440237180065,0.958231612699548,83.2538840339855,98.3398950610767,0.564339728083749,1,10.713358776879,0.916666666666667,0.675438596491228,41.403618131,697.423020088971,410.989452199432,644.571428571429,379.844155844156,694.099749935622,400.879122916832,6.49196960189202,20.5579037393247
um,O_O_A6S_004.png,5,45,0,11.7071303644139,11.7071303644139,4.5047041299421,3.62965894220845,0.592257740151389,-45,11.7071303644139,0.907474877945258,1,3.86082650935542,1,0.625,9.33328829765342,718.769234422811,249.616231192748,664.3,230.7,716.821643542244,247.235842338721,4.32797973459468,4.32797973459468
um,O_O_A6S_004.png,5,46,0,5.85356518220694,5.85356518220694,3.00890580585037,3.00890580585037,0,0,5.85356518220694,0.817743873391467,1,2.73001660575,1,0.555555555555556,6.08513950684012,723.85461061096,1163.14455367232,669,1075,722.231618210487,1161.52156127185,3.24598480094601,3.24598480094601
um,O_O_A6S_004.png,5,47,0,74.9256343322489,74.9256343322489,15.3296894518636,6.42872704536778,0.90781795744875,-85.4116312105858,78.4377734415731,0.751415680792,1,9.7672043362564,0.955223880597015,0.761904761904762,31.9989181677258,766.779378369303,78.6644129104259,708.671875,72.703125,763.347425689136,70.8706681539879,6.49196960189202,15.1479290710814
um,O_O_A6S_004.png,5,48,0,16.3899825101794,16.3899825101794,6.19312433295289,3.50208691535766,0.824762122153737,90,16.3899825101794,0.86255066866221,1,4.56819153161053,1,0.777777777777778,12.0534235608462,769.298397824204,92.5105668269613,711,85.5,767.675405423731,89.2645820260152,3.24598480094601,6.49196960189202
um,O_O_A6S_004.png,5,49,0,40.9749562754486,40.9749562754486,8.52865683833908,6.39823819257182,0.661205680913978,78.628609652889,44.4870953847728,0.851623177667753,1,7.22294501389118,0.921052631578947,0.625,21.1897887805755,785.466493547011,678.689050666368,725.942857142857,627.257142857143,781.741339561164,674.623841129946,7.57396453554069,8.65595946918936
um,O_O_A6S_004.png,5,50,0,18.7314085830622,18.7314085830622,6.07130775605892,4.18088733476997,0.7251124853068,-52.4378410008194,18.7314085830622,0.921706842252305,1,4.8836021681282,1,0.64,12.5814370884667,786.745566129289,555.063400961767,727.125,513,783.905329428461,552.358413627646,5.40997466824335,5.40997466824335
um,O_O_A6S_004.png,5,51,0,5.85356518220694,5.85356518220694,3.00890580585037,3.00890580585037,0,0,5.85356518220694,0.817743873391467,1,2.73001660575,1,0.555555555555556,6.08513950684012,795.266276231772,1046.28910083826,735,967,793.643283831299,1044.66610843779,3.24598480094601,3.24598480094601
um,O_O_A6S_004.png,5,52,0,23.4142607288278,23.4142607288278,8.58352338844864,3.57768023516531,0.908994601986545,90,23.4142607288278,0.758614392951473,1,5.46003321150001,1,0.833333333333333,16.294843700749,801.758245833664,1068.46999697806,741,987.5,800.135253433191,1064.14201724347,3.24598480094601,8.65595946918936
um,O_O_A6S_004.png,5,53,0,45.6578084212142,45.6578084212142,12.9116739805109,5.88941287988212,0.88991271706168,49.0431323674633,56.1942257491867,0.567320178753322,1,7.62452144123367,0.8125,0.433333333333333,28.4023670082776,856.773526690723,266.697879414478,791.846153846154,246.487179487179,852.071010248327,261.301776476154,9.73795440283803,10.8199493364867
um,O_O_A6S_004.png,5,54,0,26.9263998381519,26.9263998381519,7.24312396110952,5.03005152331145,0.719532423295908,82.3658895647169,26.9263998381519,0.861392143017748,1,5.85523330630689,1,0.657142857142857,16.4203551130522,855.293473420281,420.049250545607,790.478260869565,388.217391304348,852.071010248327,416.027051987913,5.40997466824335,7.57396453554069
um,O_O_A6S_004.png,5,55,0,16.3899825101794,16.3899825101794,6.19312433295289,3.50208691535766,0.824762122153737,90,16.3899825101794,0.86255066866221,1,4.56819153161053,1,0.777777777777778,12.0534235608462,860.185972250692,276.449705547235,795,255.5,858.562979850219,273.203720746289,3.24598480094601,6.49196960189202
um,O_O_A6S_004.png,5,56,0,44.4870953847728,44.4870953847728,13.7412545608879,4.53495766907253,0.943972188681914,69.2580647466539,51.5113736034211,0.606845887527149,1,7.52613639753478,0.863636363636364,0.527777777777778,26.9524937971884,866.393206343729,703.723810134918,800.736842105263,650.394736842105,862.890959584814,697.345734736568,6.49196960189202,12.983939203784
um,O_O_A6S_004.png,5,57,0,25.7556868017106,25.7556868017106,8.62595855134658,4.1268644143775,0.878129037825347,44.2269652839711,26.9263998381519,0.752327221265313,1,5.7265311435241,0.956521739130435,0.523809523809524,17.3422147965209,878.924157237972,1257.22893131186,812.318181818182,1161.95454545455,875.874898788598,1253.49113063198,6.49196960189202,7.57396453554069
um,O_O_A6S_004.png,5,58,0,5.85356518220694,5.85356518220694,3.00890580585037,3.00890580585037,0,0,5.85356518220694,0.817743873391467,1,2.73001660575,1,0.555555555555556,6.08513950684012,896.973799994747,6.49196960189202,829,6,895.350807594274,4.86897720141901,3.24598480094601,3.24598480094601
um,O_O_A6S_004.png,5,59,0,9.36570429153111,9.36570429153111,3.95088688177121,3.30554912333583,0.547722557505166,90,9.36570429153111,0.936368556122002,1,3.45322820970078,1,0.666666666666667,7.81200342094339,899.137789862044,840.169065978192,831,776.5,897.514797461571,838.005076110895,3.24598480094601,4.32797973459468
um,O_O_A6S_004.png,5,60,0,53.8527996763039,53.8527996763039,10.556287751438,6.69030538833727,0.773517909021839,-64.2657512091987,55.0235127127453,0.907408854425724,1,8.28055035263787,0.978723404255319,0.73015873015873,23.9099240437683,903.042380274777,176.788563506596,834.608695652174,163.391304347826,899.678787328869,171.496196983314,7.57396453554069,9.73795440283803
um,O_O_A6S_004.png,5,61,0,11.7071303644139,11.7071303644139,4.5047041299421,3.62965894220845,0.59225774015139,45,11.7071303644139,0.907474877945258,1,3.86082650935542,1,0.625,9.33328829765342,909.633140718437,364.307694159507,840.7,336.7,907.252751864409,361.92730530548,4.32797973459468,4.32797973459468
um,O_O_A6S_004.png,5,62,0,5.85356518220694,5.85356518220694,3.00890580585037,3.00890580585037,0,0,5.85356518220694,0.817743873391467,1,2.73001660575,1,0.555555555555556,6.08513950684012,909.957739198531,9.73795440283803,841,9,908.334746798058,8.11496200236502,3.24598480094601,3.24598480094601
um,O_O_A6S_004.png,5,63,0,9.36570429153111,9.36570429153111,3.95088688177121,3.30554912333583,0.547722557505166,0,9.36570429153111,0.936368556122002,1,3.45322820970078,1,0.666666666666667,7.81200342094339,913.744721466301,14.0659341374327,844.5,13,911.580731599004,12.4429417369597,4.32797973459468,3.24598480094601
um,O_O_A6S_004.png,5,64,0,206.045494413684,206.045494413684,38.4807794328309,7.86497962580402,0.978890118093508,-72.2441801055384,261.06900712643,0.427923682351076,1,16.1970760170474,0.789237668161435,0.391111111111111,74.387151688346,928.738958075217,205.972490096392,858.357954545455,190.363636363636,920.236691068194,190.97210578899,16.22992400473,32.4598480094601
um,O_O_A6S_004.png,5,65,0,29.2678259110347,29.2678259110347,8.41473769215093,4.7270216010121,0.827303593625201,-55.9665013425881,30.4385389474761,0.807565623403471,1,6.10450271016025,0.961538461538462,0.595238095238095,17.9416399897622,927.26965813691,14.5420119082381,857,13.44,924.564670802788,10.2789518696624,6.49196960189202,7.57396453554069
um,O_O_A6S_004.png,5,66,0,14.0485564372967,14.0485564372967,4.8388284458976,4.0804584255598,0.53748384988657,90,14.0485564372967,0.845404939381118,1,4.22932353957578,1,0.6,11.0514962522875,929.613980493149,486.897720141901,859.166666666667,450,927.810655603734,484.19273280778,4.32797973459468,5.40997466824335
um,O_O_A6S_004.png,5,67,0,28.0971128745933,28.0971128745933,8.65545627354246,4.74129701320265,0.836621573378365,-68.4926623307139,31.6092519839175,0.687310321202277,1,5.98116670933186,0.888888888888889,0.5,19.2660017885482,933.130464027507,593.699636717472,862.416666666667,548.708333333333,929.974645471032,589.146241371701,6.49196960189202,8.65595946918936
um,O_O_A6S_004.png,5,68,0,17.5606955466208,17.5606955466208,6.36490392226832,3.77164903924554,0.80551920027818,66.0880198553788,17.5606955466208,0.843191481122624,1,4.72852746666574,1,0.625,12.7783601663908,933.328829765342,48.1848410451541,862.6,44.5333333333333,931.05664040468,44.9027897464198,4.32797973459468,6.49196960189202
um,O_O_A6S_004.png,5,69,0,9.36570429153111,9.36570429153111,3.95088688177121,3.30554912333583,0.547722557505166,90,9.36570429153111,0.936368556122002,1,3.45322820970078,1,0.666666666666667,7.81200342094339,933.761627738802,186.644126054396,863,172.5,932.138635338329,184.480136187098,3.24598480094601,4.32797973459468
um,O_O_A6S_004.png,5,70,0,43.3163823483314,43.3163823483314,9.00975564640459,6.58314308543516,0.682732594667958,47.3646149076381,45.6578084212142,0.798435092512095,1,7.42644807029334,0.948717948717949,0.660714285714286,22.7110736572856,935.662429649266,629.691808277211,864.756756756757,581.972972972973,932.138635338329,625.934069115755,7.57396453554069,8.65595946918936
um,O_O_A6S_004.png,5,71,0,52.6820866398625,52.6820866398625,19.4020406965827,4.14982223686933,0.976858657739403,-44.9468855719464,65.5599300407178,0.435132632692286,1,8.19004981725001,0.803571428571429,0.288461538461538,35.6062892765104,940.421907663706,26.665164031475,869.155555555556,24.6444444444444,933.220630271977,20.0169062725004,14.0659341374327,12.983939203784
um,O_O_A6S_004.png,5,72,0,5.85356518220694,5.85356518220694,3.00890580585037,3.00890580585037,0,0,5.85356518220694,0.817743873391467,1,2.73001660575,1,0.555555555555556,6.08513950684012,937.007612539748,1230.22823955854,866,1137,935.384620139275,1228.60524715806,3.24598480094601,3.24598480094601
um,O_O_A6S_004.png,5,73,0,46.8285214576556,46.8285214576556,15.2051316507967,4.36750524162167,0.95785897508162,-79.6577636473968,53.8527996763039,0.576363031187909,1,7.72165301871084,0.869565217391304,0.615384615384615,28.5538462989884,940.253597340694,1203.80051330417,869,1112.575,937.548610006572,1196.1453991486,5.40997466824335,14.0659341374327
um,O_O_A6S_004.png,5,74,0,5.85356518220694,5.85356518220694,3.00890580585037,3.00890580585037,0,0,5.85356518220694,0.817743873391467,1,2.73001660575,1,0.555555555555556,6.08513950684012,954.319531478127,29.2138632085141,882,27,952.696539077654,27.5908708080411,3.24598480094601,3.24598480094601
um,O_O_A6S_004.png,5,75,0,5.85356518220694,5.85356518220694,3.00890580585037,3.00890580585037,0,0,5.85356518220694,0.817743873391467,1,2.73001660575,1,0.555555555555556,6.08513950684012,969.467460549208,16.22992400473,896,15,967.844468148735,14.606931604257,3.24598480094601,3.24598480094601
um,O_O_A6S_004.png,5,76,0,40.9749562754486,40.9749562754486,16.0653291151658,4.64204323280815,0.957344821206477,-30.4234136279306,57.3649387856281,0.429149962752628,1,7.22294501389118,0.714285714285714,0.324074074074074,31.2393577243044,977.041425084749,25.4732521521858,903,23.5428571428571,971.090452949681,21.0989012061491,12.983939203784,9.73795440283803
um,O_O_A6S_004.png,5,77,0,5.85356518220694,5.85356518220694,3.00890580585037,3.00890580585037,0,0,5.85356518220694,0.817743873391467,1,2.73001660575,1,0.555555555555556,6.08513950684012,1010.58326802786,405.748100118251,934,375,1008.96027562738,404.125107717778,3.24598480094601,3.24598480094601
um,O_O_A6S_004.png,5,78,0,9.36570429153111,9.36570429153111,3.95088688177121,3.30554912333583,0.547722557505166,0,9.36570429153111,0.936368556122002,1,3.45322820970078,1,0.666666666666667,7.81200342094339,1012.20626042833,391.682165980818,935.5,362,1010.04227056103,390.059173580345,4.32797973459468,3.24598480094601
um,O_O_A6S_004.png,5,79,0,172.094816356884,172.094816356884,39.8469527761089,6.39624524590954,0.98703253735919,-88.5429799618362,221.264763887423,0.309681116612013,1,14.8026323885152,0.777777777777778,0.583333333333333,80.1671686238972,1014.96277133072,993.337593677253,938.047619047619,918.061224489796,1011.12426549468,972.17244788333,7.57396453554069,38.9518176113521
um,O_O_A6S_004.png,5,80,0,9.36570429153111,9.36570429153111,3.95088688177121,3.30554912333583,0.547722557505166,90,9.36570429153111,0.936368556122002,1,3.45322820970078,1,0.666666666666667,7.81200342094339,1035.46915150178,56.8047340165552,957,52.5,1033.8461591013,54.6407441492578,3.24598480094601,4.32797973459468
um,O_O_A6S_004.png,5,81,0,33.9506780568003,33.9506780568003,7.18461939094258,6.18691355293869,0.508379570597496,54.5502226858758,35.1213910932417,1,1,6.57475063196244,0.966666666666667,0.805555555555556,17.2253593436868,1060.6535163367,1004.46440012722,980.275862068965,928.344827586207,1057.65004764157,1001.38631109184,6.49196960189202,6.49196960189202
um,O_O_A6S_004.png,5,82,0,71.4134952229247,71.4134952229247,15.9924262471774,8.62619705305104,0.842054379030162,-58.4439865607743,100.681321133959,0.453932706932327,1,9.53553806272008,0.709302325581395,0.435714285714286,41.0638717218343,1065.74727202208,44.7520199605835,984.983606557377,41.3606557377049,1059.81403750887,38.4108201445278,10.8199493364867,15.1479290710814
um,O_O_A6S_004.png,5,83,0,5.85356518220694,5.85356518220694,3.00890580585037,3.00890580585037,0,0,5.85356518220694,0.817743873391467,1,2.73001660575,1,0.555555555555556,6.08513950684012,1066.84700457759,29.2138632085141,986,27,1065.22401217712,27.5908708080411,3.24598480094601,3.24598480094601
um,O_O_A6S_004.png,5,84,0,71.4134952229247,71.4134952229247,18.9259960855848,5.25079309803693,0.960743503774368,-72.3995043597218,80.7791995144558,0.526475013200934,1,9.53553806272008,0.884057971014493,0.512605042016807,37.8871345966418,1081.4982802365,75.5977443805021,999.540983606557,69.8688524590164,1077.12595644725,66.5426884193932,7.57396453554069,18.3939138720274
um,O_O_A6S_004.png,5,85,0,5.85356518220694,5.85356518220694,3.00890580585037,3.00890580585037,0,0,5.85356518220694,0.817743873391467,1,2.73001660575,1,0.555555555555556,6.08513950684012,1078.74894884772,1076.58495898043,997,995,1077.12595644725,1074.96196657995,3.24598480094601,3.24598480094601
um,O_O_A6S_004.png,5,86,0,5.85356518220694,5.85356518220694,3.00890580585037,3.00890580585037,0,0,5.85356518220694,0.817743873391467,1,2.73001660575,1,0.555555555555556,6.08513950684012,1094.97887285245,690.312767667851,1012,638,1093.35588045198,688.689775267378,3.24598480094601,3.24598480094601
um,O_O_A6S_004.png,5,87,0,5.85356518220694,5.85356518220694,3.00890580585037,3.00890580585037,0,0,5.85356518220694,0.817743873391467,1,2.73001660575,1,0.555555555555556,6.08513950684012,1120.94675126002,76.8216402890555,1036,71,1119.32375885955,75.1986478885825,3.24598480094601,3.24598480094601
um,O_O_A6S_004.png,5,88,0,958.813976845498,958.813976845498,54.8345700808377,36.120822141024,0.752385072484401,-75.3888447998363,1548.85334721196,0.247064012213796,1,34.9399466422671,0.619047619047619,0.371597096188748,217.435537876169,1147.3928740705,67.4469930983706,1060.442002442,62.3357753357753,1121.48774872685,40.5748100118251,41.1158074786494,62.7557061516228
um,O_O_A6S_004.png,5,89,0,5.85356518220694,5.85356518220694,3.00890580585037,3.00890580585037,0,0,5.85356518220694,0.817743873391467,1,2.73001660575,1,0.555555555555556,6.08513950684012,1125.27473099462,641.622995653661,1040,593,1123.65173859414,640.000003253188,3.24598480094601,3.24598480094601
um,O_O_A6S_004.png,5,90,0,62.0477909313936,62.0477909313936,14.4356611961592,5.82014831921957,0.915121353711431,86.9466796974727,67.9013561136006,0.687729931971329,1,8.88829010987547,0.913793103448276,0.67948717948718,30.2720542536225,1153.46784426573,28.9484682247889,1066.05660377358,26.7547169811321,1149.61961700171,21.0989012061491,6.49196960189202,14.0659341374327
um,O_O_A6S_004.png,5,91,0,11.7071303644139,11.7071303644139,4.5047041299421,3.62965894220845,0.59225774015139,-45,11.7071303644139,0.907474877945258,1,3.86082650935542,1,0.625,9.33328829765342,1157.40998052398,19.8005072857707,1069.7,18.3,1155.02959166995,17.8529164052031,4.32797973459468,4.32797973459468
um,O_O_A6S_004.png,5,92,0,1706.89960713155,1716.26531142308,77.7452693318654,32.6129664860075,0.907762314242634,22.7211632489598,2370.69389879381,0.334831850954922,-1,46.6185808309605,0.72,0.443700547778454,249.70279078744,1193.18289998871,123.348906653964,1102.76200274348,114.001371742112,1157.19358153725,96.8385465615559,67.0836858862175,57.3457314833795
um,O_O_A6S_004.png,5,93,0,91.3156168424283,91.3156168424283,15.1619781540638,8.00526285851923,0.84925509717013,68.9616334378172,98.3398950610767,0.796063686509605,1,10.7827016287971,0.928571428571429,0.619047619047619,34.5675741402077,1163.86588362809,29.1583762888398,1075.66666666667,26.9487179487179,1159.35757140455,22.1808961397977,9.73795440283803,15.1479290710814
um,O_O_A6S_004.png,5,94,0,26.9263998381519,26.9263998381519,7.76791820240176,4.60954353037938,0.804901944478117,-63.2273590523496,28.0971128745933,0.878767921547817,1,5.85523330630689,0.958333333333333,0.657142857142857,16.2234320351281,1162.9093373824,109.563747846424,1074.78260869565,101.260869565217,1160.4395663382,105.494506030745,5.40997466824335,7.57396453554069
um,O_O_A6S_004.png,5,95,0,50.3406605669797,50.3406605669797,9.52843997758091,7.27340409791481,0.646001312848232,-79.9443136865531,53.8527996763039,0.828549403458836,1,8.00598024866216,0.934782608695652,0.682539682539683,24.2323585339956,1164.42784998897,407.106884453531,1076.18604651163,376.255813953488,1160.4395663382,401.961117850481,7.57396453554069,9.73795440283803
um,O_O_A6S_004.png,5,96,0,9.36570429153111,9.36570429153111,3.95088688177121,3.30554912333583,0.547722557505166,90,9.36570429153111,0.936368556122002,1,3.45322820970078,1,0.666666666666667,7.81200342094339,1163.14455367232,118.478445234529,1075,109.5,1161.52156127185,116.314455367232,3.24598480094601,4.32797973459468
um,O_O_A6S_004.png,5,97,0,5.85356518220694,5.85356518220694,3.00890580585037,3.00890580585037,0,0,5.85356518220694,0.817743873391467,1,2.73001660575,1,0.555555555555556,6.08513950684012,1178.2924827434,288.892647284195,1089,267,1176.66949034293,287.269654883722,3.24598480094601,3.24598480094601
um,O_O_A6S_004.png,5,98,0,81.9499125508972,81.9499125508972,14.2580566103423,7.7297504660386,0.840293260591551,62.9564170159355,87.8034777331042,0.729808130929605,1,10.21478679892,0.933333333333333,0.648148148148148,34.1650720248904,1208.34102775787,90.8721173560075,1116.77142857143,83.9857142857143,1203.71936368415,84.9366022914206,9.73795440283803,12.983939203784
um,O_O_A6S_004.png,5,99,0,5.85356518220694,5.85356518220694,3.00890580585037,3.00890580585037,0,0,5.85356518220694,0.817743873391467,1,2.73001660575,1,0.555555555555556,6.08513950684012,1213.99831555381,559.391380696362,1122,517,1212.37532315333,557.768388295889,3.24598480094601,3.24598480094601
um,O_O_A6S_004.png,5,100,0,77.2670604051317,77.2670604051317,15.7696131593659,7.07733762198507,0.893634291150635,-61.3582953313452,88.9741907695456,0.673285313415281,1,9.91864289170924,0.868421052631579,0.564102564102564,34.5762300996769,1218.98204979364,87.1989553345041,1126.60606060606,80.5909090909091,1213.45731808698,80.6086225568259,9.73795440283803,14.0659341374327
um,O_O_A6S_004.png,5,101,0,378.140310770569,396.871719353631,53.6771603711867,14.0351815380096,0.965210521170088,84.4457493869745,605.258639840198,0.297071299511289,0,21.9422696440348,0.624758220502901,0.395833333333333,123.074759712669,1232.18788982536,132.713545762517,1138.81114551084,122.656346749226,1222.11327755617,100.084531362502,17.3119189383787,55.1817416160821
um,O_O_A6S_004.png,5,102,0,12.8778434008553,12.8778434008553,5.03993306260274,3.43192113395002,0.732333837236824,90,12.8778434008553,0.910476739226441,1,4.04926900426184,1,0.733333333333333,9.93271349089479,1228.06424969124,199.087067791355,1135,184,1226.44125729077,196.382080457234,3.24598480094601,5.40997466824335
um,O_O_A6S_004.png,5,103,0,9.36570429153111,9.36570429153111,3.95088688177121,3.30554912333583,0.547722557505166,90,9.36570429153111,0.936368556122002,1,3.45322820970078,1,0.666666666666667,7.81200342094339,1232.39222942583,47.0667796137171,1139,43.5,1230.76923702536,44.9027897464198,3.24598480094601,4.32797973459468
um,O_O_A6S_004.png,5,104,0,30.4385389474761,30.4385389474761,13.3397391315205,3.86697098079624,0.957061923530331,-79.2494201477042,40.9749562754486,0.438143507132586,1,6.22539568797743,0.742857142857143,0.472727272727273,26.1474895665538,1241.54757117209,72.4520453647052,1147.46153846154,66.9615384615385,1238.3432015609,66.5426884193932,5.40997466824335,11.9019442701354
um,O_O_A6S_004.png,5,105,0,5.85356518220694,5.85356518220694,3.00890580585037,3.00890580585037,0,0,5.85356518220694,0.817743873391467,1,2.73001660575,1,0.555555555555556,6.08513950684012,1243.21217876232,36.7878277440548,1149,34,1241.58918636185,35.1648353435818,3.24598480094601,3.24598480094601
um,O_O_A6S_004.png,5,106,0,5.85356518220694,5.85356518220694,3.00890580585037,3.00890580585037,0,0,5.85356518220694,0.817743873391467,1,2.73001660575,1,0.555555555555556,6.08513950684012,1244.29417369597,920.777688535018,1150,851,1242.6711812955,919.154696134545,3.24598480094601,3.24598480094601
um,O_O_A6S_004.png,5,107,0,22.2435476923864,22.2435476923864,5.83904528439413,5.02728205941277,0.508644361881473,-45,22.2435476923864,1,1,5.32178208283174,1,0.76,13.1808622817081,1246.62900486858,589.516397533212,1152.15789473684,544.842105263158,1243.75317622915,586.982251504403,5.40997466824335,5.40997466824335
um,O_O_A6S_004.png,5,108,0,11.7071303644139,11.7071303644139,4.5047041299421,3.62965894220845,0.59225774015139,45,11.7071303644139,0.907474877945258,1,3.86082650935542,1,0.625,9.33328829765342,1246.13356508317,1019.9966239506,1151.7,942.7,1243.75317622915,1017.61623509657,4.32797973459468,4.32797973459468
um,O_O_A6S_004.png,5,109,0,50.3406605669797,50.3406605669797,8.35849471961243,7.91997765003652,0.319648008162918,85.5094594696583,52.6820866398625,0.942067577778947,1,8.00598024866216,0.955555555555556,0.671875,22.5141505793615,1249.50284698121,517.696831741575,1154.81395348837,478.46511627907,1244.83517116279,513.406596016294,8.65595946918936,8.65595946918936
um,O_O_A6S_004.png,5,110,0,40.9749562754486,40.9749562754486,13.4508492731541,4.17142291257824,0.950696316313418,74.9600958058878,46.8285214576556,0.602538232798737,1,7.22294501389118,0.875,0.583333333333333,25.8337110357956,1248.86946655826,708.242969425458,1154.22857142857,654.571428571429,1245.91716609644,701.673714471162,5.40997466824335,12.983939203784
um,O_O_A6S_004.png,5,111,0,5.85356518220694,5.85356518220694,3.00890580585037,3.00890580585037,0,0,5.85356518220694,0.817743873391467,1,2.73001660575,1,0.555555555555556,6.08513950684012,1257.27811289975,707.62468660623,1162,654,1255.65512049928,706.001694205757,3.24598480094601,3.24598480094601
um,O_O_A6S_004.png,5,112,0,5.85356518220694,5.85356518220694,3.00890580585037,3.00890580585037,0,0,5.85356518220694,0.817743873391467,1,2.73001660575,1,0.555555555555556,6.08513950684012,1261.60609263435,838.546073577719,1166,775,1259.98310023388,836.923081177246,3.24598480094601,3.24598480094601
um,O_O_A6S_004.png,5,113,0,156.875546883146,156.875546883146,49.26456567464,6.22014981533494,0.991997168801398,-70.5328237775875,261.06900712643,0.242549027130996,1,14.1329455490912,0.600896860986547,0.239285714285714,86.7543537799503,1307.63932484876,713.309197302414,1208.5447761194,659.253731343284,1298.93491784523,695.18174486927,17.3119189383787,37.8698226777034
um,O_O_A6S_004.png,5,114,0,28.0971128745933,28.0971128745933,6.6973309285735,5.48077302566471,0.574717566567462,19.6048839962283,28.0971128745933,1,1,5.98116670933186,1,0.8,15.3015723516595,1307.41054482548,385.05494701222,1208.33333333333,355.875,1304.34489251347,382.485209044805,6.49196960189202,5.40997466824335
um,O_O_A6S_004.png,5,115,0,14.0485564372967,14.0485564372967,4.32797973459468,4.32797973459468,0,0,14.0485564372967,1,1,4.22932353957578,1,0.75,9.53886733504667,1307.59087731442,366.255285040075,1208.5,338.5,1305.42688744712,364.091295172777,4.32797973459468,4.32797973459468
um,O_O_A6S_004.png,5,116,0,16.3899825101794,16.3899825101794,5.28166288706108,4.17937510891043,0.611429250513635,65.6423554472856,16.3899825101794,0.958830581424272,1,4.56819153161053,1,0.7,11.2570752896808,1308.51830154326,691.16290654429,1209.35714285714,638.785714285714,1306.50888238077,688.689775267378,4.32797973459468,5.40997466824335
um,O_O_A6S_004.png,5,117,0,16.3899825101794,16.3899825101794,6.19312433295289,3.50208691535766,0.824762122153737,90,16.3899825101794,0.86255066866221,1,4.56819153161053,1,0.777777777777778,12.0534235608462,1312.45985451584,66.5426884193932,1213,61.5,1310.83686211536,63.2967036184472,3.24598480094601,6.49196960189202
um,O_O_A6S_004.png,5,118,0,52.6820866398625,52.6820866398625,12.3481683865955,5.81981014666611,0.881967841184308,-72.6430971057977,58.5356518220694,0.7376527809078,1,8.19004981725001,0.9,0.584415584415584,26.5586476413402,1324.81864109129,1068.43393048027,1224.42222222222,987.466666666667,1320.5748165182,1063.06002230982,7.57396453554069,11.9019442701354
um,O_O_A6S_004.png,5,119,0,42.14566931189,42.14566931189,14.129118947785,4.21760570087828,0.954408224328462,87.9398331875152,49.1699475305383,0.579691037785624,1,7.3254032521923,0.857142857142857,0.75,26.8269823848851,1323.49019175609,795.506719550361,1223.19444444444,735.222222222222,1321.65681145185,789.315304096704,4.32797973459468,12.983939203784
um,O_O_A6S_004.png,5,120,0,30.4385389474761,30.4385389474761,11.5709905415097,4.246457226926,0.930224225005874,79.061125236211,38.6335302025658,0.51590399019366,1,6.22539568797743,0.787878787878788,0.52,23.8298564186783,1325.56863928889,827.351587533431,1225.11538461538,764.653846153846,1322.7388063855,821.775152106165,5.40997466824335,10.8199493364867
um,O_O_A6S_004.png,5,121,0,18.7314085830622,18.7314085830622,6.17333608376941,4.06487350735075,0.752618752887427,-65.3006473225022,18.7314085830622,0.877901450638556,1,4.8836021681282,1,0.666666666666667,12.9752832443148,1329.23077598739,1086.86391085009,1228.5,1004.5,1327.06678612009,1083.61792604914,4.32797973459468,6.49196960189202
um,O_O_A6S_004.png,5,122,0,293.848972146789,293.848972146789,53.0857256081312,7.20220716829305,0.990753909801763,88.824278489525,323.116798057823,0.323546056487663,1,19.3427022806296,0.909420289855073,0.74702380952381,103.432223687211,1333.78506940333,1172.65403902542,1232.70916334661,1083.78884462151,1330.31277092104,1146.37363220077,7.57396453554069,51.9357568151361
um,O_O_A6S_004.png,5,123,0,9.36570429153111,9.36570429153111,3.95088688177121,3.30554912333583,0.547722557505166,90,9.36570429153111,0.936368556122002,1,3.45322820970078,1,0.666666666666667,7.81200342094339,1376.29755560111,34.0828404099331,1272,31.5,1374.67456320063,31.9188505426358,3.24598480094601,4.32797973459468
um,O_O_A6S_004.png,5,124,0,36.2921041296831,36.2921041296831,10.702137082452,4.7386006573825,0.896634513649463,79.259199270134,39.8042432390072,0.707712029175052,1,6.79768652848591,0.911764705882353,0.62,21.986137051741,1381.6377241446,306.797918282962,1276.93548387097,283.548387096774,1379.00254293523,301.335589021154,5.40997466824335,10.8199493364867
um,O_O_A6S_004.png,5,125,0,9.36570429153111,9.36570429153111,3.95088688177121,3.30554912333583,0.547722557505166,90,9.36570429153111,0.936368556122002,1,3.45322820970078,1,0.666666666666667,7.81200342094339,1390.36348973854,569.670332566025,1285,526.5,1388.74049733807,567.506342698727,3.24598480094601,4.32797973459468
um,O_O_A6S_004.png,5,126,0,11.7071303644139,11.7071303644139,4.5047041299421,3.62965894220845,0.592257740151389,45,11.7071303644139,0.907474877945258,1,3.86082650935542,1,0.625,9.33328829765342,1391.77008315228,133.409975318881,1286.3,123.3,1389.82249227172,131.462384438313,4.32797973459468,4.32797973459468
um,O_O_A6S_004.png,5,127,0,9.36570429153111,9.36570429153111,3.95088688177121,3.30554912333583,0.547722557505166,90,9.36570429153111,0.936368556122002,1,3.45322820970078,1,0.666666666666667,7.81200342094339,1391.44548467219,350.025361035345,1286,323.5,1389.82249227172,347.861371168047,3.24598480094601,4.32797973459468
um,O_O_A6S_004.png,5,128,0,31.6092519839175,31.6092519839175,7.42143586420822,5.68530407601428,0.642762819368243,-85.7794044792063,32.7799650203589,0.922540516741639,1,6.34398530936368,0.964285714285714,0.642857142857143,17.3508707559901,1393.16866178874,946.785640829017,1287.59259259259,875.037037037037,1389.82249227172,942.958584674816,6.49196960189202,7.57396453554069
um,O_O_A6S_004.png,5,129,0,42.14566931189,42.14566931189,9.92926227636956,5.50751460545062,0.832067020621439,-79.216445458425,43.3163823483314,0.899387910964461,1,7.3254032521923,0.972972972972973,0.8,20.8673542903482,1417.35325225011,1250.84625412751,1309.94444444444,1156.05555555556,1414.70837574564,1245.91716609644,5.40997466824335,9.73795440283803
um,O_O_A6S_004.png,5,130,0,16.3899825101794,16.3899825101794,5.28166288706108,4.17937510891043,0.611429250513636,24.3576445527144,16.3899825101794,0.958830581424272,1,4.56819153161053,1,0.7,11.2570752896808,1454.43304688102,269.030311716501,1344.21428571429,248.642857142857,1451.49620348969,266.711751144397,5.40997466824335,4.32797973459468
um,O_O_A6S_004.png,5,131,0,51.5113736034211,51.5113736034211,9.48106695592256,7.14603379845656,0.657200033033635,-80.1096971627115,51.5113736034211,0.920879939054622,1,8.09853800852369,1,0.698412698412698,23.1135757726029,1465.58672842107,376.608009291577,1354.52272727273,348.068181818182,1461.23415789253,371.665259708318,7.57396453554069,9.73795440283803
um,O_O_A6S_004.png,5,132,0,5.85356518220694,5.85356518220694,3.00890580585037,3.00890580585037,0,0,5.85356518220694,0.817743873391467,1,2.73001660575,1,0.555555555555556,6.08513950684012,1469.34911989489,974.877435217451,1358,901,1467.72612749442,973.254442816978,3.24598480094601,3.24598480094601
um,O_O_A6S_004.png,5,133,0,36.2921041296831,36.2921041296831,7.40003630085927,6.40198042332117,0.501550713722296,58.8264075087311,36.2921041296831,0.964650336735915,1,6.79768652848591,1,0.738095238095238,18.3441421050795,1519.53972359124,132.282606404144,1404.38709677419,122.258064516129,1516.41589950861,128.216399637367,6.49196960189202,7.57396453554069
um,O_O_A6S_004.png,5,134,0,18.7314085830622,18.7314085830622,7.28507545044499,3.6425377252225,0.866025403784439,-30.9637565320735,21.072834655945,0.768439080026433,1,4.8836021681282,0.888888888888889,0.533333333333333,14.1027219651768,1554.55622091973,989.754865555121,1436.75,914.75,1551.03973738537,987.320376954411,6.49196960189202,5.40997466824335
um,O_O_A6S_004.png,5,135,0,5.85356518220694,5.85356518220694,3.00890580585037,3.00890580585037,0,0,5.85356518220694,0.817743873391467,1,2.73001660575,1,0.555555555555556,6.08513950684012,1559.15469938773,828.808119174881,1441,766,1557.53170698726,827.185126774408,3.24598480094601,3.24598480094601
um,O_O_A6S_004.png,5,136,0,97.1691820246353,97.1691820246353,17.7813010443712,7.06398503954754,0.917701590212573,-79.7480671723314,100.681321133959,0.709566278332337,1,11.1229332949243,0.965116279069767,0.697478991596639,38.0840576745659,1562.47890068991,796.41345158311,1444.07228915663,736.060240963855,1558.61370192091,787.151314229407,7.57396453554069,18.3939138720274
um,O_O_A6S_004.png,5,137,0,11.7071303644139,11.7071303644139,4.5047041299421,3.62965894220845,0.592257740151389,45,11.7071303644139,0.907474877945258,1,3.86082650935542,1,0.625,9.33328829765342,1581.1191965408,685.227391479702,1461.3,633.3,1579.17160566023,683.279800599135,4.32797973459468,4.32797973459468
um,O_O_A6S_004.png,5,138,0,11.7071303644139,11.7071303644139,4.5047041299421,3.62965894220845,0.592257740151389,45,11.7071303644139,0.907474877945258,1,3.86082650935542,1,0.625,9.33328829765342,1611.41505468296,120.426036115097,1489.3,111.3,1609.4674638024,118.478445234529,4.32797973459468,4.32797973459468
um,O_O_A6S_004.png,5,139,0,5.85356518220694,5.85356518220694,3.00890580585037,3.00890580585037,0,0,5.85356518220694,0.817743873391467,1,2.73001660575,1,0.555555555555556,6.08513950684012,1644.63229914598,883.989860790963,1520,817,1643.0093067455,882.36686839049,3.24598480094601,3.24598480094601
um,O_O_A6S_004.png,5,140,0,16.3899825101794,16.3899825101794,5.28166288706108,4.17937510891043,0.611429250513636,-24.3576445527144,16.3899825101794,0.958830581424272,1,4.56819153161053,1,0.7,11.2570752896808,1655.68410453967,1243.59860552434,1530.21428571429,1149.35714285714,1652.74726114834,1241.58918636185,5.40997466824335,4.32797973459468
um,O_O_A6S_004.png,5,141,0,30.4385389474761,30.4385389474761,7.91189949659113,5.17517521394579,0.756407892681805,85.0101331110569,31.6092519839175,0.83986824833961,1,6.22539568797743,0.962962962962963,0.65,17.9416399897622,1683.75057751635,494.013917590129,1556.15384615385,456.576923076923,1680.87912942321,489.602707476023,5.40997466824335,8.65595946918936
um,O_O_A6S_004.png,5,142,0,9.36570429153111,9.36570429153111,3.95088688177121,3.30554912333583,0.547722557505166,0,9.36570429153111,0.936368556122002,1,3.45322820970078,1,0.666666666666667,7.81200342094339,1687.3710990251,433.879968393117,1559.5,401,1685.2071091578,432.256975992644,4.32797973459468,3.24598480094601
um,O_O_A6S_004.png,5,143,0,39.8042432390072,39.8042432390072,10.8243544580489,5.08502559549635,0.882785473666979,85.8472353352725,43.3163823483314,0.752159172779436,1,7.11901232897944,0.918918918918919,0.68,22.3886391670583,1691.12625791247,419.845857636085,1562.97058823529,388.029411764706,1688.45309395875,414.945057054265,5.40997466824335,10.8199493364867
um,O_O_A6S_004.png,5,144,0,5.85356518220694,5.85356518220694,3.00890580585037,3.00890580585037,0,0,5.85356518220694,0.817743873391467,1,2.73001660575,1,0.555555555555556,6.08513950684012,1699.81404076206,427.387998791225,1571,395,1698.19104836159,425.765006390751,3.24598480094601,3.24598480094601
um,O_O_A6S_004.png,5,145,0,5.85356518220694,5.85356518220694,3.00890580585037,3.00890580585037,0,0,5.85356518220694,0.817743873391467,1,2.73001660575,1,0.555555555555556,6.08513950684012,1699.81404076206,942.417587207991,1571,871,1698.19104836159,940.794594807518,3.24598480094601,3.24598480094601
um,O_O_A6S_004.png,5,146,0,9.36570429153111,9.36570429153111,3.95088688177121,3.30554912333583,0.547722557505166,90,9.36570429153111,0.936368556122002,1,3.45322820970078,1,0.666666666666667,7.81200342094339,1722.53593436868,1104.17582978847,1592,1020.5,1720.91294196821,1102.01183992117,3.24598480094601,4.32797973459468
um,O_O_A6S_004.png,5,147,0,18.7314085830622,18.7314085830622,5.44592173923281,4.5047041299421,0.561951486949017,0,18.7314085830622,1,1,4.8836021681282,1,0.8,11.6595774049981,1724.69992423598,823.939141973462,1594,761.5,1721.99493690186,821.775152106165,5.40997466824335,4.32797973459468
um,O_O_A6S_004.png,5,148,0,11.7071303644139,11.7071303644139,4.5047041299421,3.62965894220845,0.59225774015139,45,11.7071303644139,0.907474877945258,1,3.86082650935542,1,0.625,9.33328829765342,1767.65512310183,297.22400827329,1633.7,274.7,1765.2747342478,294.843619419262,4.32797973459468,4.32797973459468
um,O_O_A6S_004.png,5,149,0,302.043963401878,302.043963401878,41.7053228080145,9.66308818299599,0.972787489709211,-84.9235252611758,339.506780568003,0.467940405790258,1,19.6105665000227,0.889655172413793,0.678947368421053,86.6634662055238,1774.74009302782,623.598134317142,1640.2480620155,576.341085271318,1768.52071904875,603.212175509133,10.8199493364867,41.1158074786494
um,O_O_A6S_004.png,5,150,0,15.2192694737381,15.2192694737381,6.69790755349648,3.25190340927985,0.874230921769819,69.8600684655218,17.5606955466208,0.730765950306274,1,4.40201950653833,0.866666666666667,0.541666666666667,12.7783601663908,1774.05553928626,576.120686978161,1639.61538461538,532.461538461538,1771.7667038497,572.916317366971,4.32797973459468,6.49196960189202
um,O_O_A6S_004.png,5,151,0,14.0485564372967,14.0485564372967,4.32797973459468,4.32797973459468,0,0,14.0485564372967,1,1,4.22932353957578,1,0.75,9.53886733504667,1773.93069371699,1010.04227056103,1639.5,933.5,1771.7667038497,1007.87828069374,4.32797973459468,4.32797973459468
um,O_O_A6S_004.png,5,152,0,26.9263998381519,26.9263998381519,6.24690066203871,5.78791411903489,0.376231437439721,-78.6900675259798,28.0971128745933,0.935020801200091,1,5.85523330630689,0.958333333333333,0.638888888888889,15.6240068418868,1780.30505517392,693.041276630965,1645.39130434783,640.521739130435,1777.17667851794,689.771770201027,6.49196960189202,6.49196960189202
um,O_O_A6S_004.png,5,153,0,18.7314085830622,18.7314085830622,5.44592173923281,4.5047041299421,0.561951486949017,90,18.7314085830622,1,1,4.8836021681282,1,0.8,11.6595774049981,1783.66864811983,930.515642937856,1648.5,860,1781.50465825253,927.810655603734,4.32797973459468,5.40997466824335
um,O_O_A6S_004.png,5,154,0,23.4142607288278,23.4142607288278,6.39161264103904,5.00194042654236,0.622551565889308,84.5444358078583,24.5849737652692,0.878761134865925,1,5.46003321150001,0.952380952380952,0.666666666666667,14.8990702363422,1795.24599390987,1159.79036937801,1659.2,1071.9,1792.32460758902,1156.1115866036,5.40997466824335,6.49196960189202
um,O_O_A6S_004.png,5,155,0,5.85356518220694,5.85356518220694,3.00890580585037,3.00890580585037,0,0,5.85356518220694,0.817743873391467,1,2.73001660575,1,0.555555555555556,6.08513950684012,1844.80136187098,462.011836667982,1705,427,1843.17836947051,460.388844267509,3.24598480094601,3.24598480094601
um,O_O_A6S_004.png,5,156,0,5.85356518220694,5.85356518220694,3.00890580585037,3.00890580585037,0,0,5.85356518220694,0.817743873391467,1,2.73001660575,1,0.555555555555556,6.08513950684012,1867.5232554776,1265.93407236894,1726,1170,1865.90026307713,1264.31107996847,3.24598480094601,3.24598480094601
um,O_O_A6S_004.png,5,157,0,18.7314085830622,18.7314085830622,5.44592173923281,4.5047041299421,0.561951486949017,90,18.7314085830622,1,1,4.8836021681282,1,0.8,11.6595774049981,1891.8681414847,370.042267307845,1748.5,342,1889.7041516174,367.337279973723,4.32797973459468,5.40997466824335
um,O_O_A6S_004.png,5,158,0,18.7314085830622,18.7314085830622,5.44592173923281,4.5047041299421,0.561951486949017,0,18.7314085830622,1,1,4.8836021681282,1,0.8,11.6595774049981,1911.8850477572,970.008458016032,1767,896.5,1909.18006042308,967.844468148735,5.40997466824335,4.32797973459468
um,O_O_A6S_004.png,5,159,0,5.85356518220694,5.85356518220694,3.00890580585037,3.00890580585037,0,0,5.85356518220694,0.817743873391467,1,2.73001660575,1,0.555555555555556,6.08513950684012,1920.54100722639,467.421811336225,1775,432,1918.91801482592,465.798818935752,3.24598480094601,3.24598480094601
um,O_O_A6S_004.png,5,160,0,50.3406605669797,50.3406605669797,14.1967993880427,5.1528926630511,0.931804107748124,79.0518690980677,59.7063648585108,0.599929521428814,1,8.00598024866216,0.843137254901961,0.597222222222222,29.0732038671397,1924.69284825085,734.070655798433,1778.83720930233,678.441860465116,1922.16399962686,727.64159287873,6.49196960189202,12.983939203784
um,O_O_A6S_004.png,5,161,0,87.8034777331042,87.8034777331042,13.494052933705,8.52892770932679,0.774926909632966,70.4738917168016,92.4863298788697,0.870849065028476,1,10.5733088489395,0.949367088607595,0.757575757575758,32.1958412456498,1987.49485372057,86.6894340839314,1836.88,80.12,1982.75571591119,80.6086225568259,9.73795440283803,11.9019442701354
um,O_O_A6S_004.png,5,162,0,16.3899825101794,16.3899825101794,5.28166288706108,4.17937510891043,0.611429250513635,65.6423554472856,16.3899825101794,0.958830581424272,1,4.56819153161053,1,0.7,11.2570752896808,1987.23826635059,148.465161967078,1836.64285714286,137.214285714286,1984.91970577848,145.528318575746,4.32797973459468,5.40997466824335
um,O_O_A6S_004.png,5,163,0,9.36570429153111,9.36570429153111,3.95088688177121,3.30554912333583,0.547722557505166,0,9.36570429153111,0.936368556122002,1,3.45322820970078,1,0.666666666666667,7.81200342094339,2003.31361965051,1009.50127309421,1851.5,933,2001.14962978321,1007.87828069374,4.32797973459468,3.24598480094601
um,O_O_A6S_004.png,5,164,0,9.36570429153111,9.36570429153111,3.95088688177121,3.30554912333583,0.547722557505166,0,9.36570429153111,0.936368556122002,1,3.45322820970078,1,0.666666666666667,7.81200342094339,2024.95351832349,1217.24430035475,1871.5,1125,2022.78952845619,1215.62130795428,4.32797973459468,3.24598480094601
um,O_O_A6S_004.png,5,165,0,55.0235127127453,55.0235127127453,9.02091212484643,8.02108394857127,0.45758572114503,-55.4982839642756,55.0235127127453,0.969216068081919,1,8.37007241761415,1,0.734375,23.3104988505269,2061.33847561352,1091.01923181868,1905.12765957447,1008.34042553191,2057.41336633295,1086.86391085009,8.65595946918936,8.65595946918936
um,O_O_A6S_005.png,6,1,1,28.0971128745933,28.0971128745933,7.98664909153737,5.02843777707295,0.776915040528399,-87.3830691763918,30.4385389474761,0.762452863748989,1,5.98116670933186,0.923076923076923,0.685714285714286,18.1201691538143,637.024517185654,3.65173290106426,588.75,3.375,634.590028584945,0.540997466824335,5.40997466824335,7.57396453554069
um,O_O_A6S_005.png,6,2,1,67.9013561136006,67.9013561136006,13.1857087585564,6.98981168881289,0.847931933918108,-1.00831193731155,67.9013561136006,0.79557677519377,1,9.29810151294236,1,0.805555555555556,29.3501945701538,1505.74519085263,3.33926022626055,1391.63793103448,3.08620689655172,1499.10398057023,0.540997466824335,12.983939203784,6.49196960189202
um,O_O_A6S_005.png,6,3,0,108.876312389049,108.876312389049,28.0245275225492,5.35818190971526,0.981551847988609,87.7092076270013,132.290573117877,0.40048864087675,1,11.7739384412641,0.823008849557522,0.62,55.049738234177,48.22439784918,1174.72073602695,44.5698924731183,1085.69892473118,44.9027897464198,1161.52156127185,6.49196960189202,27.0498733412167
um,O_O_A6S_005.png,6,4,0,32.7799650203589,32.7799650203589,8.27848134078487,5.33933555479781,0.764211616708292,85.3278776431119,32.7799650203589,0.871297078342117,1,6.46039841952153,1,0.7,18.3441421050795,57.7708009215986,1288.34682456595,53.3928571428571,1190.71428571429,54.6407441492578,1283.78698877415,5.40997466824335,8.65595946918936
um,O_O_A6S_005.png,6,5,0,49.1699475305383,49.1699475305383,9.37386623213686,7.20449460459301,0.639762853750882,-17.638063441329,51.5113736034211,0.866107975732778,1,7.91233983145532,0.954545454545455,0.666666666666667,23.3104988505269,104.515558233635,228.76464311429,96.5952380952381,211.428571428571,99.0025364288533,225.595943665748,9.73795440283803,7.57396453554069
um,O_O_A6S_005.png,6,6,0,50.3406605669797,50.3406605669797,8.34731572224599,7.98141491219457,0.292826959183107,-34.1534158909717,52.6820866398625,0.927911053460002,1,8.00598024866216,0.955555555555556,0.671875,22.7110736572856,127.272799404534,1049.56024831209,117.627906976744,970.023255813953,122.806424969124,1045.74810337144,8.65595946918936,8.65595946918936
um,O_O_A6S_005.png,6,7,0,95.9984689881939,95.9984689881939,17.6180427887183,7.82915237183052,0.895837077250501,-89.7231895494477,112.388451498373,0.646105515922759,1,11.0557246234609,0.854166666666667,0.640625,39.8109215886692,136.476507301563,1127.41233074158,126.134146341463,1041.9756097561,132.544379371962,1120.4057537932,8.65595946918936,17.3119189383787
um,O_O_A6S_005.png,6,8,0,18.7314085830622,18.7314085830622,8.10399857414507,3.34694335723993,0.910731475733039,40.6737291044426,19.9021216195036,0.664738965788272,1,4.8836021681282,0.941176470588235,0.444444444444444,15.4184278044935,183.127642520037,69.7886732203392,169.25,64.5,180.152156452503,66.5426884193932,6.49196960189202,6.49196960189202
um,O_O_A6S_005.png,6,9,0,14.0485564372967,14.0485564372967,4.32797973459468,4.32797973459468,0,0,14.0485564372967,1,1,4.22932353957578,1,0.75,9.53886733504667,210.448014594666,1023.02620976482,194.5,945.5,208.284024727369,1020.86221989752,4.32797973459468,4.32797973459468
um,O_O_A6S_005.png,6,10,0,19.9021216195036,19.9021216195036,5.29200266858249,5.06675122654772,0.288647295727436,90,19.9021216195036,0.955617011938973,1,5.033901893172,1,0.68,12.7783601663908,223.591070700457,127.675402170543,206.647058823529,118,221.267963931153,124.970414836421,5.40997466824335,5.40997466824335
um,O_O_A6S_005.png,6,11,0,26.9263998381519,26.9263998381519,8.29993506058521,4.28543780022392,0.856394623021453,-77.2562426663403,28.0971128745933,0.811559923839788,1,5.85523330630689,0.958333333333333,0.71875,17.0197803062936,245.001287584447,17.9234812921801,226.434782608696,16.5652173913043,242.907862604126,13.5249366706084,4.32797973459468,8.65595946918936
um,O_O_A6S_005.png,6,12,0,17.5606955466208,17.5606955466208,5.36506581407028,4.5047041299421,0.543149009008564,-45,17.5606955466208,0.886768673770057,1,4.72852746666574,1,0.6,12.3758580510735,272.446324292735,1060.13863598897,251.8,979.8,269.957735945343,1057.65004764157,5.40997466824335,5.40997466824335
um,O_O_A6S_005.png,6,13,0,5.85356518220694,5.85356518220694,3.00890580585037,3.00890580585037,0,0,5.85356518220694,0.817743873391467,1,2.73001660575,1,0.555555555555556,6.08513950684012,272.662723279465,1092.81488298516,252,1010,271.039730878992,1091.19189058468,3.24598480094601,3.24598480094601
um,O_O_A6S_005.png,6,14,0,24.5849737652692,24.5849737652692,7.61902226452678,4.49087239776229,0.807820213138669,-77.1771804220141,26.9263998381519,0.802353319674094,1,5.59486914987448,0.91304347826087,0.6,16.2234320351281,282.349154114034,1256.40221223918,260.952380952381,1161.19047619048,279.695690348181,1252.40913569834,5.40997466824335,7.57396453554069
um,O_O_A6S_005.png,6,15,0,9.36570429153111,9.36570429153111,4.75749780569578,2.93005613152778,0.787838597158335,-45,9.36570429153111,0.750003552471025,1,3.45322820970078,1,0.5,9.12770926026018,286.187659950073,831.513106509003,264.5,768.5,284.023670082776,829.349116641705,4.32797973459468,4.32797973459468
um,O_O_A6S_005.png,6,16,0,5.85356518220694,5.85356518220694,3.00890580585037,3.00890580585037,0,0,5.85356518220694,0.817743873391467,1,2.73001660575,1,0.555555555555556,6.08513950684012,287.810652350546,836.382083710422,266,773,286.187659950073,834.759091309949,3.24598480094601,3.24598480094601
um,O_O_A6S_005.png,6,17,0,70.2427821864833,70.2427821864833,19.9230673511407,4.96831717106884,0.968406966641339,-69.6068395736046,84.29133862378,0.500126866220996,1,9.45705493333148,0.833333333333333,0.441176470588235,38.6120712021864,350.620458248851,623.066782541586,324.05,575.85,345.69738130075,614.03212484562,8.65595946918936,18.3939138720274
um,O_O_A6S_005.png,6,18,0,58.5356518220694,58.5356518220694,8.93298931405325,8.48475379652051,0.31278956725908,-44.9999999999998,59.7063648585108,1,1,8.63307052425194,0.980392156862745,0.78125,23.7130009658442,360.888590169177,252.68909680431,333.54,233.54,356.517330637237,248.31783727237,8.65595946918936,8.65595946918936
um,O_O_A6S_005.png,6,19,0,402.725284535838,402.725284535838,45.2325518578286,12.6709905612988,0.959962100817571,83.7597481388152,467.114501540114,0.433916670615185,1,22.6443316954983,0.862155388471178,0.615384615384615,104.596450235817,401.416975049547,157.502605530399,370.997093023256,145.566860465116,395.469148248589,137.954354040205,14.0659341374327,46.5257821468928
um,O_O_A6S_005.png,6,20,0,11.7071303644139,11.7071303644139,4.5047041299421,3.62965894220845,0.59225774015139,45,11.7071303644139,0.907474877945258,1,3.86082650935542,1,0.625,9.33328829765342,408.236688465643,1027.13779051268,377.3,949.3,406.289097585075,1025.19019963211,4.32797973459468,4.32797973459468
um,O_O_A6S_005.png,6,21,0,5.85356518220694,5.85356518220694,3.00890580585037,3.00890580585037,0,0,5.85356518220694,0.817743873391467,1,2.73001660575,1,0.555555555555556,6.08513950684012,426.306003857576,727.100595411906,394,672,424.683011457103,725.477603011433,3.24598480094601,3.24598480094601
um,O_O_A6S_005.png,6,22,0,63.218503967835,63.218503967835,9.83099475352661,8.37546657781621,0.523631320556039,68.8164429604818,64.3892170042764,0.96896037658391,1,8.97175006399779,0.981818181818182,0.75,25.2342858425543,429.632136431385,443.818292228112,397.074074074074,410.185185185185,425.765006390751,438.748945594536,8.65595946918936,9.73795440283803
um,O_O_A6S_005.png,6,23,0,16.3899825101794,16.3899825101794,5.28166288706108,4.17937510891043,0.611429250513636,-24.3576445527144,16.3899825101794,0.958830581424272,1,4.56819153161053,1,0.7,11.2570752896808,428.238137667663,658.548487830022,395.785714285714,608.642857142857,425.765006390751,656.229927257918,5.40997466824335,4.32797973459468
um,O_O_A6S_005.png,6,24,0,16.3899825101794,16.3899825101794,5.28166288706108,4.17937510891043,0.611429250513635,65.6423554472856,16.3899825101794,0.958830581424272,1,4.56819153161053,1,0.7,11.2570752896808,432.102405287837,280.004831757795,399.357142857143,258.785714285714,430.092986125346,277.531700480884,4.32797973459468,5.40997466824335
um,O_O_A6S_005.png,6,25,0,9.36570429153111,9.36570429153111,3.95088688177121,3.30554912333583,0.547722557505166,0,9.36570429153111,0.936368556122002,1,3.45322820970078,1,0.666666666666667,7.81200342094339,490.684702409672,1147.99662460124,453.5,1061,488.520712542374,1146.37363220077,4.32797973459468,3.24598480094601
um,O_O_A6S_005.png,6,26,0,11.7071303644139,11.7071303644139,4.5047041299421,3.62965894220845,0.59225774015139,45,11.7071303644139,0.907474877945258,1,3.86082650935542,1,0.625,9.33328829765342,516.43618183051,871.330520067274,477.3,805.3,514.488590949942,869.382929186706,4.32797973459468,4.32797973459468
um,O_O_A6S_005.png,6,27,0,28.0971128745933,28.0971128745933,7.60446599757904,4.92464096852073,0.761981725209533,-41.327361124418,29.2678259110347,0.935660662631044,1,5.98116670933186,0.96,0.666666666666667,16.0265089572041,559.030715718479,414.854890809794,516.666666666667,383.416666666667,555.604398428592,411.699072253319,6.49196960189202,6.49196960189202
um,O_O_A6S_005.png,6,28,0,5.85356518220694,5.85356518220694,3.00890580585037,3.00890580585037,0,0,5.85356518220694,0.817743873391467,1,2.73001660575,1,0.555555555555556,6.08513950684012,559.391380696362,150.397295777165,517,139,557.768388295889,148.774303376692,3.24598480094601,3.24598480094601
um,O_O_A6S_005.png,6,29,0,23.4142607288278,23.4142607288278,8.69109571191094,4.06951440917209,0.883601584436202,-86.9002425435055,26.9263998381519,0.670575110110103,1,5.46003321150001,0.869565217391304,0.625,17.5477938339141,563.394761950862,433.230771432927,520.7,400.4,561.014373096835,429.010991191697,4.32797973459468,8.65595946918936
um,O_O_A6S_005.png,6,30,0,16.3899825101794,16.3899825101794,6.19312433295289,3.50208691535766,0.824762122153737,90,16.3899825101794,0.86255066866221,1,4.56819153161053,1,0.777777777777778,12.0534235608462,563.719360430957,422.519021589806,521,390.5,562.096368030484,419.273036788859,3.24598480094601,6.49196960189202
um,O_O_A6S_005.png,6,31,0,5.85356518220694,5.85356518220694,3.00890580585037,3.00890580585037,0,0,5.85356518220694,0.817743873391467,1,2.73001660575,1,0.555555555555556,6.08513950684012,570.211330032849,1275.67202677178,527,1179,568.588337632376,1274.04903437131,3.24598480094601,3.24598480094601
um,O_O_A6S_005.png,6,32,0,9.36570429153111,9.36570429153111,3.95088688177121,3.30554912333583,0.547722557505166,90,9.36570429153111,0.936368556122002,1,3.45322820970078,1,0.666666666666667,7.81200342094339,577.78529456839,1235.09721675996,534,1141.5,576.162302167917,1232.93322689266,3.24598480094601,4.32797973459468
um,O_O_A6S_005.png,6,33,0,106.534886316166,106.534886316166,20.8371899620264,6.82270285037287,0.944875742587308,87.2065480083026,118.24201668058,0.594567666181292,1,11.6466488807557,0.900990099009901,0.65,44.0523417285719,584.669635959407,845.715776269918,540.362637362637,781.626373626374,581.57227683616,834.759091309949,7.57396453554069,21.6398986729734
um,O_O_A6S_005.png,6,34,0,37.4628171661244,37.4628171661244,7.94490806170482,6.17716022705424,0.628883839365463,86.0833821565844,38.6335302025658,0.943054657986158,1,6.90645641940155,0.96969696969697,0.761904761904762,18.9435672983209,587.421811946198,940.28740968237,542.90625,869.03125,583.736266703457,936.466615072924,6.49196960189202,7.57396453554069
um,O_O_A6S_005.png,6,35,0,31.6092519839175,31.6092519839175,6.72521762104565,6.16099960300585,0.400940435068762,-81.999488573077,32.7799650203589,0.971346000748597,1,6.34398530936368,0.964285714285714,0.75,16.8228572283695,588.725465564171,1018.71826697344,544.111111111111,941.518518518518,585.900256570755,1015.45224522928,6.49196960189202,6.49196960189202
um,O_O_A6S_005.png,6,36,0,9.36570429153111,9.36570429153111,3.95088688177121,3.30554912333583,0.547722557505166,90,9.36570429153111,0.936368556122002,1,3.45322820970078,1,0.666666666666667,7.81200342094339,591.851228705822,1079.28994631455,547,997.5,590.228236305349,1077.12595644725,3.24598480094601,4.32797973459468
um,O_O_A6S_005.png,6,37,0,5.85356518220694,5.85356518220694,3.00890580585037,3.00890580585037,0,0,5.85356518220694,0.817743873391467,1,2.73001660575,1,0.555555555555556,6.08513950684012,614.573122312444,876.415896255422,568,810,612.950129911971,874.792903854949,3.24598480094601,3.24598480094601
um,O_O_A6S_005.png,6,38,0,220.094050850981,220.094050850981,30.488055029988,10.1251848208093,0.94324300867129,-87.827632493435,241.166885506926,0.54202838778792,1,16.7401448352283,0.912621359223301,0.626666666666667,68.033677437961,643.59706087835,611.3731798491,594.824468085106,565.042553191489,637.836013385891,594.556216039944,10.8199493364867,32.4598480094601
um,O_O_A6S_005.png,6,39,0,12.8778434008553,12.8778434008553,5.03993306260274,3.43192113395002,0.732333837236824,90,12.8778434008553,0.910476739226441,1,4.04926900426184,1,0.733333333333333,9.93271349089479,642.70499058731,348.402368634872,594,322,641.081998186837,345.69738130075,3.24598480094601,5.40997466824335
um,O_O_A6S_005.png,6,40,0,37.4628171661244,37.4628171661244,13.8159149874789,3.74509836381574,0.962559264391668,76.9414264303534,43.3163823483314,0.550892098558846,1,6.90645641940155,0.864864864864865,0.533333333333333,25.8337110357956,645.849538363226,337.041421831561,596.90625,311.5,643.245988054134,330.549452229669,5.40997466824335,12.983939203784
um,O_O_A6S_005.png,6,41,0,9.36570429153111,9.36570429153111,3.95088688177121,3.30554912333583,0.547722557505166,0,9.36570429153111,0.936368556122002,1,3.45322820970078,1,0.666666666666667,7.81200342094339,651.901947523323,408.994084919197,602.5,378,649.737957656026,407.371092518724,4.32797973459468,3.24598480094601
um,O_O_A6S_005.png,6,42,0,37.4628171661244,37.4628171661244,13.4682404093285,4.2346888502155,0.949283858559061,-89.9679410499129,45.6578084212142,0.550892098558846,1,6.90645641940155,0.82051282051282,0.666666666666667,25.8337110357956,661.606089584485,836.01014795198,611.46875,772.65625,659.475912058864,829.349116641705,4.32797973459468,12.983939203784
um,O_O_A6S_005.png,6,43,0,21.072834655945,21.072834655945,7.02593643812515,4.09564123217379,0.812521142217892,54.9568180372848,22.2435476923864,0.864493965029738,1,5.17984231455116,0.947368421052632,0.6,14.1027219651768,663.323005156282,913.98516478489,613.055555555556,844.722222222222,660.557906992513,910.498736665356,5.40997466824335,6.49196960189202
um,O_O_A6S_005.png,6,44,0,50.3406605669797,50.3406605669797,9.0944617567639,7.25232623681473,0.603392631529798,89.4795370648933,50.3406605669797,0.927911053460002,1,8.00598024866216,1,0.682539682539683,22.7110736572856,679.643794368618,1046.94333033303,628.139534883721,967.604651162791,675.705836063594,1042.50211857049,7.57396453554069,9.73795440283803
um,O_O_A6S_005.png,6,45,0,37.4628171661244,37.4628171661244,8.88253794270738,5.55745932791247,0.7800949081258,-71.6589139362621,39.8042432390072,0.884712243129893,1,6.90645641940155,0.941176470588235,0.666666666666667,19.6685039038655,721.52155903528,61.1327137511498,666.84375,56.5,717.903638475892,56.8047340165552,6.49196960189202,8.65595946918936
um,O_O_A6S_005.png,6,46,0,5.85356518220694,5.85356518220694,3.00890580585037,3.00890580585037,0,0,5.85356518220694,0.817743873391467,1,2.73001660575,1,0.555555555555556,6.08513950684012,749.822489018528,1024.64920216529,693,947,748.199496618055,1023.02620976482,3.24598480094601,3.24598480094601
um,O_O_A6S_005.png,6,47,0,25.7556868017106,25.7556868017106,6.34829972320773,5.39594718156194,0.526810031433486,90,25.7556868017106,0.98778360099765,1,5.7265311435241,1,0.733333333333333,14.7021471584181,755.52755321413,1213.45731808698,698.272727272727,1121.5,752.52747635265,1210.21133328604,5.40997466824335,6.49196960189202
um,O_O_A6S_005.png,6,48,0,9.36570429153111,9.36570429153111,3.95088688177121,3.30554912333583,0.547722557505166,90,9.36570429153111,0.936368556122002,1,3.45322820970078,1,0.666666666666667,7.81200342094339,757.396453554069,1259.98310023388,700,1164.5,755.773461153596,1257.81911036658,3.24598480094601,4.32797973459468
um,O_O_A6S_005.png,6,49,0,40.9749562754486,40.9749562754486,7.53728453926097,7.13880074924094,0.320845189766302,5.2730170065451,40.9749562754486,0.951341951947926,1,7.22294501389118,1,0.714285714285714,19.8654269817896,797.121124689456,934.194425712261,736.714285714286,863.4,793.643283831299,929.974645471032,7.57396453554069,7.57396453554069
um,O_O_A6S_005.png,6,50,0,43.3163823483314,43.3163823483314,16.1530533515341,3.73678238763287,0.972873920653144,-84.0561614562554,49.1699475305383,0.501474222640573,1,7.42644807029334,0.880952380952381,0.660714285714286,29.5471176480779,800.997925069479,855.243887283486,740.297297297297,790.432432432432,799.053258499542,847.743030513733,4.32797973459468,15.1479290710814
um,O_O_A6S_005.png,6,51,0,23.4142607288278,23.4142607288278,8.58352338844864,3.57768023516531,0.908994601986545,90,23.4142607288278,0.758614392951473,1,5.46003321150001,1,0.833333333333333,16.294843700749,806.086225568259,592.392226172647,745,547.5,804.463233167786,588.064246438052,3.24598480094601,8.65595946918936
um,O_O_A6S_005.png,6,52,0,9.36570429153111,9.36570429153111,3.95088688177121,3.30554912333583,0.547722557505166,0,9.36570429153111,0.936368556122002,1,3.45322820970078,1,0.666666666666667,7.81200342094339,840.169065978192,526.931532686902,776.5,487,838.005076110895,525.308540286429,4.32797973459468,3.24598480094601
um,O_O_A6S_005.png,6,53,0,37.4628171661244,37.4628171661244,7.94490806170482,6.17716022705424,0.628883839365463,-86.0833821565844,38.6335302025658,0.943054657986158,1,6.90645641940155,0.96969696969697,0.761904761904762,18.9435672983209,877.396454164042,825.528322032258,810.90625,762.96875,873.710908921301,821.775152106165,6.49196960189202,7.57396453554069
um,O_O_A6S_005.png,6,54,0,18.7314085830622,18.7314085830622,6.60748652256487,3.87281847635832,0.810220043907183,78.5831729110412,19.9021216195036,0.836282686585807,1,4.8836021681282,0.941176470588235,0.666666666666667,13.3777853596322,895.012684177509,1179.64497641046,827.1875,1090.25,893.186817726977,1176.66949034293,4.32797973459468,6.49196960189202
um,O_O_A6S_005.png,6,55,0,5.85356518220694,5.85356518220694,3.00890580585037,3.00890580585037,0,0,5.85356518220694,0.817743873391467,1,2.73001660575,1,0.555555555555556,6.08513950684012,899.137789862044,608.081152710552,831,562,897.514797461571,606.458160310079,3.24598480094601,3.24598480094601
um,O_O_A6S_005.png,6,56,0,70.2427821864833,70.2427821864833,14.8179637022987,7.31477087906048,0.869665146186486,82.6973419809661,85.4620516602214,0.581272775782225,1,9.45705493333148,0.821917808219178,0.535714285714286,35.5695014487664,947.845595125129,449.100030459774,876.016666666667,415.066666666667,942.958584674816,440.912935461833,8.65595946918936,15.1479290710814
um,O_O_A6S_005.png,6,57,0,18.7314085830622,18.7314085830622,5.44592173923281,4.5047041299421,0.561951486949017,90,18.7314085830622,1,1,4.8836021681282,1,0.8,11.6595774049981,948.368559343059,653.524939923796,876.5,604,946.204569475762,650.819952589675,4.32797973459468,5.40997466824335
um,O_O_A6S_005.png,6,58,0,16.3899825101794,16.3899825101794,5.28166288706108,4.17937510891043,0.611429250513635,-24.3576445527144,16.3899825101794,0.958830581424272,1,4.56819153161053,1,0.7,11.2570752896808,959.96136220358,54.4861734444509,887.214285714286,50.3571428571429,957.024518812248,52.4767542819605,5.40997466824335,4.32797973459468
um,O_O_A6S_005.png,6,59,0,5.85356518220694,5.85356518220694,3.00890580585037,3.00890580585037,0,0,5.85356518220694,0.817743873391467,1,2.73001660575,1,0.555555555555556,6.08513950684012,1007.33728322691,957.565516279073,931,885,1005.71429082644,955.9425238786,3.24598480094601,3.24598480094601
um,O_O_A6S_005.png,6,60,0,22.2435476923864,22.2435476923864,5.83904528439413,5.02728205941277,0.508644361881473,45,22.2435476923864,1,1,5.32178208283174,1,0.76,13.1808622817081,1023.73804853695,140.83018267964,946.157894736842,130.157894736842,1020.86221989752,137.954354040205,5.40997466824335,5.40997466824335
um,O_O_A6S_005.png,6,61,0,18.7314085830622,18.7314085830622,8.41120094767877,3.23195384650883,0.923231561703611,60.9289994456639,19.9021216195036,0.650449253008759,1,4.8836021681282,0.941176470588235,0.457142857142857,15.6240068418868,1090.78614248457,155.739645762055,1008.125,143.9375,1087.94590578374,152.020288177638,5.40997466824335,7.57396453554069
um,O_O_A6S_005.png,6,62,0,30.4385389474761,30.4385389474761,11.023339309212,3.61773014219621,0.944612349124538,90,30.4385389474761,0.667652423900898,1,6.22539568797743,1,0.866666666666667,20.5362638406517,1092.81488298516,135.790364172908,1010,125.5,1091.19189058468,130.380389504665,3.24598480094601,10.8199493364867
um,O_O_A6S_005.png,6,63,0,9.36570429153111,9.36570429153111,3.95088688177121,3.30554912333583,0.547722557505166,90,9.36570429153111,0.936368556122002,1,3.45322820970078,1,0.666666666666667,7.81200342094339,1093.8968779188,110.904480698989,1011,102.5,1092.27388551833,108.740490831691,3.24598480094601,4.32797973459468
um,O_O_A6S_005.png,6,64,0,11.7071303644139,11.7071303644139,4.5047041299421,3.62965894220845,0.592257740151389,-45,11.7071303644139,0.907474877945258,1,3.86082650935542,1,0.625,9.33328829765342,1101.79544093444,1206.09975253817,1018.3,1114.7,1099.84785005387,1203.71936368415,4.32797973459468,4.32797973459468
um,O_O_A6S_005.png,6,65,0,1417.73348713052,1435.29418267714,128.155634312114,20.8361269348037,0.986694614392387,-85.8401782004011,2471.37521992777,0.145083833043386,-1,42.4866371899431,0.573661771672193,0.330874316939891,347.023907089403,1119.37245309892,926.072405278868,1034.54500412882,855.893476465731,1107.42181458941,860.726969717517,32.4598480094601,132.003381905138
um,O_O_A6S_005.png,6,66,0,12.8778434008553,12.8778434008553,5.03993306260274,3.43192113395002,0.732333837236824,90,12.8778434008553,0.910476739226441,1,4.04926900426184,1,0.733333333333333,9.93271349089479,1110.12680192353,1151.24260940218,1026,1064,1108.50380952306,1148.53762206806,3.24598480094601,5.40997466824335
um,O_O_A6S_005.png,6,67,0,188.484798867064,188.484798867064,40.9413231362711,6.29765160785753,0.988098667726891,89.5743406460147,220.094050850981,0.357618499297735,1,15.4914911967505,0.856382978723404,0.766666666666667,77.9837028477942,1120.40239356048,1037.6398618345,1035.49689440994,959.006211180124,1117.15976899225,1018.69823003022,6.49196960189202,37.8698226777034
um,O_O_A6S_005.png,6,68,0,17.5606955466208,17.5606955466208,11.5727944494359,3.00890580585037,0.965609099170535,71.565051177078,26.9263998381519,0.286778531979506,1,4.72852746666574,0.652173913043478,0.333333333333333,24.3405580273605,1122.02874619367,1012.74725789515,1037,936,1119.32375885955,1007.87828069374,5.40997466824335,9.73795440283803
um,O_O_A6S_005.png,6,69,0,16.3899825101794,16.3899825101794,5.28166288706108,4.17937510891043,0.611429250513635,65.6423554472856,16.3899825101794,0.958830581424272,1,4.56819153161053,1,0.7,11.2570752896808,1159.20300069974,1281.93214031646,1071.35714285714,1184.78571428571,1157.19358153725,1279.45900903955,4.32797973459468,5.40997466824335
um,O_O_A6S_005.png,6,70,0,18.7314085830622,18.7314085830622,5.95916342887619,4.30537916375031,0.691391334934115,-45,18.7314085830622,0.877901450638556,1,4.8836021681282,1,0.64,12.9752832443148,1172.47675997504,78.3093833228225,1083.625,72.375,1170.17752074104,75.1986478885825,5.40997466824335,5.40997466824335
um,O_O_A6S_005.png,6,71,0,23.4142607288278,23.4142607288278,6.61109824667167,4.60748626991666,0.717137165600636,90,23.4142607288278,0.99694350473373,1,5.46003321150001,1,0.833333333333333,13.7802874749495,1264.31107996847,693.017755001973,1168.5,640.5,1262.14709010117,689.771770201027,4.32797973459468,6.49196960189202
um,O_O_A6S_005.png,6,72,0,14.0485564372967,14.0485564372967,4.32797973459468,4.32797973459468,0,0,14.0485564372967,1,1,4.22932353957578,1,0.75,9.53886733504667,1309.75486718171,309.991548490344,1210.5,286.5,1307.59087731442,307.827558623047,4.32797973459468,4.32797973459468
um,O_O_A6S_005.png,6,73,0,14.0485564372967,14.0485564372967,5.4056670829999,3.59505670326093,0.746795899354174,-53.3496221169968,14.0485564372967,0.868925714063477,1,4.22932353957578,1,0.6,10.8545731743635,1330.31277092104,29.2138632085141,1229.5,27,1328.14878105374,26.5088758743924,4.32797973459468,5.40997466824335
um,O_O_A6S_005.png,6,74,0,84.29133862378,84.29133862378,11.3818689970291,9.61685209058325,0.534881127543258,67.9897948421793,85.4620516602214,0.961139799266865,1,10.3596846291023,0.986301369863014,0.727272727272727,29.7981404726844,1340.86222152411,602.701233457133,1239.25,557.027777777778,1335.72274558928,596.720205907241,9.73795440283803,11.9019442701354
um,O_O_A6S_005.png,6,75,0,42.14566931189,42.14566931189,10.8226153136749,5.42998517744644,0.865026725263455,-87.9194934969295,46.8285214576556,0.67389338687352,1,7.3254032521923,0.9,0.72,24.6348606493129,1341.733828554,852.551896885505,1240.05555555556,787.944444444444,1338.96873039023,846.661035580084,5.40997466824335,10.8199493364867
um,O_O_A6S_005.png,6,76,0,5.85356518220694,5.85356518220694,3.00890580585037,3.00890580585037,0,0,5.85356518220694,0.817743873391467,1,2.73001660575,1,0.555555555555556,6.08513950684012,1343.83770759165,835.300088776773,1242,772,1342.21471519117,833.6770963763,3.24598480094601,3.24598480094601
um,O_O_A6S_005.png,6,77,0,19.9021216195036,19.9021216195036,6.37697768486063,4.35595633579382,0.730347897133922,-81.486396332476,21.072834655945,0.798399042673547,1,5.033901893172,0.944444444444444,0.708333333333333,14.2996450431008,1350.83885127996,854.521410539238,1248.47058823529,789.764705882353,1348.70668479307,850.989015314679,4.32797973459468,6.49196960189202
um,O_O_A6S_005.png,6,78,0,29.2678259110347,29.2678259110347,9.71488250839154,4.0860510550607,0.907247546259512,-79.8177028463654,30.4385389474761,0.723943917166365,1,6.10450271016025,0.961538461538462,0.694444444444444,19.140490376245,1397.59121589531,128.627557712154,1291.68,118.88,1395.23246693996,123.888419902773,4.32797973459468,9.73795440283803
um,O_O_A6S_005.png,6,79,0,16.3899825101794,16.3899825101794,5.28166288706108,4.17937510891043,0.611429250513636,24.3576445527144,16.3899825101794,0.958830581424272,1,4.56819153161053,1,0.7,11.2570752896808,1409.60754248701,252.491246302157,1302.78571428571,233.357142857143,1407.13441121009,250.481827139667,5.40997466824335,4.32797973459468
um,O_O_A6S_005.png,6,80,0,14.0485564372967,14.0485564372967,4.32797973459468,4.32797973459468,0,0,14.0485564372967,1,1,4.22932353957578,1,0.75,9.53886733504667,1419.03635548023,302.417583954803,1311.5,279.5,1416.87236561293,300.253594087506,4.32797973459468,4.32797973459468
um,O_O_A6S_005.png,6,81,0,14.0485564372967,14.0485564372967,4.32797973459468,4.32797973459468,0,0,14.0485564372967,1,1,4.22932353957578,1,0.75,9.53886733504667,1423.36433521482,919.154696134545,1315.5,849.5,1421.20034534753,916.990706267247,4.32797973459468,4.32797973459468
um,O_O_A6S_005.png,6,82,0,17.5606955466208,17.5606955466208,5.36506581407028,4.5047041299421,0.543149009008564,45,17.5606955466208,0.886768673770057,1,4.72852746666574,1,0.6,12.3758580510735,1423.68893369492,933.978026725532,1315.8,863.2,1421.20034534753,931.05664040468,5.40997466824335,5.40997466824335
um,O_O_A6S_005.png,6,83,0,37.4628171661244,37.4628171661244,7.58042435844006,6.4414986954841,0.527178828569583,69.7064710497594,37.4628171661244,0.995768089533848,1,6.90645641940155,1,0.761904761904762,18.3441421050795,1434.31953391802,953.068474836095,1325.625,880.84375,1430.93829975037,949.450554276708,6.49196960189202,7.57396453554069
um,O_O_A6S_005.png,6,84,0,16.3899825101794,16.3899825101794,5.28166288706108,4.17937510891043,0.611429250513636,-24.3576445527144,16.3899825101794,0.958830581424272,1,4.56819153161053,1,0.7,11.2570752896808,1436.039133009,962.279922775685,1327.21428571429,889.357142857143,1433.10228961766,960.270503613194,5.40997466824335,4.32797973459468
um,O_O_A6S_005.png,6,85,0,22.2435476923864,22.2435476923864,6.13056895293471,4.90583240858192,0.599700346755535,75.5367870823732,22.2435476923864,0.892328341811612,1,5.32178208283174,1,0.633333333333333,14.2996450431008,1441.50198712888,985.982120062793,1332.26315789474,911.263157894737,1438.51226428591,982.992397219816,5.40997466824335,6.49196960189202
um,O_O_A6S_005.png,6,86,0,32.7799650203589,32.7799650203589,8.45223644028193,5.14408129156842,0.793472628112627,-79.9980458718849,33.9506780568003,0.871297078342117,1,6.46039841952153,0.96551724137931,0.7,18.3441421050795,1499.37447930364,312.000967652834,1385.75,288.357142857143,1496.93999070293,307.827558623047,5.40997466824335,8.65595946918936
um,O_O_A6S_005.png,6,87,0,16.3899825101794,16.3899825101794,5.28166288706108,4.17937510891043,0.611429250513636,24.3576445527144,16.3899825101794,0.958830581424272,1,4.56819153161053,1,0.7,11.2570752896808,1551.34887879498,889.786262221224,1433.78571428571,822.357142857143,1548.87574751807,887.776843058733,5.40997466824335,4.32797973459468
um,O_O_A6S_005.png,6,88,0,56.1942257491867,56.1942257491867,14.7704730057911,5.08784291473458,0.938800851439448,-81.9837098917325,60.8770778949522,0.630199519258591,1,8.45864707915157,0.923076923076923,0.685714285714286,30.0751311756984,1555.05213526431,143.25162090286,1437.20833333333,132.395833333333,1552.12173231902,135.790364172908,5.40997466824335,15.1479290710814
um,O_O_A6S_005.png,6,89,0,42.14566931189,42.14566931189,10.5324061309923,5.4150469533501,0.857711078368277,-84.9819024725028,44.4870953847728,0.796403830001756,1,7.3254032521923,0.947368421052632,0.72,22.3886391670583,1555.48793877926,125.331079814304,1437.61111111111,115.833333333333,1553.20372725267,119.560440168178,5.40997466824335,10.8199493364867
um,O_O_A6S_005.png,6,90,0,39.8042432390072,39.8042432390072,16.247672217979,3.70212636462564,0.973694887546627,84.5665533376561,49.1699475305383,0.413266088863293,1,7.11901232897944,0.80952380952381,0.607142857142857,31.3908370150152,1556.16330163,98.3024220600218,1438.23529411765,90.8529411764706,1554.28572218631,90.3465769596639,4.32797973459468,15.1479290710814
um,O_O_A6S_005.png,6,91,0,79.6084864780144,79.6084864780144,16.1690558884956,6.49430503714973,0.915793148977921,-71.0883643758279,86.6327646966628,0.69140088224005,1,10.067803786344,0.918918918918919,0.607142857142857,34.6389858058285,1562.52797771028,169.729999371035,1444.11764705882,156.867647058824,1557.53170698726,162.840237514125,8.65595946918936,15.1479290710814
um,O_O_A6S_005.png,6,92,0,44.4870953847728,44.4870953847728,10.8988043038776,5.46174696732033,0.865370464554858,87.9595727827904,46.8285214576556,0.802889162652556,1,7.52613639753478,0.95,0.76,22.9880643602996,1583.07248213155,503.241538350173,1463.10526315789,465.105263157895,1580.25360059388,497.176672011564,5.40997466824335,10.8199493364867
um,O_O_A6S_005.png,6,93,0,57.3649387856281,57.3649387856281,13.2576928432497,5.90290219841053,0.895409505790073,63.589739050043,63.218503967835,0.746014051001312,1,8.54630379422435,0.907407407407407,0.556818181818182,27.6860863622022,1624.69267822588,648.843655721072,1501.57142857143,599.673469387755,1620.28741313888,643.245988054134,8.65595946918936,11.9019442701354
um,O_O_A6S_005.png,6,94,0,97.1691820246353,97.1691820246353,18.1138442822202,7.2669876316343,0.915997412455804,85.7962597043323,104.193460243284,0.676769265590677,1,11.1229332949243,0.932584269662921,0.697478991596639,39.0773290236554,1626.05588010442,666.417626542815,1502.8313253012,615.915662650602,1622.45140300618,657.311922191567,7.57396453554069,18.3939138720274
um,O_O_A6S_005.png,6,95,0,25.7556868017106,25.7556868017106,7.40046728662436,4.56958879368533,0.786592070129511,82.7914241871274,25.7556868017106,0.906287293136746,1,5.7265311435241,1,0.785714285714286,15.4984954295835,1659.33759392602,849.611930853671,1533.59090909091,785.227272727273,1657.07524088294,845.579040646435,4.32797973459468,7.57396453554069
um,O_O_A6S_005.png,6,96,0,376.969597734127,386.335302025658,24.8854654380852,23.3429137386759,0.346597503150389,-4.06835687535462,468.285214576556,0.350226547630951,-1,21.908276951828,0.805,0.608695652173913,112.901843346504,1679.33006214243,801.684320713974,1552.06832298137,740.931677018634,1666.81319528578,788.233309163056,24.8858834739194,24.8858834739194
um,O_O_A6S_005.png,6,97,0,36.2921041296831,36.2921041296831,10.4628462943788,4.71764719800997,0.892576896640257,64.1239228498256,38.6335302025658,0.754294814505724,1,6.79768652848591,0.939393939393939,0.574074074074074,21.1897887805755,1733.87942964081,901.999840976857,1602.48387096774,833.645161290323,1730.65089637105,897.514797461571,6.49196960189202,9.73795440283803
um,O_O_A6S_005.png,6,98,0,477.650918868087,477.650918868087,38.7182863225499,17.4961267739211,0.892077325771164,-47.8585638954858,567.795822674074,0.543056503672264,1,24.6609821070033,0.841237113402062,0.5,101.733491641383,1866.44126054395,390.403926868028,1725,360.81862745098,1853.998318807,370.583264774669,25.9678784075681,36.7878277440548
um,O_O_A6S_005.png,6,99,0,176.77766850265,176.77766850265,28.542384529483,11.6425895512436,0.91302424770228,82.8438838474871,272.776137490844,0.28455904388372,1,15.0026770332383,0.648068669527897,0.449404761904762,84.9560782002262,1875.2190340123,719.569624052537,1733.11258278146,665.039735099338,1868.06425294443,707.083689139406,15.1479290710814,25.9678784075681
um,O_O_A6S_005.png,6,100,0,21.072834655945,21.072834655945,6.2856372062119,4.43748420985066,0.708239690230453,-77.7641897331476,21.072834655945,0.940818022409032,1,5.17984231455116,1,0.75,13.3777853596322,1872.51245433832,412.540623868379,1730.61111111111,381.277777777778,1870.22824281173,409.535082386021,4.32797973459468,6.49196960189202
um,O_O_A6S_005.png,6,101,0,43.3163823483314,43.3163823483314,11.0431725655345,5.31836442232245,0.876392513256708,-87.9393023343582,46.8285214576556,0.781760500477489,1,7.42644807029334,0.925,0.74,22.9880643602996,1874.19068371738,748.62352165962,1732.16216216216,691.891891891892,1871.31023774537,743.87151688346,5.40997466824335,10.8199493364867
um,O_O_A6S_005.png,6,102,0,14.0485564372967,14.0485564372967,4.32797973459468,4.32797973459468,0,0,14.0485564372967,1,1,4.22932353957578,1,0.75,9.53886733504667,1876.72021241362,781.741339561164,1734.5,722.5,1874.55622254632,779.577349693866,4.32797973459468,4.32797973459468
um,O_O_A6S_005.png,6,103,0,39.8042432390072,39.8042432390072,9.93418576847143,5.41136819119592,0.838616772222658,42.9181170162357,42.14566931189,0.827291086877246,1,7.11901232897944,0.944444444444444,0.607142857142857,21.1897887805755,1879.48884650854,373.192781967587,1737.05882352941,344.911764705882,1875.63821747997,369.501269841021,8.65595946918936,7.57396453554069
um,O_O_A6S_005.png,6,104,0,18.7314085830622,18.7314085830622,5.44592173923281,4.5047041299421,0.561951486949017,90,18.7314085830622,1,1,4.8836021681282,1,0.8,11.6595774049981,1883.21218201551,785.528321828934,1740.5,726,1881.04819214821,782.823334494812,4.32797973459468,5.40997466824335
um,O_O_A6S_005.png,6,105,0,5.85356518220694,5.85356518220694,3.00890580585037,3.00890580585037,0,0,5.85356518220694,0.817743873391467,1,2.73001660575,1,0.555555555555556,6.08513950684012,1885.91716934963,16.22992400473,1743,15,1884.29417694916,14.606931604257,3.24598480094601,3.24598480094601
um,O_O_A6S_005.png,6,106,0,23.4142607288278,23.4142607288278,6.14038178620291,5.1049533041784,0.555713413086475,-63.9880171519217,23.4142607288278,0.939292991380644,1,5.46003321150001,1,0.666666666666667,14.2996450431008,1930.44126086927,1256.95351441966,1784.15,1161.7,1927.57397429511,1253.49113063198,5.40997466824335,6.49196960189202
um,O_O_A6S_005.png,6,107,0,12.8778434008553,12.8778434008553,5.03993306260274,3.43192113395002,0.732333837236824,90,12.8778434008553,0.910476739226441,1,4.04926900426184,1,0.733333333333333,9.93271349089479,1937.85292616477,125.511412303246,1791,116,1936.22993376429,122.806424969124,3.24598480094601,5.40997466824335
um,O_O_A6S_005.png,6,108,0,40.9749562754486,40.9749562754486,12.4326874264866,4.95777698462034,0.917051175184425,57.6012792575564,45.6578084212142,0.622935005243294,1,7.22294501389118,0.897435897435897,0.4375,25.3511412953883,1950.28041083125,811.743513364193,1802.48571428571,750.228571428571,1945.96788816713,806.627223035083,8.65595946918936,10.8199493364867
um,O_O_A6S_005.png,6,109,0,5.85356518220694,5.85356518220694,3.00890580585037,3.00890580585037,0,0,5.85356518220694,0.817743873391467,1,2.73001660575,1,0.555555555555556,6.08513950684012,1955.16484510315,675.16483859677,1807,624,1953.54185270267,673.541846196297,3.24598480094601,3.24598480094601
um,O_O_A6S_005.png,6,110,0,11.7071303644139,11.7071303644139,4.5047041299421,3.62965894220845,0.592257740151389,-45,11.7071303644139,0.907474877945258,1,3.86082650935542,1,0.625,9.33328829765342,1957.65343345054,1289.41336242912,1809.3,1191.7,1955.70584256997,1287.03297357509,4.32797973459468,4.32797973459468
um,O_O_A6S_005.png,6,111,0,30.4385389474761,30.4385389474761,7.14388524795078,5.67886213589707,0.606706030065698,1.52194032226067,30.4385389474761,0.935370222943094,1,6.22539568797743,1,0.742857142857143,16.8228572283695,2003.9794626866,649.446651327736,1852.11538461538,600.230769230769,2000.06763484957,646.49197285508,7.57396453554069,5.40997466824335
um,O_O_A6S_005.png,6,112,0,207.216207450126,207.216207450126,25.0257068789901,10.751762789116,0.903005620167963,77.8709506474569,218.92333781454,0.740298031126419,1,16.2430252611866,0.946524064171123,0.699604743083004,55.9088422114941,2026.92494977039,507.651238784485,1873.32203389831,469.180790960452,2020.62553858889,495.012682144266,11.9019442701354,24.8858834739194
um,O_O_A6S_005.png,6,113,0,43.3163823483314,43.3163823483314,10.3514620658859,5.755258325914,0.831192279643365,74.1567049073153,46.8285214576556,0.774376312386841,1,7.42644807029334,0.925,0.616666666666667,23.1135757726029,2027.13212974394,348.197666890668,1873.51351351351,321.810810810811,2023.87152338984,342.451396499804,6.49196960189202,10.8199493364867
um,O_O_A6S_005.png,6,114,0,51.5113736034211,51.5113736034211,17.8842960358575,3.97308255951562,0.975011403076176,87.83567473076,57.3649387856281,0.508854316697077,1,8.09853800852369,0.897959183673469,0.733333333333333,32.2672529112706,2027.53555168787,286.089296774287,1873.88636363636,264.409090909091,2024.95351832349,277.531700480884,4.32797973459468,16.22992400473
um,O_O_A6S_005.png,6,115,0,31.6092519839175,31.6092519839175,7.28727950926481,5.66446900838129,0.629118822098702,0,31.6092519839175,0.952700780159751,1,6.34398530936368,1,0.771428571428571,17.0197803062936,2032.38722425652,827.726124241232,1878.37037037037,765,2028.19950312443,825.021136907111,7.57396453554069,5.40997466824335
um,O_O_A6S_005.png,6,116,0,18.7314085830622,18.7314085830622,5.44592173923281,4.5047041299421,0.561951486949017,0,18.7314085830622,1,1,4.8836021681282,1,0.8,11.6595774049981,2033.06848032585,426.8470013244,1879,394.5,2030.36349299173,424.683011457103,5.40997466824335,4.32797973459468
um,O_O_A6S_005.png,6,117,0,58.5356518220694,58.5356518220694,17.6521537456682,5.05092834726805,0.958188817897967,77.181878008754,73.7549212958075,0.470034414627626,1,8.63307052425194,0.793650793650794,0.446428571428571,36.1602706825385,2037.00694188433,543.810653651821,1882.64,502.6,2033.60947779267,535.046494689267,7.57396453554069,17.3119189383787
um,O_O_A6S_006.png,7,1,1,4.68285214576556,4.68285214576556,3.30554912333583,2.25235206497105,0.7319250547114,0,4.68285214576556,0.840875939413586,1,2.4418010840641,1,0.666666666666667,4.96635674544739,732.510570080149,1.35249366706084,677,1.25,730.887577679676,0.540997466824335,3.24598480094601,2.16398986729734
um,O_O_A6S_006.png,7,2,1,57.3649387856281,57.3649387856281,19.8656366854051,4.05588162841844,0.978936344593866,0.317942234728195,64.3892170042764,0.424016654953829,1,8.54630379422435,0.890909090909091,0.680555555555556,37.8330348499594,994.883300725323,1297.33400697401,919.489795918367,1199.02040816327,985.156387087114,1294.60693811063,19.4759088056761,4.32797973459468
um,O_O_A6S_006.png,7,3,1,67.9013561136006,67.9013561136006,11.3742709333015,7.87455022064506,0.72159778883452,26.2647916705905,72.5842082593661,0.87195450323557,1,9.29810151294236,0.935483870967742,0.659090909090909,27.8830094401262,2071.81509200151,356.293469616482,1914.81034482759,329.293103448276,2066.06932580213,352.189350902642,11.9019442701354,8.65595946918936
um,O_O_A6S_006.png,7,4,0,5.85356518220694,5.85356518220694,3.00890580585037,3.00890580585037,0,0,5.85356518220694,0.817743873391467,1,2.73001660575,1,0.555555555555556,6.08513950684012,43.2797973459468,259.678784075681,40,240,41.6568049454738,258.055791675208,3.24598480094601,3.24598480094601
um,O_O_A6S_006.png,7,5,0,216.581911741657,216.581911741657,36.1625797921596,8.65955721324427,0.970905781334278,-86.2182793604179,271.605424454402,0.433400843375843,1,16.606042716548,0.797413793103448,0.560606060606061,75.8456808589044,133.787211390342,532.21283768736,123.648648648649,491.881081081081,128.216399637367,515.570585883591,10.8199493364867,35.7058328104061
um,O_O_A6S_006.png,7,6,0,31.6092519839175,31.6092519839175,9.00073033141806,4.7458923236335,0.84969247216552,-76.6049096086141,32.7799650203589,0.79570236767582,1,6.34398530936368,0.964285714285714,0.675,18.9435672983209,133.606337362395,23.8038885402707,123.481481481481,22,130.380389504665,20.0169062725004,5.40997466824335,8.65595946918936
um,O_O_A6S_006.png,7,7,0,147.509842591615,147.509842591615,26.3800712810732,7.47317197431145,0.959034723585557,-63.4007290991429,165.070538138236,0.526185148671504,1,13.7045745948316,0.893617021276596,0.421404682274247,55.9542859987073,142.110588547237,601.520485017635,131.34126984127,555.936507936508,134.708369239259,588.064246438052,14.0659341374327,24.8858834739194
um,O_O_A6S_006.png,7,8,0,12.8778434008553,12.8778434008553,5.03993306260274,3.43192113395002,0.732333837236824,90,12.8778434008553,0.910476739226441,1,4.04926900426184,1,0.733333333333333,9.93271349089479,204.497042459599,265.088758743924,189,245,202.874050059126,262.383771409802,3.24598480094601,5.40997466824335
um,O_O_A6S_006.png,7,9,0,35.1213910932417,35.1213910932417,9.75104395438512,4.70469278244733,0.87590647304824,86.5753672210268,35.1213910932417,0.824306146554344,1,6.68714767341238,1,0.833333333333333,19.7399155694863,224.441815736522,809.079744884687,207.433333333333,747.766666666667,222.349958864802,804.463233167786,4.32797973459468,9.73795440283803
um,O_O_A6S_006.png,7,10,0,12.8778434008553,12.8778434008553,5.03993306260274,3.43192113395002,0.732333837236824,90,12.8778434008553,0.910476739226441,1,4.04926900426184,1,0.733333333333333,9.93271349089479,252.10481954014,231.546915800815,233,214,250.481827139667,228.841928466694,3.24598480094601,5.40997466824335
um,O_O_A6S_006.png,7,11,0,618.136483241053,618.136483241053,50.2869545876972,16.9361430523572,0.941579790051436,-66.3784945433134,708.28138704704,0.502232114090773,1,28.0541585955814,0.872727272727273,0.459130434782609,120.964869592054,281.437538252729,166.805503038008,260.109848484848,154.164772727273,269.957735945343,142.2823337748,27.0498733412167,49.7717669478388
um,O_O_A6S_006.png,7,12,0,5.85356518220694,5.85356518220694,3.00890580585037,3.00890580585037,0,0,5.85356518220694,0.817743873391467,1,2.73001660575,1,0.555555555555556,6.08513950684012,300.79459155433,873.169911454476,278,807,299.171599153857,871.546919054003,3.24598480094601,3.24598480094601
um,O_O_A6S_006.png,7,13,0,49.1699475305383,49.1699475305383,12.5849945410942,5.16432110746266,0.911925657084241,81.2448662854521,51.5113736034211,0.770899923207031,1,7.91233983145532,0.954545454545455,0.763636363636364,24.911851352327,325.525904323443,682.661517779907,300.857142857143,630.928571428571,322.975487694128,676.787830997243,5.40997466824335,11.9019442701354
um,O_O_A6S_006.png,7,14,0,362.921041296831,362.921041296831,37.8197070020036,12.6888587507283,0.942036937970997,82.7871940620092,391.018154171424,0.591735087172259,1,21.4961722498585,0.92814371257485,0.598455598455598,84.3912768448616,354.663978025084,177.485562486995,327.787096774194,164.035483870968,347.861371168047,158.51225777953,15.1479290710814,40.0338125450008
um,O_O_A6S_006.png,7,15,0,143.997703482291,143.997703482291,28.0171408751627,8.10154764842838,0.957279582555702,71.2536872678499,195.509077085712,0.453796043833652,1,13.5404420321015,0.736526946107784,0.465909090909091,59.7477602360795,370.341355338284,941.414762635341,342.276422764228,870.073170731707,364.091295172777,928.892650537383,11.9019442701354,25.9678784075681
um,O_O_A6S_006.png,7,16,0,105.364173279725,105.364173279725,22.3331939485146,6.52090624350223,0.956423600482477,76.0960455443327,126.43700793567,0.549249245533891,1,11.5824795280663,0.833333333333333,0.526315789473684,45.6991380175852,371.545038049024,628.061992485264,343.388888888889,580.466666666667,367.337279973723,618.360104580215,9.73795440283803,20.5579037393247
um,O_O_A6S_006.png,7,17,0,5.85356518220694,5.85356518220694,3.00890580585037,3.00890580585037,0,0,5.85356518220694,0.817743873391467,1,2.73001660575,1,0.555555555555556,6.08513950684012,373.288252108791,572.375319900146,345,529,371.665259708318,570.752327499673,3.24598480094601,3.24598480094601
um,O_O_A6S_006.png,7,18,0,22.2435476923864,22.2435476923864,7.06508140818922,4.2868752581424,0.794877906623908,86.7882647817217,23.4142607288278,0.834823078122629,1,5.32178208283174,0.95,0.678571428571429,14.8990702363422,375.680030383172,920.720741433247,347.210526315789,850.947368421053,373.829249575615,916.990706267247,4.32797973459468,7.57396453554069
um,O_O_A6S_006.png,7,19,0,98.3398950610767,98.3398950610767,22.6045910347567,6.14489496454886,0.962341675618017,-86.6103611090873,111.217738461932,0.529295905209991,1,11.189738299749,0.884210526315789,0.7,44.9201016653582,378.968725510447,695.709861444027,350.25,642.988095238095,375.993239442913,683.279800599135,6.49196960189202,21.6398986729734
um,O_O_A6S_006.png,7,20,0,340.677493604444,340.677493604444,47.7107774582173,9.90196705151702,0.978226210757109,83.3435807834354,394.530293280748,0.409975452859639,1,20.8270030695354,0.863501483679525,0.601239669421488,98.7883014319908,441.732797602278,291.015736999361,408.257731958763,268.962199312715,436.584955727238,268.875741011694,11.9019442701354,47.6077770805415
um,O_O_A6S_006.png,7,21,0,28.0971128745933,28.0971128745933,8.77836680861678,4.28787924852324,0.872586402042844,82.1538012354324,29.2678259110347,0.814420684538037,1,5.98116670933186,0.96,0.75,17.4222824216109,441.13835107301,325.500142539308,407.708333333333,300.833333333333,438.748945594536,320.811497826831,4.32797973459468,8.65595946918936
um,O_O_A6S_006.png,7,22,0,16.3899825101794,16.3899825101794,5.28166288706108,4.17937510891043,0.611429250513635,24.3576445527144,16.3899825101794,0.958830581424272,1,4.56819153161053,1,0.7,11.2570752896808,446.63205153969,239.507307098373,412.785714285714,221.357142857143,444.158920262779,237.497887935883,5.40997466824335,4.32797973459468
um,O_O_A6S_006.png,7,23,0,254.044728907781,254.044728907781,31.4898789498811,12.8526495116335,0.912914092842931,66.7366406761047,334.823928422237,0.465062744887146,1,17.9849880449477,0.758741258741259,0.415708812260536,79.4530519676891,573.083353451197,267.975740617576,529.654377880184,247.668202764977,563.178362964133,251.563822073316,19.4759088056761,31.3778530758114
um,O_O_A6S_006.png,7,24,0,32.7799650203589,32.7799650203589,8.67373363646463,4.97701949216532,0.818992943222368,-69.3138925488523,32.7799650203589,0.871297078342117,1,6.46039841952153,1,0.7,18.3441421050795,566.076563679263,298.862457744243,523.178571428571,276.214285714286,563.178362964133,294.843619419262,5.40997466824335,8.65595946918936
um,O_O_A6S_006.png,7,25,0,5.85356518220694,5.85356518220694,3.00890580585037,3.00890580585037,0,0,5.85356518220694,0.817743873391467,1,2.73001660575,1,0.555555555555556,6.08513950684012,582.113274302984,97.3795440283803,538,90,580.490281902511,95.7565516279073,3.24598480094601,3.24598480094601
um,O_O_A6S_006.png,7,26,0,77.2670604051317,77.2670604051317,10.5852829521998,9.46518019011362,0.447701621116264,74.3328015500891,78.4377734415731,0.979848860275163,1,9.91864289170924,0.985074626865672,0.733333333333333,28.0799325180503,598.310410582452,1271.0325636472,552.969696969697,1174.71212121212,593.474221106295,1265.39307490212,9.73795440283803,10.8199493364867
um,O_O_A6S_006.png,7,27,0,74.9256343322489,74.9256343322489,11.4102542263589,8.73174409544217,0.643728301896376,-84.3788464008124,77.2670604051317,0.892918357475445,1,9.7672043362564,0.96969696969697,0.727272727272727,29.0732038671397,618.055793505126,625.240916111387,571.21875,577.859375,614.03212484562,618.360104580215,8.65595946918936,11.9019442701354
um,O_O_A6S_006.png,7,28,0,26.9263998381519,26.9263998381519,8.95614212883089,4.09188318060859,0.889528283511224,82.6640121555201,29.2678259110347,0.780486489348952,1,5.85523330630689,0.92,0.71875,17.4222824216109,662.416115682909,38.0579957096423,612.217391304348,35.1739130434783,660.557906992513,34.0828404099331,4.32797973459468,8.65595946918936
um,O_O_A6S_006.png,7,29,0,914.326881460725,923.692585752256,92.3789507603973,15.3998299149109,0.986007188557547,84.9325459241554,1203.49300146175,0.31167437322426,-1,34.119747101791,0.759727626459144,0.482098765432099,188.6025368843,676.159553529369,242.556664504664,624.91933418694,224.175416133163,665.967881660756,203.956044992774,21.6398986729734,87.6415896255422
um,O_O_A6S_006.png,7,30,0,32.7799650203589,32.7799650203589,10.3414809154553,4.2792643456839,0.910369593987289,-49.0912614989107,33.9506780568003,0.740408061087172,1,6.46039841952153,0.96551724137931,0.5,20.1878614720169,676.324118882822,333.486295621001,625.071428571429,308.214285714286,672.459851262648,329.46745729602,7.57396453554069,8.65595946918936
um,O_O_A6S_006.png,7,31,0,28.0971128745933,28.0971128745933,7.79127982637368,4.82981768169151,0.784680484098794,-73.3208788014785,29.2678259110347,0.846845137919779,1,5.98116670933186,0.96,0.685714285714286,17.0197803062936,675.615669819123,777.50352607104,624.416666666667,718.583333333333,672.459851262648,774.167375025623,5.40997466824335,7.57396453554069
um,O_O_A6S_006.png,7,32,0,654.428587370736,654.428587370736,37.0829018801987,23.8477942554569,0.765787188839509,-84.1436470759295,735.207786885192,0.654797206475146,1,28.8659722969034,0.890127388535032,0.646990740740741,108.66907916607,684.205980519977,828.40164522843,632.355992844365,765.624329159213,672.459851262648,808.79121290238,25.9678784075681,38.9518176113521
um,O_O_A6S_006.png,7,33,0,298.531824292554,298.531824292554,31.2812770681215,12.459479528039,0.91725316558887,-59.4333841358747,314.921806802734,0.723360572883934,1,19.4962181986971,0.947955390334573,0.566666666666667,68.615790712264,693.664830403469,211.960685943081,641.098039215686,195.898039215686,684.361795532784,198.546070324531,19.4759088056761,27.0498733412167
um,O_O_A6S_006.png,7,34,0,79.6084864780144,79.6084864780144,13.9260617263594,7.50227460216723,0.842483650495439,-85.446803080404,84.29133862378,0.811022020050601,1,10.067803786344,0.944444444444444,0.747252747252747,31.7219274647117,738.063749960199,26.1429069997759,682.132352941176,24.1617647058824,734.133562480622,18.9349113388517,7.57396453554069,14.0659341374327
um,O_O_A6S_006.png,7,35,0,37.4628171661244,37.4628171661244,7.58042435844006,6.4414986954841,0.527178828569583,-69.7064710497594,37.4628171661244,0.995768089533848,1,6.90645641940155,1,0.761904761904762,18.3441421050795,740.490282715808,527.844465912168,684.375,487.84375,737.379547281568,524.22654535278,6.49196960189202,7.57396453554069
um,O_O_A6S_006.png,7,36,0,14.0485564372967,14.0485564372967,4.8388284458976,4.0804584255598,0.53748384988657,0,14.0485564372967,0.845404939381118,1,4.22932353957578,1,0.6,11.0514962522875,754.150468753123,489.963372453906,697,452.833333333333,751.445481419001,487.438717608726,5.40997466824335,4.32797973459468
um,O_O_A6S_006.png,7,37,0,11.7071303644139,11.7071303644139,4.5047041299421,3.62965894220845,0.592257740151389,-45,11.7071303644139,0.907474877945258,1,3.86082650935542,1,0.625,9.33328829765342,879.986479536463,444.375319249509,813.3,410.7,878.038888655895,441.994930395482,4.32797973459468,4.32797973459468
um,O_O_A6S_006.png,7,38,0,12.8778434008553,12.8778434008553,5.03993306260274,3.43192113395002,0.732333837236824,0,12.8778434008553,0.910476739226441,1,4.04926900426184,1,0.733333333333333,9.93271349089479,908.875744264882,760.642438355015,840,703,906.170756930761,759.019445954542,5.40997466824335,3.24598480094601
um,O_O_A6S_006.png,7,39,0,5.85356518220694,5.85356518220694,3.00890580585037,3.00890580585037,0,0,5.85356518220694,0.817743873391467,1,2.73001660575,1,0.555555555555556,6.08513950684012,916.449708800423,718.444635942717,847,664,914.82671639995,716.821643542244,3.24598480094601,3.24598480094601
um,O_O_A6S_006.png,7,40,0,5.85356518220694,5.85356518220694,3.00890580585037,3.00890580585037,0,0,5.85356518220694,0.817743873391467,1,2.73001660575,1,0.555555555555556,6.08513950684012,919.695693601369,157.971260312706,850,146,918.072701200896,156.348267912233,3.24598480094601,3.24598480094601
um,O_O_A6S_006.png,7,41,0,101.852034170401,101.852034170401,26.8989938463078,5.64414940390885,0.977738415011885,-85.1424279308932,120.583442753463,0.416927361872445,1,11.3878021416545,0.844660194174757,0.604166666666667,52.007168480757,965.313594941867,315.009766372266,892.16091954023,291.137931034483,962.434493480492,301.335589021154,6.49196960189202,25.9678784075681
um,O_O_A6S_006.png,7,42,0,5.85356518220694,5.85356518220694,3.00890580585037,3.00890580585037,0,0,5.85356518220694,0.817743873391467,1,2.73001660575,1,0.555555555555556,6.08513950684012,970.549455482857,331.090449696493,897,306,968.926463082384,329.46745729602,3.24598480094601,3.24598480094601
um,O_O_A6S_006.png,7,43,0,43.3163823483314,43.3163823483314,15.5291299439223,4.65433032774246,0.954028436111242,-54.4874205142315,53.8527996763039,0.44331036953341,1,7.42644807029334,0.804347826086957,0.342592592592593,31.6418598396217,982.451399752992,363.579540812268,908,336.027027027027,977.582422551573,356.517330637237,9.73795440283803,12.983939203784
um,O_O_A6S_006.png,7,44,0,52.6820866398625,52.6820866398625,9.33358454752178,7.36724314393562,0.613974018797131,-86.2613348466696,55.0235127127453,0.936755960828616,1,8.19004981725001,0.957446808510638,0.803571428571429,23.1849874382237,996.060491585106,763.383492186925,920.577777777778,705.533333333333,992.730351622654,759.019445954542,7.57396453554069,8.65595946918936
um,O_O_A6S_006.png,7,45,0,63.218503967835,63.218503967835,13.1110556226068,6.33249183089452,0.875626579555157,88.5920159028668,65.5599300407178,0.79806950858077,1,8.97175006399779,0.964285714285714,0.75,28.1513441836711,1042.92289437802,12.9238283741369,963.888888888889,11.9444444444444,1039.25613376955,5.95097213506768,6.49196960189202,12.983939203784
um,O_O_A6S_006.png,7,46,0,231.801181215395,231.801181215395,28.5693422195138,10.7040887147069,0.927158046487281,-86.9334923168319,247.020450689133,0.624243525520058,1,17.1795934305723,0.938388625592417,0.707142857142857,64.911040059451,1076.14232468939,966.210546506508,994.590909090909,892.989898989899,1070.63398684536,951.614544144005,10.8199493364867,30.2958581421627
um,O_O_A6S_006.png,7,47,0,5.85356518220694,5.85356518220694,3.00890580585037,3.00890580585037,0,0,5.85356518220694,0.817743873391467,1,2.73001660575,1,0.555555555555556,6.08513950684012,1078.74894884772,984.615389620289,997,910,1077.12595644725,982.992397219816,3.24598480094601,3.24598480094601
um,O_O_A6S_006.png,7,48,0,5.85356518220694,5.85356518220694,3.00890580585037,3.00890580585037,0,0,5.85356518220694,0.817743873391467,1,2.73001660575,1,0.555555555555556,6.08513950684012,1079.83094378137,988.943369354884,998,914,1078.2079513809,987.320376954411,3.24598480094601,3.24598480094601
um,O_O_A6S_006.png,7,49,0,87.8034777331042,87.8034777331042,12.2846536439116,9.20462246894781,0.662255437512777,90,92.4863298788697,0.943383526001116,1,10.5733088489395,0.949367088607595,0.757575757575758,30.800067781243,1088.86199482756,894.80981012745,1006.34666666667,827,1083.61792604914,888.858837992382,9.73795440283803,11.9019442701354
um,O_O_A6S_006.png,7,50,0,182.631233684857,182.631233684857,33.0638700857902,8.50843711160086,0.966322687681658,79.2827721056807,227.118329069629,0.470515964129201,1,15.2490428824673,0.804123711340206,0.506493506493506,66.4409808956302,1128.06988457321,449.187422358261,1042.58333333333,415.147435897436,1122.56974366049,435.50296079359,11.9019442701354,30.2958581421627
um,O_O_A6S_006.png,7,51,0,434.334536519755,434.334536519755,64.2558408369577,10.9850295777019,0.985278372394068,89.3238337380142,623.99004842326,0.315836796444971,1,23.5162052113255,0.696060037523452,0.562121212121212,128.058428377055,1133.12283979906,401.877999641292,1047.25336927224,371.423180592992,1125.81572846144,371.665259708318,12.983939203784,59.5097213506768
um,O_O_A6S_006.png,7,52,0,5.85356518220694,5.85356518220694,3.00890580585037,3.00890580585037,0,0,5.85356518220694,0.817743873391467,1,2.73001660575,1,0.555555555555556,6.08513950684012,1137.17667526475,836.382083710422,1051,773,1135.55368286428,834.759091309949,3.24598480094601,3.24598480094601
um,O_O_A6S_006.png,7,53,0,9.36570429153111,9.36570429153111,3.95088688177121,3.30554912333583,0.547722557505166,0,9.36570429153111,0.936368556122002,1,3.45322820970078,1,0.666666666666667,7.81200342094339,1168.01353087374,390.60017104717,1079.5,361,1165.84954100644,388.977178646697,4.32797973459468,3.24598480094601
um,O_O_A6S_006.png,7,54,0,9.36570429153111,9.36570429153111,3.95088688177121,3.30554912333583,0.547722557505166,0,9.36570429153111,0.936368556122002,1,3.45322820970078,1,0.666666666666667,7.81200342094339,1176.66949034293,1152.32460433583,1087.5,1065,1174.50550047563,1150.70161193536,4.32797973459468,3.24598480094601
um,O_O_A6S_006.png,7,55,0,25.7556868017106,25.7556868017106,6.34525083178564,5.48486804046203,0.502795772250921,90,26.9263998381519,0.894367722887044,1,5.7265311435241,0.956521739130435,0.611111111111111,15.6240068418868,1199.39138394955,404.075926129885,1108.5,373.454545454545,1196.1453991486,400.879122916832,6.49196960189202,6.49196960189202
um,O_O_A6S_006.png,7,56,0,25.7556868017106,25.7556868017106,9.94148169160813,3.60564491471594,0.931911064234535,81.0725485008957,29.2678259110347,0.637070647106401,1,5.7265311435241,0.88,0.611111111111111,19.140490376245,1202.34227922314,926.286026379047,1111.22727272727,856.090909090909,1200.4733788832,921.318686001842,4.32797973459468,9.73795440283803
um,O_O_A6S_006.png,7,57,0,38.6335302025658,38.6335302025658,8.52682342576314,6.24931303155468,0.680335856640862,-79.8933553993932,40.9749562754486,0.866729470555599,1,7.01353964889535,0.942857142857143,0.6875,20.2679290971069,1215.50655091586,707.854200683065,1123.39393939394,654.212121212121,1212.37532315333,702.755709404811,6.49196960189202,8.65595946918936
um,O_O_A6S_006.png,7,58,0,5.85356518220694,5.85356518220694,3.00890580585037,3.00890580585037,0,0,5.85356518220694,0.817743873391467,1,2.73001660575,1,0.555555555555556,6.08513950684012,1289.73796090921,942.417587207991,1192,871,1288.11496850874,940.794594807518,3.24598480094601,3.24598480094601
um,O_O_A6S_006.png,7,59,0,9.36570429153111,9.36570429153111,3.95088688177121,3.30554912333583,0.547722557505166,90,9.36570429153111,0.936368556122002,1,3.45322820970078,1,0.666666666666667,7.81200342094339,1289.73796090921,971.090452949681,1192,897.5,1288.11496850874,968.926463082384,3.24598480094601,4.32797973459468
um,O_O_A6S_006.png,7,60,0,19.9021216195036,19.9021216195036,8.89326321870265,3.17891645814537,0.933931436614664,53.2980600960792,22.2435476923864,0.604580752908115,1,5.033901893172,0.894736842105263,0.404761904761905,16.9397126812036,1321.75228159305,1260.5240977007,1221.58823529412,1165,1318.4108266509,1256.73711543293,6.49196960189202,7.57396453554069
um,O_O_A6S_006.png,7,61,0,105.364173279725,105.364173279725,12.1270955533124,11.2422859578361,0.374965854731876,77.4110340271461,108.876312389049,0.971390351411861,1,11.5824795280663,0.967741935483871,0.818181818181818,33.5202030444358,1327.92035990108,195.264019025797,1227.28888888889,180.466666666667,1322.7388063855,188.808115921693,10.8199493364867,11.9019442701354
um,O_O_A6S_006.png,7,62,0,9.36570429153111,9.36570429153111,3.95088688177121,3.30554912333583,0.547722557505166,90,9.36570429153111,0.936368556122002,1,3.45322820970078,1,0.666666666666667,7.81200342094339,1325.44379371962,134.708369239259,1225,124.5,1323.82080131915,132.544379371962,3.24598480094601,4.32797973459468
um,O_O_A6S_006.png,7,63,0,442.529527774845,442.529527774845,47.0428818993149,15.917895011433,0.941013184880722,-86.1831531984207,577.161526965605,0.410386844728906,1,23.737019494366,0.766734279918864,0.446808510638298,113.007878850002,1353.56134989219,227.785695317179,1250.98677248677,210.52380952381,1342.21471519117,199.62806525818,19.4759088056761,50.8537618814875
um,O_O_A6S_006.png,7,64,0,33.9506780568003,33.9506780568003,7.54937888799082,5.94213714308644,0.616821859874725,21.5010600717617,35.1213910932417,0.90241483114005,1,6.57475063196244,0.966666666666667,0.69047619047619,18.3441421050795,1348.42685851712,891.787686347259,1246.24137931034,824.206896551724,1344.37870505847,888.858837992382,7.57396453554069,6.49196960189202
um,O_O_A6S_006.png,7,65,0,394.530293280748,394.530293280748,54.5770183917927,15.411839702425,0.959300573547167,-57.6212947576892,636.867891824116,0.319274404361362,1,22.4127546499981,0.619485294117647,0.273538961038961,121.213728426793,1360.70013308578,978.258268051671,1257.58456973294,904.124629080119,1344.37870505847,959.188508679546,30.2958581421627,47.6077770805415
um,O_O_A6S_006.png,7,66,0,65.5599300407178,65.5599300407178,11.1424058213605,7.66178896634822,0.726066681924949,79.9101657984116,66.7306430771592,0.938051634120465,1,9.13638306322106,0.982456140350877,0.8,26.2362131511129,1351.46963614149,275.097211880174,1249.05357142857,254.25,1347.62468985942,269.957735945343,7.57396453554069,10.8199493364867
um,O_O_A6S_006.png,7,67,0,21.072834655945,21.072834655945,6.2856372062119,4.43748420985066,0.708239690230453,77.7641897331476,21.072834655945,0.940818022409032,1,5.17984231455116,1,0.75,13.3777853596322,1353.99643780202,687.367337015141,1251.38888888889,635.277777777778,1351.95266959401,684.361795532784,4.32797973459468,6.49196960189202
um,O_O_A6S_006.png,7,68,0,5.85356518220694,5.85356518220694,3.00890580585037,3.00890580585037,0,0,5.85356518220694,0.817743873391467,1,2.73001660575,1,0.555555555555556,6.08513950684012,1368.72359106557,802.840240767313,1265,742,1367.10059866509,801.21724836684,3.24598480094601,3.24598480094601
um,O_O_A6S_006.png,7,69,0,45.6578084212142,45.6578084212142,8.05134133283311,7.34253609063484,0.410269501523466,45.0000000000001,45.6578084212142,1,1,7.62452144123367,1,0.795918367346939,20.4648521750309,1417.55208037894,7.43524723635496,1310.12820512821,6.87179487179487,1413.62638081199,3.78698226777034,7.57396453554069,7.57396453554069
um,O_O_A6S_006.png,7,70,0,30.4385389474761,30.4385389474761,6.82556775614821,5.76717067097287,0.534866781756732,90,30.4385389474761,1,1,6.22539568797743,1,0.866666666666667,15.9009975449008,1417.41336307976,417.109046921562,1310,385.5,1414.70837574564,413.863062120616,5.40997466824335,6.49196960189202
um,O_O_A6S_006.png,7,71,0,14.0485564372967,14.0485564372967,5.4056670829999,3.59505670326093,0.746795899354174,-36.6503778830032,14.0485564372967,0.868925714063477,1,4.22932353957578,1,0.6,10.8545731743635,1418.49535801341,401.961117850481,1311,371.5,1415.79037067928,399.797127983183,5.40997466824335,4.32797973459468
um,O_O_A6S_006.png,7,72,0,65.5599300407178,65.5599300407178,14.539579824116,6.16411732900875,0.905683584300644,85.0172179243509,70.2427821864833,0.680673558127776,1,9.13638306322106,0.933333333333333,0.666666666666667,31.3908370150152,1424.77479289619,95.5246955706968,1316.80357142857,88.2857142857143,1421.20034534753,88.1825870923666,6.49196960189202,15.1479290710814
um,O_O_A6S_006.png,7,73,0,28.0971128745933,28.0971128745933,7.23372500267557,5.18256225995397,0.697644124549943,-73.7840429885373,28.0971128745933,0.916975222484678,1,5.98116670933186,1,0.685714285714286,16.2234320351281,1429.27022422766,20.2874050059126,1320.95833333333,18.75,1426.61032001577,16.7709214715544,5.40997466824335,7.57396453554069
um,O_O_A6S_006.png,7,74,0,44.4870953847728,44.4870953847728,12.3569235186712,4.94562568983678,0.916414222880588,-74.2676330371911,49.1699475305383,0.681861005744233,1,7.52613639753478,0.904761904761905,0.575757575757576,25.2342858425543,1432.67518635438,36.2753038281159,1324.10526315789,33.5263157894737,1428.77430988307,30.8368556089871,6.49196960189202,11.9019442701354
um,O_O_A6S_006.png,7,75,0,5.85356518220694,5.85356518220694,3.00890580585037,3.00890580585037,0,0,5.85356518220694,0.817743873391467,1,2.73001660575,1,0.555555555555556,6.08513950684012,1432.56129215084,45.4437872132441,1324,42,1430.93829975037,43.8207948127711,3.24598480094601,3.24598480094601
um,O_O_A6S_006.png,7,76,0,47.9992344940969,47.9992344940969,14.0981386660443,4.54916311471425,0.946508704972552,87.738772926799,50.3406605669797,0.626743855664406,1,7.81757785218032,0.953488372093023,0.788461538461538,27.6233306560505,1441.53393306402,1031.98565561783,1332.29268292683,953.780487804878,1439.59425921955,1025.19019963211,4.32797973459468,14.0659341374327
um,O_O_A6S_006.png,7,77,0,9.36570429153111,9.36570429153111,4.75749780569578,2.93005613152778,0.787838597158335,-45,9.36570429153111,0.750003552471025,1,3.45322820970078,1,0.5,9.12770926026018,1442.8402440205,1005.71429082644,1333.5,929.5,1440.6762541532,1003.55030095914,4.32797973459468,4.32797973459468
um,O_O_A6S_006.png,7,78,0,146.339129555174,146.339129555174,17.253291061096,11.0740317217296,0.76682988173913,76.1546499225879,151.021981700939,0.879567682680275,1,13.65008302875,0.968992248062015,0.78125,42.3254778144687,1445.64910286825,1052.54735953449,1336.096,972.784,1440.6762541532,1044.66610843779,10.8199493364867,17.3119189383787
um,O_O_A6S_006.png,7,79,0,43.3163823483314,43.3163823483314,9.77282478404683,5.90204464529183,0.797041813599655,-89.6123661518172,46.8285214576556,0.857947740025222,1,7.42644807029334,0.925,0.685185185185185,21.7892139738169,1446.30555211881,1013.71228040354,1336.7027027027,936.891891891892,1442.8402440205,1008.96027562738,6.49196960189202,9.73795440283803
um,O_O_A6S_006.png,7,80,0,55.0235127127453,55.0235127127453,9.18840959158572,7.85892036772876,0.518119869985329,-63.4392361455114,56.1942257491867,0.905623766571286,1,8.37007241761415,0.979166666666667,0.652777777777778,24.2323585339956,1505.88371478214,607.36749647772,1391.76595744681,561.340425531915,1501.26797043753,602.130180575485,8.65595946918936,9.73795440283803
um,O_O_A6S_006.png,7,81,0,5.85356518220694,5.85356518220694,3.00890580585037,3.00890580585037,0,0,5.85356518220694,0.817743873391467,1,2.73001660575,1,0.555555555555556,6.08513950684012,1516.95689697543,733.592565013798,1402,678,1515.33390457496,731.969572613325,3.24598480094601,3.24598480094601
um,O_O_A6S_006.png,7,82,0,99.5106080975181,99.5106080975181,19.3708937165273,7.04050686928187,0.931610573382742,-82.0938407103945,113.559164534815,0.584528195983198,1,11.2561468251975,0.876288659793814,0.559210526315789,42.8534913420892,1524.2635451156,718.050026025739,1408.75294117647,663.635294117647,1519.66188430956,707.083689139406,8.65595946918936,20.5579037393247
um,O_O_A6S_006.png,7,83,0,5.85356518220694,5.85356518220694,3.00890580585037,3.00890580585037,0,0,5.85356518220694,0.817743873391467,1,2.73001660575,1,0.555555555555556,6.08513950684012,1523.44886657733,733.592565013798,1408,678,1521.82587417685,731.969572613325,3.24598480094601,3.24598480094601
um,O_O_A6S_006.png,7,84,0,24.5849737652692,24.5849737652692,9.85989120042193,3.8151162102867,0.922107877427696,89.6467037523248,30.4385389474761,0.475034339401297,1,5.59486914987448,0.807692307692308,0.583333333333333,22.102992504575,1611.24502690768,1103.84092659472,1489.14285714286,1020.19047619048,1609.4674638024,1098.76585512022,4.32797973459468,9.73795440283803
um,O_O_A6S_006.png,7,85,0,95.9984689881939,95.9984689881939,19.186854712263,6.99320749043649,0.931211569647735,73.3124986438751,112.388451498373,0.58706614989645,1,11.0557246234609,0.854166666666667,0.569444444444444,41.9316316586205,1666.82639034594,1121.36899318535,1540.51219512195,1036.39024390244,1662.48521555118,1110.66779939036,8.65595946918936,19.4759088056761
um,O_O_A6S_006.png,7,86,0,39.8042432390072,39.8042432390072,11.0959951097664,4.89096413233499,0.897612008783819,46.798091667984,42.14566931189,0.695040093557062,1,7.11901232897944,0.944444444444444,0.472222222222222,23.427354303361,1667.3223693722,1137.33579216676,1540.97058823529,1051.14705882353,1662.48521555118,1132.30769806333,8.65595946918936,9.73795440283803
um,O_O_A6S_006.png,7,87,0,65.5599300407178,65.5599300407178,9.65314810884102,8.772818849159,0.417223481577619,69.5231446898756,65.5599300407178,0.991167657875302,1,9.13638306322106,1,0.777777777777778,25.4312089204783,1717.55102913866,68.9964983582036,1587.39285714286,63.7678571428571,1713.33897743267,64.3786985520958,8.65595946918936,9.73795440283803
um,O_O_A6S_006.png,7,88,0,99.5106080975181,99.5106080975181,11.6755071219942,10.9642062655237,0.343705415452733,-84.0067384443607,100.681321133959,0.991417455499748,1,11.2561468251975,0.988372093023256,0.772727272727273,32.1157736205598,1768.50162502051,1016.0568894569,1634.48235294118,939.058823529412,1763.11074438051,1010.04227056103,10.8199493364867,11.9019442701354
um,O_O_A6S_006.png,7,89,0,33.9506780568003,33.9506780568003,6.88626213643642,6.49682811254244,0.331521423537537,78.6900675259798,33.9506780568003,0.954306648852179,1,6.57475063196244,1,0.69047619047619,17.7447169118382,1799.91722720962,197.035008434435,1663.51724137931,182.103448275862,1796.65258732362,193.136095656288,6.49196960189202,7.57396453554069
um,O_O_A6S_006.png,7,90,0,35.1213910932417,35.1213910932417,7.50209547903028,6.14750842723233,0.57316662956209,-27.4036011737932,36.2921041296831,0.950674577948476,1,6.68714767341238,0.967741935483871,0.714285714285714,18.1472190271555,1817.49902304525,956.808119825518,1679.76666666667,884.3,1813.96450626199,953.778534011302,7.57396453554069,6.49196960189202
um,O_O_A6S_006.png,7,91,0,81.9499125508972,81.9499125508972,10.5178023592077,10.0617224455326,0.291281658282823,-5.92269572979238,83.1206255873386,0.988583274464787,1,10.21478679892,0.985915492957746,0.777777777777778,28.8762807892157,1844.58496288425,411.204445997937,1704.8,380.042857142857,1838.85038973591,406.289097585075,10.8199493364867,9.73795440283803
um,O_O_A6S_006.png,7,92,0,32.7799650203589,32.7799650203589,7.95152202980599,5.62077301863375,0.707333348120772,-77.917697425089,36.2921041296831,0.788107836982306,1,6.46039841952153,0.903225806451613,0.666666666666667,19.4629248664723,1901.56745321134,1203.37157959833,1757.46428571429,1112.17857142857,1898.36011108659,1199.39138394955,6.49196960189202,7.57396453554069
um,O_O_A6S_006.png,7,93,0,1736.16743304258,1736.16743304258,119.804504234113,24.5584682768439,0.978764516891809,88.8472630827847,2350.79177717431,0.273487983387759,1,47.016561252724,0.738545816733068,0.533069734004313,279.044329398125,1987.94133896642,1218.87714233824,1837.29265003372,1126.50910316925,1974.099756442,1152.86560180266,28.1318682748654,115.773457900408
um,O_O_A6S_006.png,7,94,0,98.3398950610767,98.3398950610767,14.3992383339051,9.20703202584872,0.76886508304521,-89.2503791113674,104.193460243284,0.844925882483974,1,11.189738299749,0.943820224719101,0.717948717948718,34.8445648432217,2056.04799177382,385.12579191859,1900.2380952381,355.940476190476,2050.92139673105,377.075234376561,9.73795440283803,14.0659341374327
um,O_O_A6S_006.png,7,95,0,175.606955466208,175.606955466208,25.0589309269331,9.11281886587797,0.931533495804153,-81.2785877630163,184.972659757739,0.656357135988688,1,14.9529167733296,0.949367088607595,0.694444444444444,54.5844804127081,2056.69203637718,904.504484732942,1900.83333333333,835.96,2052.0033916647,892.104822793328,9.73795440283803,25.9678784075681
um,O_O_A6S_006.png,7,96,0,11.7071303644139,11.7071303644139,4.5047041299421,3.62965894220845,0.592257740151389,45,11.7071303644139,0.907474877945258,1,3.86082650935542,1,0.625,9.33328829765342,2058.27896227986,881.068474470112,1902.3,814.3,2056.3313713993,879.120883589544,4.32797973459468,4.32797973459468
um,O_O_A6S_006.png,7,97,0,110.047025425491,110.047025425491,15.4933540166605,9.24532507649046,0.802443244661226,68.9525407755795,118.24201668058,0.830240145806093,1,11.8370699310349,0.930693069306931,0.61038961038961,37.4132208157037,2064.22763229805,855.9155454381,1907.79787234043,791.053191489362,2058.49536126659,848.825025447381,11.9019442701354,15.1479290710814
um,O_O_A6S_006.png,7,98,0,30.4385389474761,30.4385389474761,7.33894669440304,5.4853854408047,0.664334974083749,85.0327654241974,31.6092519839175,0.935370222943094,1,6.22539568797743,0.962962962962963,0.742857142857143,16.8228572283695,2069.77307769039,965.763708660949,1912.92307692308,892.576923076923,2067.15132073578,962.434493480492,5.40997466824335,7.57396453554069
um,O_O_A6S_007.png,8,1,1,4.68285214576556,4.68285214576556,3.30554912333583,2.25235206497105,0.7319250547114,0,4.68285214576556,0.840875939413586,1,2.4418010840641,1,0.666666666666667,4.96635674544739,194.759088056761,1.35249366706084,180,1.25,193.136095656288,0.540997466824335,3.24598480094601,2.16398986729734
um,O_O_A6S_007.png,8,2,1,67.9013561136006,67.9013561136006,25.4873520999152,4.51818025220029,0.984161992563546,-80.688643629396,99.5106080975181,0.308228162713198,1,9.29810151294236,0.682352941176471,0.46031746031746,49.2156215519434,1293.95401013343,1288.48807021,1195.89655172414,1190.84482758621,1290.27895837604,1276.21302423861,6.49196960189202,22.7218936066221
um,O_O_A6S_007.png,8,3,0,98.3398950610767,98.3398950610767,23.5254989043092,5.56891309042112,0.971578358732621,-82.4721407901174,112.388451498373,0.498906249721374,1,11.189738299749,0.875,0.571428571428571,46.3699748764474,118.092018472512,570.275734493185,109.142857142857,527.059523809524,114.150465499935,558.850383229538,7.57396453554069,22.7218936066221
um,O_O_A6S_007.png,8,4,0,19.9021216195036,19.9021216195036,7.37899951032071,3.54674870160695,0.876910104976049,90,19.9021216195036,0.809844351494583,1,5.033901893172,1,0.80952380952381,14.1741336307976,119.019442701354,311.614540890817,110,288,117.396450300881,307.827558623047,3.24598480094601,7.57396453554069
um,O_O_A6S_007.png,8,5,0,43.3163823483314,43.3163823483314,11.0682199002739,5.15575742497767,0.884881437941458,-58.1034329231627,45.6578084212142,0.82307838523951,1,7.42644807029334,0.948717948717949,0.587301587301587,22.3172275014375,193.530877591538,170.95519951649,178.864864864865,158,189.890110855342,166.086222315071,7.57396453554069,9.73795440283803
um,O_O_A6S_007.png,8,6,0,29.2678259110347,29.2678259110347,11.5421297215717,3.77331219203584,0.945053240846171,45.1154568650939,32.7799650203589,0.583397473203158,1,6.10450271016025,0.892857142857143,0.390625,21.7091463487269,196.706678937328,76.9514796810934,181.8,71.12,192.054100722639,73.0346580212852,8.65595946918936,8.65595946918936
um,O_O_A6S_007.png,8,7,0,39.8042432390072,39.8042432390072,9.36842761156372,5.55172124101201,0.805497593870644,82.2937967763183,39.8042432390072,0.878317056761996,1,7.11901232897944,1,0.755555555555556,20.4648521750309,194.727264676359,150.683706200778,179.970588235294,139.264705882353,192.054100722639,145.528318575746,5.40997466824335,9.73795440283803
um,O_O_A6S_007.png,8,8,0,65.5599300407178,65.5599300407178,15.2312431760388,6.45410253608401,0.905783388583892,57.4919903334303,76.0963473686903,0.64567253673398,1,9.13638306322106,0.861538461538462,0.518518518518518,32.3213526579531,224.32073535109,1195.23729625786,207.321428571429,1104.66071428571,219.103974063856,1187.48943967941,9.73795440283803,12.983939203784
um,O_O_A6S_007.png,8,9,0,9.36570429153111,9.36570429153111,3.95088688177121,3.30554912333583,0.547722557505166,90,9.36570429153111,0.936368556122002,1,3.45322820970078,1,0.666666666666667,7.81200342094339,270.498733412167,161.758242580476,250,149.5,268.875741011694,159.594252713179,3.24598480094601,4.32797973459468
um,O_O_A6S_007.png,8,10,0,32.7799650203589,32.7799650203589,11.1343548175741,4.20977913637755,0.925769176592441,76.5791912227619,37.4628171661244,0.649257749208276,1,6.46039841952153,0.875,0.56,21.7892139738169,288.042508407757,1061.05060314733,266.214285714286,980.642857142857,285.105665016424,1055.48605777428,5.40997466824335,10.8199493364867
um,O_O_A6S_007.png,8,11,0,5.85356518220694,5.85356518220694,3.00890580585037,3.00890580585037,0,0,5.85356518220694,0.817743873391467,1,2.73001660575,1,0.555555555555556,6.08513950684012,335.418429431088,924.023673335964,310,854,333.795437030615,922.400680935491,3.24598480094601,3.24598480094601
um,O_O_A6S_007.png,8,12,0,50.3406605669797,50.3406605669797,11.941466857169,5.58414837962596,0.883926070233495,90,52.6820866398625,0.778388549770268,1,8.00598024866216,0.955555555555556,0.781818181818182,25.108774430251,351.648353435818,489.439150102332,325,452.348837209302,348.943366101696,484.19273280778,5.40997466824335,11.9019442701354
um,O_O_A6S_007.png,8,13,0,5.85356518220694,5.85356518220694,3.00890580585037,3.00890580585037,0,0,5.85356518220694,0.817743873391467,1,2.73001660575,1,0.555555555555556,6.08513950684012,350.566358502169,530.177517487848,324,490,348.943366101696,528.554525087375,3.24598480094601,3.24598480094601
um,O_O_A6S_007.png,8,14,0,9.36570429153111,9.36570429153111,3.95088688177121,3.30554912333583,0.547722557505166,90,9.36570429153111,0.936368556122002,1,3.45322820970078,1,0.666666666666667,7.81200342094339,351.648353435818,395.469148248589,325,365.5,350.025361035345,393.305158381291,3.24598480094601,4.32797973459468
um,O_O_A6S_007.png,8,15,0,24.5849737652692,24.5849737652692,7.51644130624635,4.56848424121149,0.794091040569289,-81.2577863383896,26.9263998381519,0.802353319674094,1,5.59486914987448,0.91304347826087,0.6,16.2234320351281,362.313732067497,970.188790504974,334.857142857143,896.666666666667,359.763315438183,966.762473215086,5.40997466824335,7.57396453554069
um,O_O_A6S_007.png,8,16,0,93.6570429153111,93.6570429153111,16.0264733094407,8.39922209931406,0.85166643024071,-86.8812448216503,108.876312389049,0.636387875126164,1,10.920066423,0.860215053763441,0.666666666666667,39.6053425512759,371.110737304823,989.186818214955,342.9875,914.225,366.255285040075,981.910402286168,8.65595946918936,16.22992400473
um,O_O_A6S_007.png,8,17,0,28.0971128745933,28.0971128745933,9.74610874012087,4.02878429401122,0.910561500736788,41.1557761150486,30.4385389474761,0.725159640556176,1,5.98116670933186,0.923076923076923,0.489795918367347,18.6665765953068,371.124262241494,842.603554578901,343,778.75,367.337279973723,839.087071044543,7.57396453554069,7.57396453554069
um,O_O_A6S_007.png,8,18,0,9.36570429153111,9.36570429153111,3.95088688177121,3.30554912333583,0.547722557505166,90,9.36570429153111,0.936368556122002,1,3.45322820970078,1,0.666666666666667,7.81200342094339,372.206257175142,751.445481419001,344,694.5,370.583264774669,749.281491551704,3.24598480094601,4.32797973459468
um,O_O_A6S_007.png,8,19,0,9.36570429153111,9.36570429153111,3.95088688177121,3.30554912333583,0.547722557505166,90,9.36570429153111,0.936368556122002,1,3.45322820970078,1,0.666666666666667,7.81200342094339,373.288252108791,765.511415556434,345,707.5,371.665259708318,763.347425689136,3.24598480094601,4.32797973459468
um,O_O_A6S_007.png,8,20,0,9.36570429153111,9.36570429153111,3.95088688177121,3.30554912333583,0.547722557505166,90,9.36570429153111,0.936368556122002,1,3.45322820970078,1,0.666666666666667,7.81200342094339,373.288252108791,978.664417485222,345,904.5,371.665259708318,976.500427617924,3.24598480094601,4.32797973459468
um,O_O_A6S_007.png,8,21,0,9.36570429153111,9.36570429153111,3.95088688177121,3.30554912333583,0.547722557505166,90,9.36570429153111,0.936368556122002,1,3.45322820970078,1,0.666666666666667,7.81200342094339,374.37024704244,431.174981058995,346,398.5,372.747254641967,429.010991191697,3.24598480094601,4.32797973459468
um,O_O_A6S_007.png,8,22,0,5.85356518220694,5.85356518220694,3.00890580585037,3.00890580585037,0,0,5.85356518220694,0.817743873391467,1,2.73001660575,1,0.555555555555556,6.08513950684012,375.452241976088,795.266276231772,347,735,373.829249575615,793.643283831299,3.24598480094601,3.24598480094601
um,O_O_A6S_007.png,8,23,0,5.85356518220694,5.85356518220694,3.00890580585037,3.00890580585037,0,0,5.85356518220694,0.817743873391467,1,2.73001660575,1,0.555555555555556,6.08513950684012,417.650044388386,908.875744264882,386,840,416.027051987913,907.252751864409,3.24598480094601,3.24598480094601
um,O_O_A6S_007.png,8,24,0,5.85356518220694,5.85356518220694,3.00890580585037,3.00890580585037,0,0,5.85356518220694,0.817743873391467,1,2.73001660575,1,0.555555555555556,6.08513950684012,438.207948127711,779.036352227042,405,720,436.584955727238,777.413359826569,3.24598480094601,3.24598480094601
um,O_O_A6S_007.png,8,25,0,25.7556868017106,25.7556868017106,10.1439734509708,3.55652313535099,0.936523602071186,78.7023522120864,29.2678259110347,0.648350077365483,1,5.7265311435241,0.88,0.611111111111111,18.9435672983209,439.978485291864,787.643130108338,406.636363636364,727.954545454545,437.666950660887,782.823334494812,4.32797973459468,9.73795440283803
um,O_O_A6S_007.png,8,26,0,5.85356518220694,5.85356518220694,3.00890580585037,3.00890580585037,0,0,5.85356518220694,0.817743873391467,1,2.73001660575,1,0.555555555555556,6.08513950684012,444.699917729603,749.822489018528,411,693,443.07692532913,748.199496618055,3.24598480094601,3.24598480094601
um,O_O_A6S_007.png,8,27,0,5.85356518220694,5.85356518220694,3.00890580585037,3.00890580585037,0,0,5.85356518220694,0.817743873391467,1,2.73001660575,1,0.555555555555556,6.08513950684012,468.503806269874,1197.76839154908,433,1107,466.880813869401,1196.1453991486,3.24598480094601,3.24598480094601
um,O_O_A6S_007.png,8,28,0,5.85356518220694,5.85356518220694,3.00890580585037,3.00890580585037,0,0,5.85356518220694,0.817743873391467,1,2.73001660575,1,0.555555555555556,6.08513950684012,482.569740407307,1136.0946803311,446,1050,480.946748006834,1134.47168793063,3.24598480094601,3.24598480094601
um,O_O_A6S_007.png,8,29,0,146.339129555174,146.339129555174,24.1709944992006,9.03136746618762,0.927571846618097,87.5934753770282,175.606955466208,0.537296091780082,1,13.65008302875,0.833333333333333,0.603864734299517,55.1038379808594,503.932648377266,436.797026734233,465.744,403.696,499.340661878861,425.765006390751,9.73795440283803,24.8858834739194
um,O_O_A6S_007.png,8,30,0,5.85356518220694,5.85356518220694,3.00890580585037,3.00890580585037,0,0,5.85356518220694,0.817743873391467,1,2.73001660575,1,0.555555555555556,6.08513950684012,507.455623881226,1222.654275023,469,1130,505.832631480753,1221.03128262252,3.24598480094601,3.24598480094601
um,O_O_A6S_007.png,8,31,0,53.8527996763039,53.8527996763039,16.8333486145378,4.46848886232439,0.964123376773894,88.0999435152383,64.3892170042764,0.528259589801308,1,8.28055035263787,0.836363636363636,0.613333333333333,32.3927643235739,511.736560357836,482.875521584207,472.95652173913,446.282608695652,509.078616281699,474.454778404942,5.40997466824335,16.22992400473
um,O_O_A6S_007.png,8,32,0,23.4142607288278,23.4142607288278,9.92809564189632,3.39281024596942,0.939795165795747,-57.6760199011398,25.7556868017106,0.60429970046348,1,5.46003321150001,0.909090909090909,0.416666666666667,18.6665765953068,514.163992469848,1043.58411350414,475.2,964.5,511.242606148996,1039.25613376955,6.49196960189202,8.65595946918936
um,O_O_A6S_007.png,8,33,0,9.36570429153111,9.36570429153111,3.95088688177121,3.30554912333583,0.547722557505166,90,9.36570429153111,0.936368556122002,1,3.45322820970078,1,0.666666666666667,7.81200342094339,521.521558018659,571.834322433322,482,528.5,519.898565618186,569.670332566025,3.24598480094601,4.32797973459468
um,O_O_A6S_007.png,8,34,0,12.8778434008553,12.8778434008553,5.03993306260274,3.43192113395002,0.732333837236824,90,12.8778434008553,0.910476739226441,1,4.04926900426184,1,0.733333333333333,9.93271349089479,522.603552952307,1056.0270552411,483,976,520.980560551834,1053.32206790698,3.24598480094601,5.40997466824335
um,O_O_A6S_007.png,8,35,0,5.85356518220694,5.85356518220694,3.00890580585037,3.00890580585037,0,0,5.85356518220694,0.817743873391467,1,2.73001660575,1,0.555555555555556,6.08513950684012,537.751482023389,1220.4902851557,497,1128,536.128489622916,1218.86729275523,3.24598480094601,3.24598480094601
um,O_O_A6S_007.png,8,36,0,5.85356518220694,5.85356518220694,3.00890580585037,3.00890580585037,0,0,5.85356518220694,0.817743873391467,1,2.73001660575,1,0.555555555555556,6.08513950684012,579.949284435687,264.006763810275,536,244,578.326292035214,262.383771409802,3.24598480094601,3.24598480094601
um,O_O_A6S_007.png,8,37,0,26.9263998381519,26.9263998381519,6.24690066203871,5.78791411903489,0.37623143743972,78.6900675259798,28.0971128745933,0.935020801200091,1,5.85523330630689,0.958333333333333,0.638888888888889,15.6240068418868,583.618658558495,251.540300444323,539.391304347826,232.478260869565,580.490281902511,248.31783727237,6.49196960189202,6.49196960189202
um,O_O_A6S_007.png,8,38,0,26.9263998381519,26.9263998381519,8.9018538069953,4.35748962507279,0.872001267317825,-88.1131198000591,30.4385389474761,0.715708314352453,1,5.85523330630689,0.884615384615385,0.71875,18.3441421050795,591.42783938396,1183.51428437971,546.608695652174,1093.82608695652,589.146241371701,1178.83348021023,4.32797973459468,8.65595946918936
um,O_O_A6S_007.png,8,39,0,16.3899825101794,16.3899825101794,6.19312433295289,3.50208691535766,0.824762122153737,90,16.3899825101794,0.86255066866221,1,4.56819153161053,1,0.777777777777778,12.0534235608462,641.622995653661,9.19695693601369,593,8.5,640.000003253188,5.95097213506768,3.24598480094601,6.49196960189202
um,O_O_A6S_007.png,8,40,0,32.7799650203589,32.7799650203589,9.0094082598842,4.72221303333691,0.85163062725264,90,32.7799650203589,0.897724601851148,1,6.46039841952153,1,0.875,18.0217076148522,665.967881660756,543.702454158456,615.5,502.5,663.803891793459,539.374474423862,4.32797973459468,8.65595946918936
um,O_O_A6S_007.png,8,41,0,9.36570429153111,9.36570429153111,3.95088688177121,3.30554912333583,0.547722557505166,90,9.36570429153111,0.936368556122002,1,3.45322820970078,1,0.666666666666667,7.81200342094339,673.000848729473,1073.8799716463,622,992.5,671.377856329,1071.71598177901,3.24598480094601,4.32797973459468
um,O_O_A6S_007.png,8,42,0,15.2192694737381,15.2192694737381,5.44567670928331,3.83376744712719,0.710197961544802,70.2059345761585,16.3899825101794,0.89034268275111,1,4.40201950653833,0.928571428571429,0.65,11.2570752896808,676.496524668953,1080.66324757649,625.230769230769,998.769230769231,674.623841129946,1078.2079513809,4.32797973459468,5.40997466824335
um,O_O_A6S_007.png,8,43,0,21.072834655945,21.072834655945,6.2856372062119,4.43748420985066,0.708239690230453,-77.7641897331476,21.072834655945,0.940818022409032,1,5.17984231455116,1,0.75,13.3777853596322,678.831599205246,1192.0578627326,627.388888888889,1101.72222222222,676.787830997243,1188.57143461306,4.32797973459468,6.49196960189202
um,O_O_A6S_007.png,8,44,0,49.1699475305383,49.1699475305383,16.1615213450269,4.81397387942102,0.954607573240687,89.5168715106233,64.3892170042764,0.498894501127358,1,7.91233983145532,0.763636363636364,0.6,31.7933391303325,685.443790466432,1017.71928223311,633.5,940.595238095238,682.197805665486,1010.04227056103,5.40997466824335,15.1479290710814
um,O_O_A6S_007.png,8,45,0,81.9499125508972,81.9499125508972,18.8039179530289,6.20837154297072,0.943923681531058,86.6196156205436,99.5106080975181,0.513234412375648,1,10.21478679892,0.823529411764706,0.588235294117647,41.3949621715308,743.222319923271,604.325084583743,686.9,558.528571428571,739.543537148866,595.638210973593,7.57396453554069,18.3939138720274
um,O_O_A6S_007.png,8,46,0,49.1699475305383,49.1699475305383,14.1181414071818,5.06943947469401,0.933309584117185,85.6096016431483,58.5356518220694,0.600454749624324,1,7.91233983145532,0.84,0.646153846153846,28.6793577112916,743.201710495964,580.876708664529,686.880952380952,536.857142857143,740.625532082514,573.998312300619,5.40997466824335,14.0659341374327
um,O_O_A6S_007.png,8,47,0,18.7314085830622,18.7314085830622,6.07130775605892,4.18088733476997,0.7251124853068,-52.4378410008194,18.7314085830622,0.921706842252305,1,4.8836021681282,1,0.64,12.5814370884667,747.793748517937,624.311076715282,691.125,577,744.953511817109,621.606089381161,5.40997466824335,5.40997466824335
um,O_O_A6S_007.png,8,48,0,120.583442753463,120.583442753463,24.655463883583,7.10726793177843,0.957551152812968,-81.6897357548484,145.168416518732,0.46875017134016,1,12.3907872128456,0.830645161290323,0.613095238095238,53.4570416918462,751.366695380143,1221.90843385514,694.427184466019,1129.31067961165,746.035506750758,1211.29332821969,8.65595946918936,22.7218936066221
um,O_O_A6S_007.png,8,49,0,122.924868826346,122.924868826346,40.5067961597553,4.64388619939844,0.993406569038746,-87.6301512403553,149.851268664498,0.271605576952683,1,12.5105077443358,0.8203125,0.636363636363636,72.0154187937881,749.111463776416,914.646383911009,692.342857142857,845.333333333333,747.117501684406,895.350807594274,5.40997466824335,35.7058328104061
um,O_O_A6S_007.png,8,50,0,5.85356518220694,5.85356518220694,3.00890580585037,3.00890580585037,0,0,5.85356518220694,0.817743873391467,1,2.73001660575,1,0.555555555555556,6.08513950684012,750.904483952177,1070.09298937853,694,989,749.281491551704,1068.46999697806,3.24598480094601,3.24598480094601
um,O_O_A6S_007.png,8,51,0,121.754155789904,121.754155789904,35.6795835195815,5.86400063103099,0.986401801903374,-82.5508351680422,179.119094575533,0.305632387002544,1,12.4507913759549,0.679738562091503,0.448275862068966,67.3541846196297,755.73184596384,947.713120104406,698.461538461538,875.894230769231,751.445481419001,933.220630271977,8.65595946918936,31.3778530758114
um,O_O_A6S_007.png,8,52,0,12.8778434008553,12.8778434008553,5.51863041833037,3.32539728155691,0.798061088299374,59.3052298329826,12.8778434008553,0.79651523789152,1,4.04926900426184,1,0.55,10.8545731743635,789.462848860384,59.5097213506768,729.636363636364,55,787.151314229407,56.8047340165552,4.32797973459468,5.40997466824335
um,O_O_A6S_007.png,8,53,0,67.9013561136006,67.9013561136006,9.85583134540298,8.89317387970174,0.431054063523039,89.1514219051999,67.9013561136006,0.998491928637908,1,9.29810151294236,1,0.805555555555556,25.8337110357956,800.228528858506,45.4064770431183,739.586206896552,41.9655172413793,795.807273698597,40.5748100118251,8.65595946918936,9.73795440283803
um,O_O_A6S_007.png,8,54,0,9.36570429153111,9.36570429153111,3.95088688177121,3.30554912333583,0.547722557505166,90,9.36570429153111,0.936368556122002,1,3.45322820970078,1,0.666666666666667,7.81200342094339,805.00423063461,108.740490831691,744,100.5,803.381238234137,106.576500964394,3.24598480094601,4.32797973459468
um,O_O_A6S_007.png,8,55,0,14.0485564372967,14.0485564372967,5.4056670829999,3.59505670326093,0.746795899354174,-53.3496221169968,14.0485564372967,0.868925714063477,1,4.22932353957578,1,0.6,10.8545731743635,806.627223035083,67.0836858862175,745.5,62,804.463233167786,64.3786985520958,4.32797973459468,5.40997466824335
um,O_O_A6S_007.png,8,56,0,9.36570429153111,9.36570429153111,3.95088688177121,3.30554912333583,0.547722557505166,0,9.36570429153111,0.936368556122002,1,3.45322820970078,1,0.666666666666667,7.81200342094339,809.873207836029,83.3136098909476,748.5,77,807.709217968732,81.6906174904746,4.32797973459468,3.24598480094601
um,O_O_A6S_007.png,8,57,0,196.679790122153,196.679790122153,23.9362046955443,11.7088380599335,0.872189285334552,50.279386007457,216.581911741657,0.669711574501858,1,15.8246796629106,0.908108108108108,0.552631578947368,57.3500594631141,882.199416793616,132.235237962348,815.345238095238,122.214285714286,874.792903854949,123.888419902773,17.3119189383787,20.5579037393247
um,O_O_A6S_007.png,8,58,0,9.36570429153111,9.36570429153111,3.95088688177121,3.30554912333583,0.547722557505166,90,9.36570429153111,0.936368556122002,1,3.45322820970078,1,0.666666666666667,7.81200342094339,887.235845591909,708.165684073054,820,654.5,885.612853191436,706.001694205757,3.24598480094601,4.32797973459468
um,O_O_A6S_007.png,8,59,0,14.0485564372967,14.0485564372967,4.8388284458976,4.0804584255598,0.53748384988657,90,14.0485564372967,0.845404939381118,1,4.22932353957578,1,0.6,11.0514962522875,889.580167948148,698.968727137041,822.166666666667,646,887.776843058733,696.263739802919,4.32797973459468,5.40997466824335
um,O_O_A6S_007.png,8,60,0,21.072834655945,21.072834655945,6.2856372062119,4.43748420985066,0.708239690230453,77.7641897331475,21.072834655945,0.940818022409032,1,5.17984231455116,1,0.75,13.3777853596322,892.225044452622,686.766228718669,824.611111111111,634.722222222222,889.940832926031,683.279800599135,4.32797973459468,6.49196960189202
um,O_O_A6S_007.png,8,61,0,5.85356518220694,5.85356518220694,3.00890580585037,3.00890580585037,0,0,5.85356518220694,0.817743873391467,1,2.73001660575,1,0.555555555555556,6.08513950684012,901.301779729342,774.708372492447,833,716,899.678787328869,773.085380091974,3.24598480094601,3.24598480094601
um,O_O_A6S_007.png,8,62,0,70.2427821864833,70.2427821864833,13.920217089645,7.00424555397331,0.864187036397926,87.7666771964187,77.2670604051317,0.69212740175636,1,9.45705493333148,0.909090909090909,0.612244897959184,32.3126966984839,906.657654650903,756.657090349409,837.95,699.316666666667,902.924772129815,749.281491551704,7.57396453554069,15.1479290710814
um,O_O_A6S_007.png,8,63,0,26.9263998381519,26.9263998381519,7.21757932456495,5.05264043614653,0.714097356998889,79.0425668364041,28.0971128745933,0.896674801688084,1,5.85523330630689,0.958333333333333,0.657142857142857,16.0265089572041,950.932416903226,206.990335132789,878.869565217391,191.304347826087,948.368559343059,202.874050059126,5.40997466824335,7.57396453554069
um,O_O_A6S_007.png,8,64,0,47.9992344940969,47.9992344940969,10.9755088670756,5.72333133223732,0.853273362985883,-88.3612260552719,49.1699475305383,0.866275149177758,1,7.81757785218032,0.976190476190476,0.82,22.9880643602996,953.026415581815,226.743913900229,880.80487804878,209.560975609756,950.532549210356,221.267963931153,5.40997466824335,10.8199493364867
um,O_O_A6S_007.png,8,65,0,15.2192694737381,15.2192694737381,5.44567670928331,3.83376744712719,0.710197961544802,70.2059345761585,15.2192694737381,0.89034268275111,1,4.40201950653833,1,0.65,11.2570752896808,961.643804875133,698.136423341926,888.769230769231,645.230769230769,959.188508679546,695.18174486927,4.32797973459468,5.40997466824335
um,O_O_A6S_007.png,8,66,0,5.85356518220694,5.85356518220694,3.00890580585037,3.00890580585037,0,0,5.85356518220694,0.817743873391467,1,2.73001660575,1,0.555555555555556,6.08513950684012,961.893496013667,101.707523762975,889,94,960.270503613194,100.084531362502,3.24598480094601,3.24598480094601
um,O_O_A6S_007.png,8,67,0,12.8778434008553,12.8778434008553,5.03993306260274,3.43192113395002,0.732333837236824,90,12.8778434008553,0.910476739226441,1,4.04926900426184,1,0.733333333333333,9.93271349089479,967.303470681911,109.281488298516,894,101,965.680478281438,106.576500964394,3.24598480094601,5.40997466824335
um,O_O_A6S_007.png,8,68,0,30.4385389474761,30.4385389474761,6.73360690124683,5.95160263484538,0.467741199054707,-45,30.4385389474761,0.993389824358401,1,6.22539568797743,1,0.722222222222222,16.2234320351281,978.497956726199,1120.23929303417,904.346153846154,1035.34615384615,975.418432684276,1117.15976899225,6.49196960189202,6.49196960189202
um,O_O_A6S_007.png,8,69,0,39.8042432390072,39.8042432390072,7.63796488127448,6.77571510281861,0.461558046204093,90,39.8042432390072,1,1,7.11901232897944,1,0.80952380952381,18.9435672983209,988.40237188806,1197.45015774506,913.5,1106.70588235294,985.156387087114,1193.98140928131,6.49196960189202,7.57396453554069
um,O_O_A6S_007.png,8,70,0,9.36570429153111,9.36570429153111,3.95088688177121,3.30554912333583,0.547722557505166,90,9.36570429153111,0.936368556122002,1,3.45322820970078,1,0.666666666666667,7.81200342094339,994.353344023127,1229.68724209171,919,1136.5,992.730351622654,1227.52325222442,3.24598480094601,4.32797973459468
um,O_O_A6S_007.png,8,71,0,152.192694737381,179.119094575533,16.3317922661113,16.0384132501256,0.18869196402719,-16.5056262635227,184.972659757739,0.806529480020243,0,13.9204079451516,0.822784810126582,0.663265306122449,45.2966359022679,1020.7456973662,778.337217039146,943.392307692308,719.353846153846,1013.28825536198,770.921390224677,15.1479290710814,15.1479290710814
um,O_O_A6S_007.png,8,72,0,18.7314085830622,18.7314085830622,5.44592173923281,4.5047041299421,0.561951486949017,90,18.7314085830622,1,1,4.8836021681282,1,0.8,11.6595774049981,1042.50211857049,502.045649212983,963.5,464,1040.3381287032,499.340661878861,4.32797973459468,5.40997466824335
um,O_O_A6S_007.png,8,73,0,9.36570429153111,9.36570429153111,3.95088688177121,3.30554912333583,0.547722557505166,90,9.36570429153111,0.936368556122002,1,3.45322820970078,1,0.666666666666667,7.81200342094339,1046.28910083826,527.472530153726,967,487.5,1044.66610843779,525.308540286429,3.24598480094601,4.32797973459468
um,O_O_A6S_007.png,8,74,0,5.85356518220694,5.85356518220694,3.00890580585037,3.00890580585037,0,0,5.85356518220694,0.817743873391467,1,2.73001660575,1,0.555555555555556,6.08513950684012,1056.0270552411,1072.25697924583,976,991,1054.40406284063,1070.63398684536,3.24598480094601,3.24598480094601
um,O_O_A6S_007.png,8,75,0,9.36570429153111,9.36570429153111,3.95088688177121,3.30554912333583,0.547722557505166,90,9.36570429153111,0.936368556122002,1,3.45322820970078,1,0.666666666666667,7.81200342094339,1057.10905017475,1078.2079513809,977,996.5,1055.48605777428,1076.0439615136,3.24598480094601,4.32797973459468
um,O_O_A6S_007.png,8,76,0,49.1699475305383,49.1699475305383,8.47433666234518,7.54358331457057,0.455632453306652,-52.5130256698822,50.3406605669797,0.999306953333601,1,7.91233983145532,0.976744186046512,0.857142857142857,21.4667794835896,1066.64091030451,1288.81053668037,985.809523809524,1191.14285714286,1063.06002230982,1284.8689837078,7.57396453554069,7.57396453554069
um,O_O_A6S_007.png,8,77,0,55.0235127127453,55.0235127127453,19.6897675043553,4.22802263624876,0.976673015654171,-77.4413929963609,69.0720691500419,0.458277653231885,1,8.37007241761415,0.796610169491525,0.489583333333333,35.4439900364631,1071.24404781859,1210.77535192166,990.063829787234,1119.02127659574,1067.38800204441,1202.6373687505,6.49196960189202,17.3119189383787
um,O_O_A6S_007.png,8,78,0,16.3899825101794,16.3899825101794,5.28166288706108,4.17937510891043,0.611429250513635,65.6423554472856,16.3899825101794,0.958830581424272,1,4.56819153161053,1,0.7,11.2570752896808,1081.29936547704,999.53146263416,999.357142857143,923.785714285714,1079.28994631455,997.058331357249,4.32797973459468,5.40997466824335
um,O_O_A6S_007.png,8,79,0,12.8778434008553,12.8778434008553,5.03993306260274,3.43192113395002,0.732333837236824,90,12.8778434008553,0.910476739226441,1,4.04926900426184,1,0.733333333333333,9.93271349089479,1092.81488298516,6.49196960189202,1010,6,1091.19189058468,3.78698226777034,3.24598480094601,5.40997466824335
um,O_O_A6S_007.png,8,80,0,29.2678259110347,29.2678259110347,8.61992138868928,4.47753381296821,0.854506795653957,-82.9665257006488,29.2678259110347,0.848354879727122,1,6.10450271016025,1,0.78125,17.4222824216109,1180.06695443459,53.2341507355145,1090.64,49.2,1177.75148527658,49.2307694810145,4.32797973459468,8.65595946918936
um,O_O_A6S_007.png,8,81,0,12.8778434008553,12.8778434008553,5.51863041833037,3.32539728155691,0.798061088299374,59.3052298329826,14.0485564372967,0.79651523789152,1,4.04926900426184,0.916666666666667,0.55,10.8545731743635,1180.84992531384,77.9036352227042,1091.36363636364,72,1178.83348021023,75.1986478885825,4.32797973459468,5.40997466824335
um,O_O_A6S_007.png,8,82,0,58.5356518220694,58.5356518220694,20.9240401599398,3.68090372169865,0.984404922738103,90,58.5356518220694,0.439703246902426,1,8.63307052425194,1,0.925925925925926,37.5019444002629,1180.4564726107,109.82248576534,1091,101.5,1178.83348021023,100.084531362502,3.24598480094601,19.4759088056761
um,O_O_A6S_007.png,8,83,0,5.85356518220694,5.85356518220694,3.00890580585037,3.00890580585037,0,0,5.85356518220694,0.817743873391467,1,2.73001660575,1,0.555555555555556,6.08513950684012,1224.81826489029,871.005921587179,1132,805,1223.19527248982,869.382929186706,3.24598480094601,3.24598480094601
um,O_O_A6S_007.png,8,84,0,28.0971128745933,28.0971128745933,6.6973309285735,5.48077302566471,0.574717566567462,70.3951160037717,28.0971128745933,1,1,5.98116670933186,1,0.8,15.3015723516595,1254.97887366575,630.081716361409,1159.875,582.333333333333,1252.40913569834,627.016064049404,5.40997466824335,6.49196960189202
um,O_O_A6S_007.png,8,85,0,51.5113736034211,51.5113736034211,18.4391823762518,3.67163968757634,0.979974787587507,90,51.5113736034211,0.481653706781556,1,8.09853800852369,1,0.916666666666667,33.2605242603601,1289.73796090921,1204.80135861779,1192,1113.5,1288.11496850874,1196.1453991486,3.24598480094601,17.3119189383787
um,O_O_A6S_007.png,8,86,0,262.239720162871,262.239720162871,53.5763227781427,9.03654955653787,0.98567311719933,-86.7512906162228,399.213145426514,0.26655039131832,1,18.2727661264421,0.656891495601173,0.476595744680851,107.790499279948,1345.67806504576,347.383168050051,1243.70089285714,321.058035714286,1341.13272025753,318.647507959533,10.8199493364867,50.8537618814875
um,O_O_A6S_007.png,8,87,0,100.681321133959,100.681321133959,18.0032248999538,7.56406767912222,0.907454342091884,86.5112664675998,107.705599352608,0.688127792352322,1,11.3221658477492,0.934782608695652,0.722689075630252,39.4798311389727,1346.97046036465,378.886946823601,1244.89534883721,350.174418604651,1343.29671012482,370.583264774669,7.57396453554069,18.3939138720274
um,O_O_A6S_007.png,8,88,0,97.1691820246353,97.1691820246353,16.3298752415594,8.25540665100572,0.862803114390413,-70.23437118818,104.193460243284,0.681622184162114,1,11.1229332949243,0.932584269662921,0.576388888888889,38.9258497329445,1347.50084706581,548.336781856193,1245.38554216867,506.78313253012,1343.29671012482,539.374474423862,9.73795440283803,17.3119189383787
um,O_O_A6S_007.png,8,89,0,72.5842082593661,72.5842082593661,16.8687089691871,5.76208702765162,0.939851121323301,-83.9616207657999,79.6084864780144,0.617262640131832,1,9.61338048134565,0.911764705882353,0.645833333333333,35.0414879211458,1349.21277919752,410.634528850858,1246.96774193548,379.516129032258,1346.54269492577,401.961117850481,6.49196960189202,17.3119189383787
um,O_O_A6S_007.png,8,90,0,11.7071303644139,11.7071303644139,5.69805009431365,3.00890580585037,0.849207775608447,63.434948822922,12.8778434008553,0.724104761719564,1,3.86082650935542,0.909090909090909,0.5,10.8545731743635,1355.19865439496,571.293324966498,1252.5,528,1353.03466452766,568.588337632376,4.32797973459468,5.40997466824335
um,O_O_A6S_007.png,8,91,0,9.36570429153111,9.36570429153111,3.95088688177121,3.30554912333583,0.547722557505166,90,9.36570429153111,0.936368556122002,1,3.45322820970078,1,0.666666666666667,7.81200342094339,1363.31361639732,135.790364172908,1260,125.5,1361.69062399685,133.626374305611,3.24598480094601,4.32797973459468
um,O_O_A6S_007.png,8,92,0,492.870188341825,492.870188341825,48.1645968488206,13.4100303182269,0.960459162807453,83.7609208257319,544.381561945246,0.486381114684189,1,25.0507847026371,0.905376344086022,0.613702623906705,109.44595152843,1419.14815305651,58.8800568405962,1311.60332541568,54.4180522565321,1411.46239094469,31.9188505426358,15.1479290710814,53.0177517487848
um,O_O_A6S_007.png,8,93,0,14.0485564372967,14.0485564372967,4.32797973459468,4.32797973459468,0,0,14.0485564372967,1,1,4.22932353957578,1,0.75,9.53886733504667,1417.95436054658,216.939984196558,1310.5,200.5,1415.79037067928,214.775994329261,4.32797973459468,4.32797973459468
um,O_O_A6S_007.png,8,94,0,32.7799650203589,32.7799650203589,13.7577410149935,3.59380912062409,0.965279055727591,76.3217337796902,40.9749562754486,0.415922160513958,1,6.46039841952153,0.8,0.466666666666667,28.0712765585811,1423.13247915761,21.7171840253769,1315.28571428571,20.0714285714286,1420.11835041388,15.6889265379057,5.40997466824335,12.983939203784
um,O_O_A6S_007.png,8,95,0,17.5606955466208,17.5606955466208,6.36490392226832,3.77164903924554,0.80551920027818,66.0880198553788,17.5606955466208,0.843191481122624,1,4.72852746666574,1,0.625,12.7783601663908,1457.0143776513,1251.36320726247,1346.6,1156.53333333333,1454.74218829064,1248.08115596374,4.32797973459468,6.49196960189202
um,O_O_A6S_007.png,8,96,0,19.9021216195036,19.9021216195036,7.65885640529818,3.59277024991405,0.883145006781331,72.3443932801834,21.072834655945,0.763287328043639,1,5.033901893172,0.944444444444444,0.607142857142857,14.7021471584181,1497.92651549538,59.5097213506768,1384.41176470588,55,1495.85799576929,55.7227390829065,4.32797973459468,7.57396453554069
um,O_O_A6S_007.png,8,97,0,18.7314085830622,18.7314085830622,5.86011226305555,4.37283046342709,0.665719023448946,90,18.7314085830622,0.877901450638556,1,4.8836021681282,1,0.666666666666667,12.9752832443148,1498.83348183682,69.7886732203392,1385.25,64.5,1496.93999070293,66.5426884193932,4.32797973459468,6.49196960189202
um,O_O_A6S_007.png,8,98,0,25.7556868017106,25.7556868017106,6.34829972320773,5.39594718156194,0.526810031433486,90,25.7556868017106,0.98778360099765,1,5.7265311435241,1,0.733333333333333,14.7021471584181,1511.25183277983,597.80220084089,1396.72727272727,552.5,1508.84193497307,594.556216039944,5.40997466824335,6.49196960189202
um,O_O_A6S_007.png,8,99,0,16.3899825101794,16.3899825101794,5.28166288706108,4.17937510891043,0.611429250513635,-65.6423554472856,16.3899825101794,0.958830581424272,1,4.56819153161053,1,0.7,11.2570752896808,1519.50731360475,981.601260876554,1404.35714285714,907.214285714286,1517.49789444226,978.664417485222,4.32797973459468,5.40997466824335
um,O_O_A6S_007.png,8,100,0,5.85356518220694,5.85356518220694,3.00890580585037,3.00890580585037,0,0,5.85356518220694,0.817743873391467,1,2.73001660575,1,0.555555555555556,6.08513950684012,1522.36687164368,49.7717669478388,1407,46,1520.74387924321,48.1487745473658,3.24598480094601,3.24598480094601
um,O_O_A6S_007.png,8,101,0,21.072834655945,21.072834655945,6.2856372062119,4.43748420985066,0.708239690230453,77.7641897331476,21.072834655945,0.940818022409032,1,5.17984231455116,1,0.75,13.3777853596322,1522.78764745121,1085.54147259785,1407.38888888889,1003.27777777778,1520.74387924321,1082.53593111549,4.32797973459468,6.49196960189202
um,O_O_A6S_007.png,8,102,0,32.7799650203589,32.7799650203589,12.2712014623482,3.69053831767061,0.953703669133755,84.2137032691341,37.4628171661244,0.574330125746982,1,6.46039841952153,0.875,0.636363636363636,23.3819105161477,1560.04348094037,348.286440606266,1441.82142857143,321.892857142857,1557.53170698726,342.451396499804,4.32797973459468,11.9019442701354
um,O_O_A6S_007.png,8,103,0,5.85356518220694,5.85356518220694,3.00890580585037,3.00890580585037,0,0,5.85356518220694,0.817743873391467,1,2.73001660575,1,0.555555555555556,6.08513950684012,1582.958587928,1044.12511097097,1463,965,1581.33559552753,1042.50211857049,3.24598480094601,3.24598480094601
um,O_O_A6S_007.png,8,104,0,92.4863298788697,92.4863298788697,11.2987544911778,10.5248126085672,0.363736155203657,-88.013046691068,94.8277559517525,0.971199417469463,1,10.8516013817868,0.975308641975309,0.79,31.1939139370911,1588.43704328825,839.093919113744,1468.06329113924,775.506329113924,1583.49958539483,833.6770963763,10.8199493364867,10.8199493364867
um,O_O_A6S_007.png,8,105,0,12.8778434008553,12.8778434008553,5.03993306260274,3.43192113395002,0.732333837236824,90,12.8778434008553,0.910476739226441,1,4.04926900426184,1,0.733333333333333,9.93271349089479,1590.53255246354,193.677093123112,1470,179,1588.90956006307,190.97210578899,3.24598480094601,5.40997466824335
um,O_O_A6S_007.png,8,106,0,5.85356518220694,5.85356518220694,3.00890580585037,3.00890580585037,0,0,5.85356518220694,0.817743873391467,1,2.73001660575,1,0.555555555555556,6.08513950684012,1652.20626368152,227.218936066221,1527,210,1650.58327128105,225.595943665748,3.24598480094601,3.24598480094601
um,O_O_A6S_007.png,8,107,0,593.551509475784,593.551509475784,58.1185250486369,16.5823349335115,0.95843253085314,-86.7709012327254,825.352690691179,0.313271109065595,1,27.4906030072426,0.719148936170213,0.586805555555556,150.903669406113,1663.81156634263,213.052698650915,1537.7258382643,196.907297830375,1654.91125101564,181.234151386152,17.3119189383787,58.4277264170282
um,O_O_A6S_007.png,8,108,0,19.9021216195036,19.9021216195036,7.37899951032071,3.54674870160695,0.876910104976049,90,19.9021216195036,0.809844351494583,1,5.033901893172,1,0.80952380952381,14.1741336307976,1663.02621301801,892.645820260152,1537,825,1661.40322061753,888.858837992382,3.24598480094601,7.57396453554069
um,O_O_A6S_007.png,8,109,0,58.5356518220694,58.5356518220694,13.4198221526978,5.93777180991047,0.896786869199256,80.4896125880868,65.5599300407178,0.691863460447116,1,8.63307052425194,0.892857142857143,0.694444444444444,29.2073712389122,1688.45309395875,1099.73965056051,1560.5,1016.4,1685.2071091578,1093.35588045198,6.49196960189202,12.983939203784
um,O_O_A6S_007.png,8,110,0,23.4142607288278,23.4142607288278,7.12690374600729,4.33885294698132,0.793324394070934,-74.0862767116635,23.4142607288278,0.860147950712476,1,5.46003321150001,1,0.714285714285714,15.0959933142662,1691.69907875969,1125.27473099462,1563.5,1040,1689.5350888924,1121.48774872685,4.32797973459468,7.57396453554069
um,O_O_A6S_007.png,8,111,0,11.7071303644139,11.7071303644139,4.5047041299421,3.62965894220845,0.592257740151389,45,11.7071303644139,0.907474877945258,1,3.86082650935542,1,0.625,9.33328829765342,1694.72866457391,1089.8934966643,1566.3,1007.3,1692.78107369334,1087.94590578374,4.32797973459468,4.32797973459468
um,O_O_A6S_007.png,8,112,0,50.3406605669797,50.3406605669797,21.1086717927156,3.95343085467651,0.9823047764862,-75.4703376819905,67.9013561136006,0.348552523845963,1,8.00598024866216,0.741379310344828,0.42156862745098,39.2028404359586,1740.80403487633,1285.56095721187,1608.88372093023,1188.13953488372,1737.14286597294,1276.21302423861,6.49196960189202,18.3939138720274
um,O_O_A6S_007.png,8,113,0,105.364173279725,110.047025425491,13.5614679670602,10.9712311374861,0.58780828183999,-46.3140627287881,117.071303644139,0.849124813709059,0,11.5824795280663,0.9,0.625,36.0888590169177,1794.8492624342,1269.36038965883,1658.83333333333,1173.16666666667,1789.07862278808,1263.22908503482,12.983939203784,12.983939203784
um,O_O_A6S_007.png,8,114,0,9.36570429153111,9.36570429153111,3.95088688177121,3.30554912333583,0.547722557505166,90,9.36570429153111,0.936368556122002,1,3.45322820970078,1,0.666666666666667,7.81200342094339,1795.02959492314,23.2628910734464,1659,21.5,1793.40660252267,21.0989012061491,3.24598480094601,4.32797973459468
um,O_O_A6S_007.png,8,115,0,1159.00590607697,1168.37161036851,72.4738607288426,21.8384023564104,0.953520553513618,86.6887312347802,1399.00207854746,0.427383550234185,-1,38.4147387365685,0.828451882845188,0.652173913043478,181.20385552801,1827.8938248775,1131.70331099433,1689.37373737374,1045.94141414141,1817.21049106294,1092.27388551833,23.8038885402707,74.6576504217582
um,O_O_A6S_007.png,8,116,0,5.85356518220694,5.85356518220694,3.00890580585037,3.00890580585037,0,0,5.85356518220694,0.817743873391467,1,2.73001660575,1,0.555555555555556,6.08513950684012,1822.07946826436,1173.96450300881,1684,1085,1820.45647586389,1172.34151060833,3.24598480094601,3.24598480094601
um,O_O_A6S_007.png,8,117,0,622.819335386819,622.819335386819,42.4828088858769,18.9804728459695,0.894643816360738,71.0053098184109,652.087161297854,0.736537130631627,1,28.1602238457042,0.955116696588869,0.666666666666667,99.6841932370519,1831.61200633581,1209.17408250378,1692.81015037594,1117.54135338346,1820.45647586389,1189.65342954671,22.7218936066221,41.1158074786494
um,O_O_A6S_007.png,8,118,0,9.36570429153111,9.36570429153111,3.95088688177121,3.30554912333583,0.547722557505166,90,9.36570429153111,0.936368556122002,1,3.45322820970078,1,0.666666666666667,7.81200342094339,1823.16146319801,1190.73542448036,1685,1100.5,1821.53847079754,1188.57143461306,3.24598480094601,4.32797973459468
um,O_O_A6S_007.png,8,119,0,12.8778434008553,12.8778434008553,5.03993306260274,3.43192113395002,0.732333837236824,90,12.8778434008553,0.910476739226441,1,4.04926900426184,1,0.733333333333333,9.93271349089479,1828.57143786625,1269.18005716989,1690,1173,1826.94844546578,1266.47506983577,3.24598480094601,5.40997466824335
um,O_O_A6S_007.png,8,120,0,16.3899825101794,16.3899825101794,5.28166288706108,4.17937510891043,0.611429250513636,-65.6423554472856,16.3899825101794,0.958830581424272,1,4.56819153161053,1,0.7,11.2570752896808,1834.36783929651,1169.86837933142,1695.35714285714,1081.21428571429,1832.35842013402,1166.93153594009,4.32797973459468,5.40997466824335
um,O_O_A6S_007.png,8,121,0,56.1942257491867,56.1942257491867,12.1136630521772,6.09512458016058,0.864192606680345,-88.8520617834783,60.8770778949522,0.815316631272753,1,8.45864707915157,0.923076923076923,0.727272727272727,26.0306341137197,1840.67625618645,1149.12370265712,1701.1875,1062.04166666667,1837.76839480227,1143.12764739982,6.49196960189202,11.9019442701354
um,O_O_A6S_007.png,8,122,0,12.8778434008553,12.8778434008553,5.03993306260274,3.43192113395002,0.732333837236824,90,12.8778434008553,0.910476739226441,1,4.04926900426184,1,0.733333333333333,9.93271349089479,1839.39138720274,1181.53846754435,1700,1092,1837.76839480227,1178.83348021023,3.24598480094601,5.40997466824335
um,O_O_A6S_007.png,8,123,0,5.85356518220694,5.85356518220694,3.00890580585037,3.00890580585037,0,0,5.85356518220694,0.817743873391467,1,2.73001660575,1,0.555555555555556,6.08513950684012,1844.80136187098,83.3136098909476,1705,77,1843.17836947051,81.6906174904746,3.24598480094601,3.24598480094601
um,O_O_A6S_007.png,8,124,0,5.85356518220694,5.85356518220694,3.00890580585037,3.00890580585037,0,0,5.85356518220694,0.817743873391467,1,2.73001660575,1,0.555555555555556,6.08513950684012,1917.29502242544,664.344889260283,1772,614,1915.67203002497,662.72189685981,3.24598480094601,3.24598480094601
um,O_O_A6S_007.png,8,125,0,32.7799650203589,32.7799650203589,13.4555035058003,3.65723855272567,0.962353073942137,-84.3298232039784,40.9749562754486,0.430238176191878,1,6.46039841952153,0.8,0.583333333333333,27.5432630309605,1979.16194702443,1090.72817847026,1829.17857142857,1008.07142857143,1977.34574124294,1084.69992098279,4.32797973459468,12.983939203784
um,O_O_A6S_007.png,8,126,0,53.8527996763039,53.8527996763039,10.0225175613723,7.02014103110844,0.713714342761979,88.8994628412105,56.1942257491867,0.920638231433109,1,8.28055035263787,0.958333333333333,0.73015873015873,23.7130009658442,1982.42641310529,1042.97255115034,1832.19565217391,963.934782608696,1978.42773617659,1038.1741388359,7.57396453554069,9.73795440283803
um,O_O_A6S_007.png,8,127,0,15.2192694737381,15.2192694737381,5.44567670928331,3.83376744712719,0.710197961544802,70.2059345761585,15.2192694737381,0.89034268275111,1,4.40201950653833,1,0.65,11.2570752896808,1981.96502730583,1031.39086290572,1831.76923076923,953.230769230769,1979.50973111024,1028.43618443306,4.32797973459468,5.40997466824335
um,O_O_A6S_007.png,8,128,0,37.4628171661244,37.4628171661244,7.59583435339204,6.56555944946187,0.502868086935408,63.320013071474,37.4628171661244,0.932547970813828,1,6.90645641940155,1,0.653061224489796,19.0690787106242,1984.37870831166,71.2087915707531,1834,65.8125,1980.59172604389,67.6246833530418,7.57396453554069,7.57396453554069
um,O_O_A6S_007.png,8,129,0,15.2192694737381,15.2192694737381,6.69790755349648,3.25190340927985,0.874230921769819,-69.8600684655218,17.5606955466208,0.730765950306274,1,4.40201950653833,0.866666666666667,0.541666666666667,12.7783601663908,1983.9625564141,1020.90383508728,1833.61538461538,943.538461538462,1981.67372097754,1017.61623509657,4.32797973459468,6.49196960189202
um,O_O_A6S_008.png,9,1,1,8.19499125508972,8.19499125508972,3.50208691535766,3.27651006171355,0.3530939318019,0,8.19499125508972,0.972711556537156,1,3.23019920976077,1,0.777777777777778,6.89014373747473,1520.20288177638,1297.62106685437,1405,1199.28571428571,1518.57988937591,1295.68893304428,3.24598480094601,3.24598480094601
um,O_O_A6S_008.png,9,2,0,18.7314085830622,18.7314085830622,5.86011226305555,4.37283046342709,0.665719023448946,90,18.7314085830622,0.877901450638556,1,4.8836021681282,1,0.666666666666667,12.9752832443148,99.2730351622654,328.385462362371,91.75,303.5,96.8385465615559,325.139477561425,4.32797973459468,6.49196960189202
um,O_O_A6S_008.png,9,3,0,35.1213910932417,35.1213910932417,10.4231554618436,4.49545421437076,0.902210992135156,90,37.4628171661244,0.73747218169705,1,6.68714767341238,0.9375,0.75,21.0642773682723,182.063680835283,163.922232447773,168.266666666667,151.5,180.152156452503,158.51225777953,4.32797973459468,10.8199493364867
um,O_O_A6S_008.png,9,4,0,11.7071303644139,11.7071303644139,4.5047041299421,3.62965894220845,0.59225774015139,45,11.7071303644139,0.907474877945258,1,3.86082650935542,1,0.625,9.33328829765342,190.106509842071,800.351652419921,175.7,739.7,187.726120988044,797.971263565894,4.32797973459468,4.32797973459468
um,O_O_A6S_008.png,9,5,0,5.85356518220694,5.85356518220694,3.00890580585037,3.00890580585037,0,0,5.85356518220694,0.817743873391467,1,2.73001660575,1,0.555555555555556,6.08513950684012,200.169062725004,468.503806269874,185,433,198.546070324531,466.880813869401,3.24598480094601,3.24598480094601
um,O_O_A6S_008.png,9,6,0,58.5356518220694,58.5356518220694,9.24589723331656,8.27952283972182,0.445100275531613,89.4676668665066,60.8770778949522,0.910208619188777,1,8.63307052425194,0.961538461538462,0.694444444444444,25.028706805161,204.43212276358,882.756386566604,188.94,815.86,199.62806525818,878.038888655895,8.65595946918936,9.73795440283803
um,O_O_A6S_008.png,9,7,0,18.7314085830622,18.7314085830622,5.86011226305555,4.37283046342709,0.665719023448946,90,18.7314085830622,0.877901450638556,1,4.8836021681282,1,0.666666666666667,12.9752832443148,246.965343605309,4.86897720141901,228.25,4.5,245.071852471424,1.622992400473,4.32797973459468,6.49196960189202
um,O_O_A6S_008.png,9,8,0,5.85356518220694,5.85356518220694,3.00890580585037,3.00890580585037,0,0,5.85356518220694,0.817743873391467,1,2.73001660575,1,0.555555555555556,6.08513950684012,251.022824606491,387.354186246224,232,358,249.399832206018,385.731193845751,3.24598480094601,3.24598480094601
um,O_O_A6S_008.png,9,9,0,5.85356518220694,5.85356518220694,3.00890580585037,3.00890580585037,0,0,5.85356518220694,0.817743873391467,1,2.73001660575,1,0.555555555555556,6.08513950684012,254.268809407437,189.349113388517,235,175,252.645817006964,187.726120988044,3.24598480094601,3.24598480094601
um,O_O_A6S_008.png,9,10,0,18.7314085830622,18.7314085830622,6.17333608376941,4.06487350735075,0.752618752887427,-65.3006473225022,18.7314085830622,0.877901450638556,1,4.8836021681282,1,0.666666666666667,12.9752832443148,255.89180180791,466.880813869401,236.5,431.5,253.727811940613,463.634829068455,4.32797973459468,6.49196960189202
um,O_O_A6S_008.png,9,11,0,12.8778434008553,12.8778434008553,5.03993306260274,3.43192113395002,0.732333837236824,90,12.8778434008553,0.910476739226441,1,4.04926900426184,1,0.733333333333333,9.93271349089479,261.842773942978,723.85461061096,242,669,260.219781542505,721.149623276838,3.24598480094601,5.40997466824335
um,O_O_A6S_008.png,9,12,0,5.85356518220694,5.85356518220694,3.00890580585037,3.00890580585037,0,0,5.85356518220694,0.817743873391467,1,2.73001660575,1,0.555555555555556,6.08513950684012,267.252748611221,973.795440283803,247,900,265.629756210748,972.17244788333,3.24598480094601,3.24598480094601
um,O_O_A6S_008.png,9,13,0,19.9021216195036,19.9021216195036,6.06795457744705,4.38069763104096,0.69195591804587,45,19.9021216195036,0.979313519893074,1,5.033901893172,1,0.68,12.5814370884667,271.580728345816,1075.50296404678,251,994,268.875741011694,1072.79797671266,5.40997466824335,5.40997466824335
um,O_O_A6S_008.png,9,14,0,53.8527996763039,53.8527996763039,12.8640462358457,5.59695791425944,0.900389220283114,84.8611026804554,53.8527996763039,0.750462984566779,1,8.28055035263787,1,0.766666666666667,26.6300593069611,275.156015952655,1054.89801704947,254.304347826087,974.95652173913,272.12172581264,1047.91209323874,5.40997466824335,12.983939203784
um,O_O_A6S_008.png,9,15,0,5.85356518220694,5.85356518220694,3.00890580585037,3.00890580585037,0,0,5.85356518220694,0.817743873391467,1,2.73001660575,1,0.555555555555556,6.08513950684012,337.582419298385,530.177517487848,312,490,335.959426897912,528.554525087375,3.24598480094601,3.24598480094601
um,O_O_A6S_008.png,9,16,0,55.0235127127453,55.0235127127453,14.7734142461671,5.02468673333151,0.940383191055037,67.9111854899991,62.0477909313936,0.620032943760593,1,8.37007241761415,0.886792452830189,0.516483516483517,29.9950635506084,342.946351629026,517.33170529687,316.957446808511,478.127659574468,339.205411698858,510.160611215348,7.57396453554069,14.0659341374327
um,O_O_A6S_008.png,9,17,0,5.85356518220694,5.85356518220694,3.00890580585037,3.00890580585037,0,0,5.85356518220694,0.817743873391467,1,2.73001660575,1,0.555555555555556,6.08513950684012,341.91039903298,582.113274302984,316,538,340.287406632507,580.490281902511,3.24598480094601,3.24598480094601
um,O_O_A6S_008.png,9,18,0,37.4628171661244,37.4628171661244,13.1783739113315,4.26106442629582,0.946283660072395,-63.9741395413916,47.9992344940969,0.538937727868997,1,6.90645641940155,0.780487804878049,0.415584415584416,26.1561455260229,352.054101535936,707.827560656289,325.375,654.1875,348.943366101696,701.673714471162,7.57396453554069,11.9019442701354
um,O_O_A6S_008.png,9,19,0,42.14566931189,42.14566931189,14.0345456878513,4.21809553109863,0.953765772200143,-62.2199847305233,50.3406605669797,0.54151277772927,1,7.3254032521923,0.837209302325581,0.428571428571429,27.874353480657,514.308258461001,846.751201824555,475.333333333333,782.583333333333,510.160611215348,840.169065978192,7.57396453554069,12.983939203784
um,O_O_A6S_008.png,9,20,0,11.7071303644139,11.7071303644139,7.47542879078757,3.00890580585037,0.91541729654603,71.565051177078,16.3899825101794,0.424690499687478,1,3.86082650935542,0.714285714285714,0.416666666666667,15.2128487671003,516.65258081724,861.808964651165,477.5,796.5,514.488590949942,858.562979850219,4.32797973459468,6.49196960189202
um,O_O_A6S_008.png,9,21,0,5.85356518220694,5.85356518220694,3.00890580585037,3.00890580585037,0,0,5.85356518220694,0.817743873391467,1,2.73001660575,1,0.555555555555556,6.08513950684012,521.521558018659,1160.98056380502,482,1073,519.898565618186,1159.35757140455,3.24598480094601,3.24598480094601
um,O_O_A6S_008.png,9,22,0,26.9263998381519,26.9263998381519,10.2927518831178,3.74581859345098,0.931427159378258,70.8321219213135,31.6092519839175,0.625167568422923,1,5.85523330630689,0.851851851851852,0.511111111111111,19.8654269817896,598.766587629577,1147.99662460124,553.391304347826,1061,595.638210973593,1143.12764739982,5.40997466824335,9.73795440283803
um,O_O_A6S_008.png,9,23,0,11.7071303644139,11.7071303644139,4.5047041299421,3.62965894220845,0.59225774015139,45,11.7071303644139,0.907474877945258,1,3.86082650935542,1,0.625,9.33328829765342,599.749791721458,331.415048176588,554.3,306.3,597.80220084089,329.46745729602,4.32797973459468,4.32797973459468
um,O_O_A6S_008.png,9,24,0,76.0963473686903,76.0963473686903,27.5119811417832,4.18159633156781,0.98838175010203,-89.4039207460453,98.3398950610767,0.31607302914481,1,9.8432148548998,0.773809523809524,0.706521739130435,51.6046663654396,606.166853981789,1083.02699035461,560.230769230769,1000.95384615385,604.294170442782,1071.71598177901,4.32797973459468,24.8858834739194
um,O_O_A6S_008.png,9,25,0,14.0485564372967,14.0485564372967,6.60125297204053,3.30554912333583,0.865594438142531,90,16.3899825101794,0.590110885564029,1,4.22932353957578,0.857142857142857,0.666666666666667,13.8971429277835,661.098904459337,538.382645734684,611,497.583333333333,659.475912058864,535.046494689267,3.24598480094601,6.49196960189202
um,O_O_A6S_008.png,9,26,0,46.8285214576556,46.8285214576556,9.95589893620034,6.36360045268219,0.769058088699023,-69.0825101273258,50.3406605669797,0.849739553900366,1,7.72165301871084,0.930232558139535,0.634920634920635,22.9166526946788,663.100595086587,1078.88419821443,612.85,997.125,659.475912058864,1073.8799716463,7.57396453554069,9.73795440283803
um,O_O_A6S_008.png,9,27,0,9.36570429153111,9.36570429153111,3.95088688177121,3.30554912333583,0.547722557505166,90,9.36570429153111,0.936368556122002,1,3.45322820970078,1,0.666666666666667,7.81200342094339,665.426884193932,1051.15807803968,615,971.5,663.803891793459,1048.99408817239,3.24598480094601,4.32797973459468
um,O_O_A6S_008.png,9,28,0,39.8042432390072,39.8042432390072,9.36842761156372,5.55172124101201,0.805497593870644,82.2937967763183,40.9749562754486,0.878317056761996,1,7.11901232897944,0.971428571428571,0.755555555555556,20.4648521750309,668.704692375279,1039.51072081276,618.029411764706,960.735294117647,665.967881660756,1034.92815403495,5.40997466824335,9.73795440283803
um,O_O_A6S_008.png,9,29,0,14.0485564372967,14.0485564372967,4.32797973459468,4.32797973459468,0,0,14.0485564372967,1,1,4.22932353957578,1,0.75,9.53886733504667,674.623841129946,181.234151386152,623.5,167.5,672.459851262648,179.070161518855,4.32797973459468,4.32797973459468
um,O_O_A6S_008.png,9,30,0,55.0235127127453,55.0235127127453,13.6663051648403,6.95137379877073,0.860973057684801,3.74097027068047,72.5842082593661,0.461873022124247,1,8.37007241761415,0.758064516129032,0.451923076923077,35.2925107457523,827.587997228426,989.012432861287,764.872340425532,914.063829787234,820.693157172516,984.074392153465,14.0659341374327,8.65595946918936
um,O_O_A6S_008.png,9,31,0,16.3899825101794,16.3899825101794,5.28166288706108,4.17937510891043,0.611429250513635,-65.6423554472856,16.3899825101794,0.958830581424272,1,4.56819153161053,1,0.7,11.2570752896808,824.866566202304,922.091539525877,762.357142857143,852.214285714286,822.857147039813,919.154696134545,4.32797973459468,5.40997466824335
um,O_O_A6S_008.png,9,32,0,16.3899825101794,16.3899825101794,5.28166288706108,4.17937510891043,0.611429250513635,-65.6423554472856,16.3899825101794,0.958830581424272,1,4.56819153161053,1,0.7,11.2570752896808,878.193459360702,800.444394842805,811.642857142857,739.785714285714,875.874898788598,797.971263565894,4.32797973459468,5.40997466824335
um,O_O_A6S_008.png,9,33,0,18.7314085830622,18.7314085830622,5.44592173923281,4.5047041299421,0.561951486949017,90,18.7314085830622,1,1,4.8836021681282,1,0.8,11.6595774049981,879.120883589544,826.644129307584,812.5,764,876.956893722247,823.939141973462,4.32797973459468,5.40997466824335
um,O_O_A6S_008.png,9,34,0,31.6092519839175,31.6092519839175,7.77483560894894,5.39066658767169,0.720602924266095,-86.0477090940044,31.6092519839175,0.872170873275749,1,6.34398530936368,1,0.675,17.9416399897622,887.315993364772,808.731102072733,820.074074074074,747.444444444444,884.530858257787,804.463233167786,5.40997466824335,8.65595946918936
um,O_O_A6S_008.png,9,35,0,84.29133862378,84.29133862378,27.4833885427872,4.70873473583211,0.985213661636635,78.7079549149007,106.534886316166,0.344370506725096,1,10.3596846291023,0.791208791208791,0.447204968944099,52.0612682274394,949.240166372943,266.81694509628,877.305555555556,246.597222222222,946.204569475762,254.809806874262,7.57396453554069,24.8858834739194
um,O_O_A6S_008.png,9,36,0,35.1213910932417,35.1213910932417,9.62707316484067,5.00359459641257,0.854323251001979,-85.8427054796262,38.6335302025658,0.787935882323272,1,6.68714767341238,0.909090909090909,0.666666666666667,20.2679290971069,974.69710272851,590.300369300926,900.833333333333,545.566666666667,972.17244788333,585.900256570755,5.40997466824335,9.73795440283803
um,O_O_A6S_008.png,9,37,0,59.7063648585108,59.7063648585108,13.3947404221809,6.37529395374079,0.879469623326225,82.221710338406,72.5842082593661,0.649283297582911,1,8.71897383929106,0.82258064516129,0.607142857142857,30.5944887438498,978.844749974163,608.802482666318,904.666666666667,562.666666666667,975.418432684276,603.212175509133,7.57396453554069,12.983939203784
um,O_O_A6S_008.png,9,38,0,14.0485564372967,14.0485564372967,4.8388284458976,4.0804584255598,0.53748384988657,90,14.0485564372967,0.845404939381118,1,4.22932353957578,1,0.6,11.0514962522875,982.631732241933,256.432799274735,908.166666666667,237,980.828407352519,253.727811940613,4.32797973459468,5.40997466824335
um,O_O_A6S_008.png,9,39,0,5.85356518220694,5.85356518220694,3.00890580585037,3.00890580585037,0,0,5.85356518220694,0.817743873391467,1,2.73001660575,1,0.555555555555556,6.08513950684012,986.779379487587,597.261203374066,912,552,985.156387087114,595.638210973593,3.24598480094601,3.24598480094601
um,O_O_A6S_008.png,9,40,0,107.705599352608,107.705599352608,17.2943444640544,8.35564052433138,0.875541486305949,-67.7350282637805,115.900590607697,0.752682582435893,1,11.7104666126138,0.929292929292929,0.613333333333333,39.0059173580345,1012.78254033864,79.3972586637192,936.032608695652,73.3804347826087,1006.79628576009,71.9526630876365,10.8199493364867,16.22992400473
um,O_O_A6S_008.png,9,41,0,153.363407773822,153.363407773822,18.687612721206,10.7352634682693,0.818533501996813,68.5172065867694,160.38768599247,0.851096402125522,1,13.9738454082251,0.956204379562044,0.682291666666667,44.1865091003444,1014.56434862342,59.4932023440562,937.679389312977,54.9847328244275,1007.87828069374,50.3127644146631,12.983939203784,17.3119189383787
um,O_O_A6S_008.png,9,42,0,132.290573117877,132.290573117877,32.9973793192219,6.15992397919979,0.982420928496412,-88.9922025454937,176.77766850265,0.34800960163051,1,12.9783507846475,0.748344370860927,0.556650246305419,65.7160442900856,1019.68926078803,33.3694897678373,942.41592920354,30.8407079646018,1015.45224522928,16.7709214715544,7.57396453554069,31.3778530758114
um,O_O_A6S_008.png,9,43,0,101.852034170401,101.852034170401,13.0927319321874,10.8418720799749,0.560605139283165,-18.4686379635288,110.047025425491,0.776213899748057,1,11.3878021416545,0.925531914893617,0.564935064935065,37.2076417783104,1024.96012024967,595.868290356035,947.287356321839,550.712643678161,1017.61623509657,590.228236305349,15.1479290710814,11.9019442701354
um,O_O_A6S_008.png,9,44,0,46.8285214576556,46.8285214576556,11.9982131169359,5.4025399316878,0.892888057255032,-64.8990440008724,50.3406605669797,0.717748427099193,1,7.72165301871084,0.930232558139535,0.571428571428571,25.2342858425543,1034.00845834135,550.43787262042,955.65,508.725,1029.51817936671,545.866444025754,7.57396453554069,10.8199493364867
um,O_O_A6S_008.png,9,45,0,5.85356518220694,5.85356518220694,3.00890580585037,3.00890580585037,0,0,5.85356518220694,0.817743873391467,1,2.73001660575,1,0.555555555555556,6.08513950684012,1045.20710590461,636.213020985418,966,588,1043.58411350414,634.590028584945,3.24598480094601,3.24598480094601
um,O_O_A6S_008.png,9,46,0,5.85356518220694,5.85356518220694,3.00890580585037,3.00890580585037,0,0,5.85356518220694,0.817743873391467,1,2.73001660575,1,0.555555555555556,6.08513950684012,1050.61708057286,717.362641009068,971,663,1048.99408817239,715.739648608595,3.24598480094601,3.24598480094601
um,O_O_A6S_008.png,9,47,0,29.2678259110347,29.2678259110347,7.73772921224087,5.14265227592474,0.747181232385006,54.8511020387535,29.2678259110347,0.838912074736888,1,6.10450271016025,1,0.595238095238095,17.5391378744449,1051.69907550651,903.162811015217,972,834.72,1048.99408817239,899.678787328869,6.49196960189202,7.57396453554069
um,O_O_A6S_008.png,9,48,0,9.36570429153111,9.36570429153111,3.95088688177121,3.30554912333583,0.547722557505166,0,9.36570429153111,0.936368556122002,1,3.45322820970078,1,0.666666666666667,7.81200342094339,1052.24007297333,909.957739198531,972.5,841,1050.07608310603,908.334746798058,4.32797973459468,3.24598480094601
um,O_O_A6S_008.png,9,49,0,32.7799650203589,32.7799650203589,7.42804431905318,5.90672676340744,0.606356775082696,54.3775168233518,33.9506780568003,0.92139952302969,1,6.46039841952153,0.96551724137931,0.666666666666667,17.7447169118382,1054.05627875481,996.594619242828,974.178571428571,921.071428571429,1051.15807803968,992.730351622654,6.49196960189202,7.57396453554069
um,O_O_A6S_008.png,9,50,0,30.4385389474761,30.4385389474761,11.023339309212,3.61773014219621,0.944612349124538,90,30.4385389474761,0.667652423900898,1,6.22539568797743,1,0.866666666666667,20.5362638406517,1056.0270552411,1034.92815403495,976,956.5,1054.40406284063,1029.51817936671,3.24598480094601,10.8199493364867
um,O_O_A6S_008.png,9,51,0,16.3899825101794,16.3899825101794,5.28166288706108,4.17937510891043,0.611429250513635,65.6423554472856,16.3899825101794,0.958830581424272,1,4.56819153161053,1,0.7,11.2570752896808,1067.23343133961,223.741095208064,986.357142857143,206.785714285714,1065.22401217712,221.267963931153,4.32797973459468,5.40997466824335
um,O_O_A6S_008.png,9,52,0,78.4377734415731,78.4377734415731,18.6755672894799,6.4724066523558,0.938023809591259,83.1421075124525,99.5106080975181,0.563747622085123,1,9.99350163590262,0.788235294117647,0.638095238095238,38.4151481242624,1104.29694862432,367.248459494095,1020.61194029851,339.417910447761,1100.92984498752,358.681320504534,7.57396453554069,16.22992400473
um,O_O_A6S_008.png,9,53,0,9.36570429153111,9.36570429153111,3.95088688177121,3.30554912333583,0.547722557505166,90,9.36570429153111,0.936368556122002,1,3.45322820970078,1,0.666666666666667,7.81200342094339,1106.88081712259,443.07692532913,1023,409.5,1105.25782472212,440.912935461833,3.24598480094601,4.32797973459468
um,O_O_A6S_008.png,9,54,0,16.3899825101794,16.3899825101794,5.28166288706108,4.17937510891043,0.611429250513635,-65.6423554472856,16.3899825101794,0.958830581424272,1,4.56819153161053,1,0.7,11.2570752896808,1112.67721855285,304.272432412487,1028.35714285714,281.214285714286,1110.66779939036,301.335589021154,4.32797973459468,5.40997466824335
um,O_O_A6S_008.png,9,55,0,5.85356518220694,5.85356518220694,3.00890580585037,3.00890580585037,0,0,5.85356518220694,0.817743873391467,1,2.73001660575,1,0.555555555555556,6.08513950684012,1129.60271072921,1226.98225475759,1044,1134,1127.97971832874,1225.35926235712,3.24598480094601,3.24598480094601
um,O_O_A6S_008.png,9,56,0,38.6335302025658,38.6335302025658,10.0023020200936,5.16850778396041,0.856147312276086,80.7697761947405,40.9749562754486,0.741817145700475,1,7.01353964889535,0.942857142857143,0.733333333333333,22.183060129665,1134.32414316695,927.761474015841,1048.36363636364,857.454545454545,1131.22570312968,922.400680935491,5.40997466824335,9.73795440283803
um,O_O_A6S_008.png,9,57,0,296.190398219671,296.190398219671,61.926826983338,14.0412959746897,0.973955296456797,79.2028177956982,614.624344131729,0.151057286284458,1,19.4196119370121,0.481904761904762,0.299054373522459,153.57186891249,1189.89933748618,703.993802421772,1099.72727272727,650.644268774704,1179.91547514387,678.95182086454,19.4759088056761,50.8537618814875
um,O_O_A6S_008.png,9,58,0,17.5606955466208,17.5606955466208,5.36506581407028,4.5047041299421,0.543149009008564,-45,17.5606955466208,0.886768673770057,1,4.72852746666574,1,0.6,12.3758580510735,1186.73204322586,559.174981709632,1096.8,516.8,1184.24345487847,556.686393362241,5.40997466824335,5.40997466824335
um,O_O_A6S_008.png,9,59,0,35.1213910932417,35.1213910932417,7.80197350636208,6.00621804145278,0.638245157857035,-71.0456366276638,36.2921041296831,0.950674577948476,1,6.68714767341238,0.967741935483871,0.714285714285714,18.1472190271555,1188.60750111085,529.961118501118,1098.53333333333,489.8,1185.32544981212,526.390535220078,6.49196960189202,7.57396453554069
um,O_O_A6S_008.png,9,60,0,45.6578084212142,45.6578084212142,10.0566068721475,6.07348203159346,0.797037704495622,-17.685853574636,46.8285214576556,0.849743505325438,1,7.62452144123367,0.975,0.722222222222222,22.5855622449823,1190.58283545126,736.78306289507,1100.35897435897,680.948717948718,1186.40744474577,733.051567546974,9.73795440283803,6.49196960189202
um,O_O_A6S_008.png,9,61,0,11.7071303644139,11.7071303644139,4.5047041299421,3.62965894220845,0.59225774015139,45,11.7071303644139,0.907474877945258,1,3.86082650935542,1,0.625,9.33328829765342,1206.09975253817,662.93829584654,1114.7,612.7,1203.71936368415,660.557906992513,4.32797973459468,4.32797973459468
um,O_O_A6S_008.png,9,62,0,11.7071303644139,11.7071303644139,4.5047041299421,3.62965894220845,0.59225774015139,-45,11.7071303644139,0.907474877945258,1,3.86082650935542,1,0.625,9.33328829765342,1212.1589241666,51.6111583350415,1120.3,47.7,1210.21133328604,49.2307694810145,4.32797973459468,4.32797973459468
um,O_O_A6S_008.png,9,63,0,9.36570429153111,9.36570429153111,3.95088688177121,3.30554912333583,0.547722557505166,0,9.36570429153111,0.936368556122002,1,3.45322820970078,1,0.666666666666667,7.81200342094339,1234.01522182631,109.281488298516,1140.5,101,1231.85123195901,107.658495898043,4.32797973459468,3.24598480094601
um,O_O_A6S_008.png,9,64,0,11.7071303644139,11.7071303644139,7.15536047033062,3.00890580585037,0.907287568363701,90,16.3899825101794,0.491759071303358,1,3.86082650935542,0.714285714285714,0.555555555555556,13.8971429277835,1245.37616862962,41.6568049454738,1151,38.5,1243.75317622915,38.4108201445278,3.24598480094601,6.49196960189202
um,O_O_A6S_008.png,9,65,0,36.2921041296831,36.2921041296831,12.0170809674832,4.02537384087397,0.942228431609745,80.782525588539,38.6335302025658,0.645320773015269,1,6.79768652848591,0.939393939393939,0.704545454545455,23.1849874382237,1248.1335105573,16.2648270671058,1153.54838709677,15.0322580645161,1245.91716609644,10.2789518696624,4.32797973459468,11.9019442701354
um,O_O_A6S_008.png,9,66,0,5.85356518220694,5.85356518220694,3.00890580585037,3.00890580585037,0,0,5.85356518220694,0.817743873391467,1,2.73001660575,1,0.555555555555556,6.08513950684012,1249.70414836421,234.792900601761,1155,217,1248.08115596374,233.169908201288,3.24598480094601,3.24598480094601
um,O_O_A6S_008.png,9,67,0,42.14566931189,42.14566931189,14.3929325590636,4.26258357651844,0.955138931846859,-58.6372254845074,50.3406605669797,0.570181210548292,1,7.3254032521923,0.837209302325581,0.409090909090909,27.0780052094916,1253.34085355787,123.978586147243,1158.36111111111,114.583333333333,1249.16315089739,118.478445234529,8.65595946918936,11.9019442701354
um,O_O_A6S_008.png,9,68,0,9.36570429153111,9.36570429153111,3.95088688177121,3.30554912333583,0.547722557505166,90,9.36570429153111,0.936368556122002,1,3.45322820970078,1,0.666666666666667,7.81200342094339,1262.688087568,159.594252713179,1167,147.5,1261.06509516752,157.430262845881,3.24598480094601,4.32797973459468
um,O_O_A6S_008.png,9,69,0,162.729112065353,162.729112065353,26.5869638181449,8.18116058883691,0.951479146546596,69.6538784550916,184.972659757739,0.557716496698755,1,14.3942051034869,0.879746835443038,0.464882943143813,57.15313638519,1277.01089820047,536.770680860513,1180.23741007194,496.093525179856,1269.72105463671,524.22654535278,14.0659341374327,24.8858834739194
um,O_O_A6S_008.png,9,70,0,64.3892170042764,64.3892170042764,10.9258111316954,8.18992434719919,0.661897709248503,-66.4348356987972,70.2427821864833,0.796485820809988,1,9.05444075271237,0.916666666666667,0.625,28.4737786738984,1274.29494231077,816.060251592984,1177.72727272727,754.218181818182,1270.80304957036,809.873207836029,8.65595946918936,11.9019442701354
um,O_O_A6S_008.png,9,71,0,5.85356518220694,5.85356518220694,3.00890580585037,3.00890580585037,0,0,5.85356518220694,0.817743873391467,1,2.73001660575,1,0.555555555555556,6.08513950684012,1276.75402170543,877.497891189071,1180,811,1275.13102930496,875.874898788598,3.24598480094601,3.24598480094601
um,O_O_A6S_008.png,9,72,0,35.1213910932417,35.1213910932417,8.12483027956673,5.98875470727352,0.675791430670399,-68.6050613972962,37.4628171661244,0.829417727934275,1,6.68714767341238,0.9375,0.625,19.6685039038655,1279.38687604398,835.516487763503,1182.43333333333,772.2,1276.21302423861,831.513106509003,6.49196960189202,8.65595946918936
um,O_O_A6S_008.png,9,73,0,9.36570429153111,9.36570429153111,3.95088688177121,3.30554912333583,0.547722557505166,90,9.36570429153111,0.936368556122002,1,3.45322820970078,1,0.666666666666667,7.81200342094339,1286.49197610827,1258.90110530023,1189,1163.5,1284.8689837078,1256.73711543293,3.24598480094601,4.32797973459468
um,O_O_A6S_008.png,9,74,0,9.36570429153111,9.36570429153111,3.95088688177121,3.30554912333583,0.547722557505166,90,9.36570429153111,0.936368556122002,1,3.45322820970078,1,0.666666666666667,7.81200342094339,1289.73796090921,973.254442816978,1192,899.5,1288.11496850874,971.090452949681,3.24598480094601,4.32797973459468
um,O_O_A6S_008.png,9,75,0,5.85356518220694,5.85356518220694,3.00890580585037,3.00890580585037,0,0,5.85356518220694,0.817743873391467,1,2.73001660575,1,0.555555555555556,6.08513950684012,1340.5917227907,6.49196960189202,1239,6,1338.96873039023,4.86897720141901,3.24598480094601,3.24598480094601
um,O_O_A6S_008.png,9,76,0,24.5849737652692,24.5849737652692,6.47926688132144,5.05300641138373,0.6259375659426,86.2906749699433,24.5849737652692,0.942884346406848,1,5.59486914987448,1,0.7,14.7021471584181,1345.33189107145,630.287810634485,1243.38095238095,582.52380952381,1342.21471519117,627.016064049404,5.40997466824335,6.49196960189202
um,O_O_A6S_008.png,9,77,0,5.85356518220694,5.85356518220694,3.00890580585037,3.00890580585037,0,0,5.85356518220694,0.817743873391467,1,2.73001660575,1,0.555555555555556,6.08513950684012,1356.82164679543,1215.08031048746,1254,1123,1355.19865439496,1213.45731808698,3.24598480094601,3.24598480094601
um,O_O_A6S_008.png,9,78,0,18.7314085830622,18.7314085830622,5.44592173923281,4.5047041299421,0.561951486949017,90,18.7314085830622,1,1,4.8836021681282,1,0.8,11.6595774049981,1391.98648213901,278.072697947708,1286.5,257,1389.82249227172,275.367710613586,4.32797973459468,5.40997466824335
um,O_O_A6S_008.png,9,79,0,28.0971128745933,28.0971128745933,14.7621938640157,3.37747068639516,0.973475350005773,-76.7578235252825,40.9749562754486,0.318136295213752,1,5.98116670933186,0.685714285714286,0.4,29.9149959255184,1420.92984661412,439.109610572418,1313.25,405.833333333333,1417.95436054658,432.256975992644,5.40997466824335,12.983939203784
um,O_O_A6S_008.png,9,80,0,9.36570429153111,9.36570429153111,3.95088688177121,3.30554912333583,0.547722557505166,90,9.36570429153111,0.936368556122002,1,3.45322820970078,1,0.666666666666667,7.81200342094339,1422.823337748,448.486899997374,1315,414.5,1421.20034534753,446.322910130076,3.24598480094601,4.32797973459468
um,O_O_A6S_008.png,9,81,0,293.848972146789,293.848972146789,40.4169171651203,10.3250266284073,0.966818834729445,-75.0262997974807,323.116798057823,0.464235505656771,1,19.3427022806296,0.909420289855073,0.484555984555985,85.7870503092684,1439.47140322111,739.649150200158,1330.38645418327,683.597609561753,1432.02029468401,716.821643542244,15.1479290710814,40.0338125450008
um,O_O_A6S_008.png,9,82,0,12.8778434008553,12.8778434008553,5.03993306260274,3.43192113395002,0.732333837236824,90,12.8778434008553,0.910476739226441,1,4.04926900426184,1,0.733333333333333,9.93271349089479,1439.05326175273,779.036352227042,1330,720,1437.43026935226,776.33136489292,3.24598480094601,5.40997466824335
um,O_O_A6S_008.png,9,83,0,60.8770778949522,60.8770778949522,15.7854921388827,5.22078595121152,0.943724306264528,74.2321017056911,69.0720691500419,0.631739618205376,1,8.80403901307667,0.88135593220339,0.619047619047619,31.3994929744844,1441.69582630222,764.928802899854,1332.44230769231,706.961538461538,1438.51226428591,757.937451020893,6.49196960189202,15.1479290710814
um,O_O_A6S_008.png,9,84,0,52.6820866398625,52.6820866398625,13.8520185001303,5.90066756551014,0.904733098261131,-50.6000383815258,64.3892170042764,0.63060375508399,1,8.19004981725001,0.818181818181818,0.45,29.0017922015189,1445.71354167763,1060.49930096685,1336.15555555556,980.133333333333,1439.59425921955,1055.48605777428,10.8199493364867,10.8199493364867
um,O_O_A6S_008.png,9,85,0,5.85356518220694,5.85356518220694,3.00890580585037,3.00890580585037,0,0,5.85356518220694,0.817743873391467,1,2.73001660575,1,0.555555555555556,6.08513950684012,1445.54523135462,528.013527620551,1336,488,1443.92223895415,526.390535220078,3.24598480094601,3.24598480094601
um,O_O_A6S_008.png,9,86,0,9.36570429153111,9.36570429153111,3.95088688177121,3.30554912333583,0.547722557505166,90,9.36570429153111,0.936368556122002,1,3.45322820970078,1,0.666666666666667,7.81200342094339,1481.25106416503,64.3786985520958,1369,59.5,1479.62807176456,62.2147086847985,3.24598480094601,4.32797973459468
um,O_O_A6S_008.png,9,87,0,9.36570429153111,9.36570429153111,3.95088688177121,3.30554912333583,0.547722557505166,90,9.36570429153111,0.936368556122002,1,3.45322820970078,1,0.666666666666667,7.81200342094339,1493.15300843516,203.956044992774,1380,188.5,1491.53001603469,201.792055125477,3.24598480094601,4.32797973459468
um,O_O_A6S_008.png,9,88,0,11.7071303644139,11.7071303644139,4.5047041299421,3.62965894220845,0.592257740151389,-45,11.7071303644139,0.907474877945258,1,3.86082650935542,1,0.625,9.33328829765342,1503.64835929156,281.643281228749,1389.7,260.3,1501.26797043753,279.695690348181,4.32797973459468,4.32797973459468
um,O_O_A6S_008.png,9,89,0,52.6820866398625,52.6820866398625,12.8242182761707,5.43221343300161,0.905853920918923,67.3444875854769,57.3649387856281,0.728049881824683,1,8.19004981725001,0.918367346938776,0.584415584415584,26.7555707192643,1520.75590140913,1271.87302233808,1405.51111111111,1175.48888888889,1517.49789444226,1266.47506983577,7.57396453554069,11.9019442701354
um,O_O_A6S_008.png,9,90,0,16.3899825101794,16.3899825101794,6.19312433295289,3.50208691535766,0.824762122153737,90,16.3899825101794,0.86255066866221,1,4.56819153161053,1,0.777777777777778,12.0534235608462,1521.28487671003,1291.36095330969,1406,1193.5,1519.66188430956,1288.11496850874,3.24598480094601,6.49196960189202
um,O_O_A6S_008.png,9,91,0,9.36570429153111,9.36570429153111,3.95088688177121,3.30554912333583,0.547722557505166,90,9.36570429153111,0.936368556122002,1,3.45322820970078,1,0.666666666666667,7.81200342094339,1522.36687164368,1258.90110530023,1407,1163.5,1520.74387924321,1256.73711543293,3.24598480094601,4.32797973459468
um,O_O_A6S_008.png,9,92,0,12.8778434008553,12.8778434008553,5.03993306260274,3.43192113395002,0.732333837236824,90,12.8778434008553,0.910476739226441,1,4.04926900426184,1,0.733333333333333,9.93271349089479,1575.38462339246,623.229081781634,1456,576,1573.76163099199,620.524094447512,3.24598480094601,5.40997466824335
um,O_O_A6S_008.png,9,93,0,203.704068340802,203.704068340802,44.535488233741,8.9095892415245,0.979784475463394,-79.7755168329754,318.433945912058,0.294613508276491,1,16.1047842343492,0.639705882352941,0.343195266272189,89.8142354523088,1594.6801997092,1097.76469888851,1473.83333333333,1014.57471264368,1585.66357526213,1076.0439615136,14.0659341374327,42.1978024122981
um,O_O_A6S_008.png,9,94,0,28.0971128745933,28.0971128745933,6.6973309285735,5.48077302566471,0.574717566567462,-70.3951160037717,28.0971128745933,1,1,5.98116670933186,1,0.8,15.3015723516595,1641.25106497833,1057.83038013052,1516.875,977.666666666667,1638.68132701091,1054.40406284063,5.40997466824335,6.49196960189202
um,O_O_A6S_008.png,9,95,0,9.36570429153111,9.36570429153111,3.95088688177121,3.30554912333583,0.547722557505166,90,9.36570429153111,0.936368556122002,1,3.45322820970078,1,0.666666666666667,7.81200342094339,1643.55030421233,1102.01183992117,1519,1018.5,1641.92731181186,1099.84785005387,3.24598480094601,4.32797973459468
um,O_O_A6S_008.png,9,96,0,16.3899825101794,16.3899825101794,5.28166288706108,4.17937510891043,0.611429250513635,-65.6423554472856,16.3899825101794,0.958830581424272,1,4.56819153161053,1,0.7,11.2570752896808,1648.57385211856,671.686997738613,1523.64285714286,620.785714285714,1646.25529154645,669.213866461702,4.32797973459468,5.40997466824335
um,O_O_A6S_008.png,9,97,0,224.776902996747,224.776902996747,53.2312043083035,8.39069445660013,0.98749866525875,-80.3738240929644,367.603893442596,0.262753230853983,1,16.9172941583031,0.611464968152866,0.351648351648352,100.283618430293,1653.63201742221,885.347989848303,1528.31770833333,818.255208333333,1646.25529154645,862.890959584814,14.0659341374327,45.4437872132441
um,O_O_A6S_008.png,9,98,0,165.070538138236,165.070538138236,19.3383652787229,11.1766312966522,0.816071331272087,57.3264864880485,174.436242429767,0.811835550923299,1,14.4973906903386,0.946308724832215,0.592436974789916,47.1490112286744,1658.72125445221,1050.59405940406,1533.02127659574,970.978723404255,1650.58327128105,1041.42012363684,15.1479290710814,18.3939138720274
um,O_O_A6S_008.png,9,99,0,19.9021216195036,19.9021216195036,7.37899951032071,3.54674870160695,0.876910104976049,90,19.9021216195036,0.809844351494583,1,5.033901893172,1,0.80952380952381,14.1741336307976,1655.45224848246,798.512261032718,1530,738,1653.82925608199,794.725278764948,3.24598480094601,7.57396453554069
um,O_O_A6S_008.png,9,100,0,63.218503967835,63.218503967835,16.8297813497395,5.19513087371811,0.951163748763019,-79.6751605622052,71.4134952229247,0.589379647212971,1,8.97175006399779,0.885245901639344,0.6,33.3146240070425,1661.30303590145,921.158390456116,1535.40740740741,851.351851851852,1658.15723581659,912.662726532653,6.49196960189202,16.22992400473
um,O_O_A6S_008.png,9,101,0,5.85356518220694,5.85356518220694,3.00890580585037,3.00890580585037,0,0,5.85356518220694,0.817743873391467,1,2.73001660575,1,0.555555555555556,6.08513950684012,1660.86222315071,600.507188175012,1535,555,1659.23923075023,598.884195774539,3.24598480094601,3.24598480094601
um,O_O_A6S_008.png,9,102,0,21.072834655945,21.072834655945,6.2856372062119,4.43748420985066,0.708239690230453,-77.7641897331476,21.072834655945,0.940818022409032,1,5.17984231455116,1,0.75,13.3777853596322,1664.76942707777,1243.51273291056,1538.61111111111,1149.27777777778,1662.48521555118,1240.5071914282,4.32797973459468,6.49196960189202
um,O_O_A6S_008.png,9,103,0,40.9749562754486,40.9749562754486,7.70459121378685,6.97546154201264,0.424635787724467,71.565051177078,42.14566931189,0.984389244252047,1,7.22294501389118,0.972222222222222,0.714285714285714,19.4715808259415,1735.51987357247,724.936605544609,1604,670,1731.7328913047,721.149623276838,7.57396453554069,7.57396453554069
um,O_O_A6S_008.png,9,104,0,30.4385389474761,30.4385389474761,8.56310619179001,4.65009145399464,0.839708168019912,-85.2183580852285,30.4385389474761,0.865834041945842,1,6.22539568797743,1,0.8125,17.6192054995349,1735.97764065978,741.957218154697,1604.42307692308,685.730769230769,1733.89688117199,737.379547281568,4.32797973459468,8.65595946918936
um,O_O_A6S_008.png,9,105,0,45.6578084212142,45.6578084212142,15.9902513290282,3.95087421508455,0.968995037893648,-85.0823299447048,50.3406605669797,0.528580937377901,1,7.62452144123367,0.906976744186046,0.696428571428571,29.5471176480779,1735.769564711,765.608517665864,1604.23076923077,707.589743589744,1733.89688117199,757.937451020893,4.32797973459468,15.1479290710814
um,O_O_A6S_008.png,9,106,0,9.36570429153111,9.36570429153111,3.95088688177121,3.30554912333583,0.547722557505166,90,9.36570429153111,0.936368556122002,1,3.45322820970078,1,0.666666666666667,7.81200342094339,1753.91378744449,816.365177437921,1621,754.5,1752.29079504402,814.201187570624,3.24598480094601,4.32797973459468
um,O_O_A6S_008.png,9,107,0,78.4377734415731,78.4377734415731,11.5012086880881,8.8125791105884,0.642565579648062,82.0814181399448,78.4377734415731,0.958385435858676,1,9.99350163590262,1,0.761363636363636,28.6707017518224,1790.28173655758,378.504436639664,1654.61194029851,349.820895522388,1785.83263798713,372.747254641967,8.65595946918936,11.9019442701354
um,O_O_A6S_008.png,9,108,0,9.36570429153111,9.36570429153111,3.95088688177121,3.30554912333583,0.547722557505166,90,9.36570429153111,0.936368556122002,1,3.45322820970078,1,0.666666666666667,7.81200342094339,1813.42350879517,896.432802527923,1676,828.5,1811.8005163947,894.268812660625,3.24598480094601,4.32797973459468
um,O_O_A6S_008.png,9,109,0,5.85356518220694,5.85356518220694,3.00890580585037,3.00890580585037,0,0,5.85356518220694,0.817743873391467,1,2.73001660575,1,0.555555555555556,6.08513950684012,1818.83348346341,1090.65089311786,1681,1008,1817.21049106294,1089.02790071739,3.24598480094601,3.24598480094601
um,O_O_A6S_008.png,9,110,0,29.2678259110347,29.2678259110347,6.60458658321163,5.86745019813719,0.459089095983218,62.0522481582936,30.4385389474761,0.95518252342154,1,6.10450271016025,0.961538461538462,0.694444444444444,16.2234320351281,1835.32308625222,886.889607213141,1696.24,819.68,1832.35842013402,883.448863324139,6.49196960189202,6.49196960189202
um,O_O_A6S_008.png,9,111,0,263.410433199312,264.581146235754,47.2405980350559,11.811968812013,0.968235892124986,76.3465630749944,427.310258301107,0.236149113004023,0,18.3135081304808,0.616438356164384,0.32703488372093,114.994421548181,1874.62114224234,488.335571187061,1732.56,451.328888888889,1863.73627320983,465.798818935752,17.3119189383787,46.5257821468928
um,O_O_A6S_008.png,9,112,0,119.412729717022,119.412729717022,21.4869276074207,7.79155403590001,0.931937733425742,65.0772624847082,133.461286154318,0.573600559885223,1,12.3304910535016,0.894736842105263,0.488038277511962,47.7484364219158,1869.93122459465,521.118461866907,1728.22549019608,481.627450980392,1863.73627320983,510.160611215348,11.9019442701354,20.5579037393247
um,O_O_A6S_008.png,9,113,0,39.8042432390072,39.8042432390072,13.6742625352763,4.00509177883808,0.956145314173301,76.7356905322085,44.4870953847728,0.577515947151533,1,7.11901232897944,0.894736842105263,0.566666666666667,26.0306341137197,1867.80966590122,102.343991371004,1726.26470588235,94.5882352941177,1864.81826814348,95.7565516279073,5.40997466824335,12.983939203784
um,O_O_A6S_008.png,9,114,0,12.8778434008553,12.8778434008553,5.03993306260274,3.43192113395002,0.732333837236824,90,12.8778434008553,0.910476739226441,1,4.04926900426184,1,0.733333333333333,9.93271349089479,1867.5232554776,15.1479290710814,1726,14,1865.90026307713,12.4429417369597,3.24598480094601,5.40997466824335
um,O_O_A6S_008.png,9,115,0,5.85356518220694,5.85356518220694,3.00890580585037,3.00890580585037,0,0,5.85356518220694,0.817743873391467,1,2.73001660575,1,0.555555555555556,6.08513950684012,1870.76924027855,22.7218936066221,1729,21,1869.14624787808,21.0989012061491,3.24598480094601,3.24598480094601
um,O_O_A6S_008.png,9,116,0,15.2192694737381,15.2192694737381,6.69790755349648,3.25190340927985,0.874230921769819,69.8600684655218,16.3899825101794,0.730765950306274,1,4.40201950653833,0.928571428571429,0.541666666666667,12.7783601663908,1875.5133719107,505.874246670509,1733.38461538462,467.538461538462,1873.47422761267,502.586646679807,4.32797973459468,6.49196960189202
um,O_O_A6S_008.png,9,117,0,62.0477909313936,62.0477909313936,16.4803967576166,5.64928936844185,0.939412630675309,76.4394521085393,73.7549212958075,0.565987083887225,1,8.88829010987547,0.841269841269841,0.540816326530612,33.7171261223599,1879.75183972771,63.6743810952868,1737.30188679245,58.8490566037736,1875.63821747997,54.6407441492578,7.57396453554069,15.1479290710814
um,O_O_A6S_008.png,9,118,0,53.8527996763039,53.8527996763039,8.89624881740392,7.90227211979055,0.459321424396044,-52.4970156072803,55.0235127127453,0.977200486985421,1,8.28055035263787,0.978723404255319,0.71875,22.9166526946788,1896.05499144534,359.998531728106,1752.36956521739,332.717391304348,1891.8681414847,355.435335703588,8.65595946918936,8.65595946918936
um,O_O_A6S_008.png,9,119,0,23.4142607288278,23.4142607288278,6.61109824667167,4.60748626991666,0.717137165600636,90,23.4142607288278,0.99694350473373,1,5.46003321150001,1,0.833333333333333,13.7802874749495,1896.19612121929,980.828407352519,1752.5,906.5,1894.032131352,977.582422551573,4.32797973459468,6.49196960189202
um,O_O_A6S_008.png,9,120,0,62.0477909313936,62.0477909313936,22.8963447631751,5.5334412973763,0.970357607938305,-89.2584176223642,100.681321133959,0.3483806735241,1,8.88829010987547,0.616279069767442,0.464912280701754,43.9095183973303,1899.30940852838,1057.53776514846,1755.37735849057,977.396226415094,1896.19612121929,1046.83009830509,6.49196960189202,20.5579037393247
um,O_O_A6S_008.png,9,121,0,93.6570429153111,93.6570429153111,15.6550834365128,7.9716128376563,0.860646544641937,-80.5124620141554,101.852034170401,0.804691316651404,1,10.920066423,0.919540229885057,0.714285714285714,34.8445648432217,1901.66019563422,1198.43111344594,1757.55,1107.6125,1897.27811615294,1190.73542448036,8.65595946918936,15.1479290710814
um,O_O_A6S_008.png,9,122,0,22.2435476923864,22.2435476923864,5.83904528439413,5.02728205941277,0.508644361881473,45,22.2435476923864,1,1,5.32178208283174,1,0.76,13.1808622817081,1951.74801899689,520.268721779697,1803.84210526316,480.842105263158,1949.21387296808,517.734575750888,5.40997466824335,5.40997466824335
um,O_O_A6S_008.png,9,123,0,23.4142607288278,23.4142607288278,8.68653724235396,3.74403068037976,0.902344606481831,80.2024643857758,25.7556868017106,0.692286889872033,1,5.46003321150001,0.909090909090909,0.625,17.2167033842176,1957.54523395717,675.705836063594,1809.2,624.5,1955.70584256997,671.377856329,4.32797973459468,8.65595946918936
um,O_O_A6S_008.png,9,124,0,9.36570429153111,9.36570429153111,3.95088688177121,3.30554912333583,0.547722557505166,90,9.36570429153111,0.936368556122002,1,3.45322820970078,1,0.666666666666667,7.81200342094339,2026.57651072396,303.499578888452,1873,280.5,2024.95351832349,301.335589021154,3.24598480094601,4.32797973459468
um,O_O_A6S_008.png,9,125,0,30.4385389474761,30.4385389474761,9.44997920559607,4.23358002624715,0.894034121565818,78.7234307365446,31.6092519839175,0.766231909613753,1,6.22539568797743,0.962962962962963,0.722222222222222,18.9435672983209,2031.44548792538,674.082843663121,1877.5,623,2029.28149805808,669.213866461702,4.32797973459468,9.73795440283803
um,O_O_A6S_008.png,9,126,0,1164.85947125918,1164.85947125918,98.8929033833342,22.0525198032801,0.9748198271107,-82.5550602974396,1717.43602445952,0.217990663591417,1,38.5116234774189,0.678254942058623,0.404965404965405,255.733830547598,2046.05024466545,755.496709685642,1890.99798994975,698.244221105528,2032.52748285903,699.509724603865,29.2138632085141,98.4615389620289
um,O_O_A6S_008.png,9,127,0,14.0485564372967,14.0485564372967,5.4056670829999,3.59505670326093,0.746795899354174,-53.3496221169968,14.0485564372967,0.868925714063477,1,4.22932353957578,1,0.6,10.8545731743635,2037.93745752727,770.380392757853,1883.5,712,2035.77346765997,767.675405423731,4.32797973459468,5.40997466824335
um,O_O_A6S_008.png,9,128,0,9.36570429153111,9.36570429153111,3.95088688177121,3.30554912333583,0.547722557505166,0,9.36570429153111,0.936368556122002,1,3.45322820970078,1,0.666666666666667,7.81200342094339,2039.01945246092,630.803046317174,1884.5,583,2036.85546259362,629.180053916701,4.32797973459468,3.24598480094601
um,O_O_A6S_008.png,9,129,0,25.7556868017106,25.7556868017106,10.8280719077816,3.33927093899253,0.951259955480329,-63.9365752983793,28.0971128745933,0.562391519215111,1,5.7265311435241,0.916666666666667,0.407407407407407,20.5903635873342,2052.10175484049,863.333593875852,1896.59090909091,797.909090909091,2048.75740686376,858.562979850219,6.49196960189202,9.73795440283803
