Unit,FileName,ImageID,ObjectID,BorderObject,Area,FilledArea,MajorAxisLength,MinorAxisLength,Eccentricity,Orientation,ConvexArea,Circularity,EulerNumber,EquivDiameter,Solidity,Extent,Perimeter,Centroid_x,Centroid_y,Centroid_x_pixels,Centroid_y_pixels,BoundingBox_x,BoundingBox_y,BoundingBox_w,BoundingBox_h
um,Steel 1 1200 degree cropped.png,1,1,1,21.7030683219785,21.7030683219785,10.2066021743525,2.91126262786531,0.958458123920207,90,21.7030683219785,0.555899183433325,1,5.25672948035488,1,0.833333333333333,19.4775991493893,1.58769367156594,9.78132708375447,1.86666666666667,11.5,0.42527509059802,4.67802599657822,2.55165054358812,10.2066021743525
um,Steel 1 1200 degree cropped.png,1,2,1,48.4701859190854,48.4701859190854,10.6740269364245,6.98392842650371,0.756242173272086,57.1039480541948,53.5342351942137,0.7113810962727,1,7.85583588505036,0.905405405405405,0.62037037037037,26.5890492143694,3.40220072478416,22.5713167487546,4,26.5373134328358,0.42527509059802,18.2868288957149,7.65495163076437,10.2066021743525
um,Steel 1 1200 degree cropped.png,1,3,1,69.4498186303313,69.4498186303313,18.3016091266033,5.24786347087536,0.958007458270302,83.5932808297655,73.790432294727,0.537991270976844,1,9.40352356592052,0.941176470588235,0.761904761904762,37.6045246110394,2.63138962307525,70.0020518919783,3.09375,82.3020833333333,0.42527509059802,62.515438317909,5.10330108717624,17.8615538051169
um,Steel 1 1200 degree cropped.png,1,4,1,743.691807833131,743.691807833131,61.9282788768664,19.2425468969848,0.95050047556835,62.6309652826329,1048.25819995156,0.241792607125406,1,30.7717048411154,0.709454796411318,0.354727398205659,193.926291862878,17.8764467071222,80.6624394114623,21.0175097276265,94.8356031128405,0.42527509059802,54.0099365059486,35.7231076102337,58.6879625025268
um,Steel 1 1200 degree cropped.png,1,5,1,49.9170571405506,49.9170571405506,14.2603179855526,5.17071309943645,0.931947003263884,37.1050860915998,61.4920269122725,0.581327792930481,1,7.97222497852098,0.811764705882353,0.479166666666667,30.1766698786543,5.32518374314043,116.315818982114,6.26086956521739,136.753623188406,0.42527509059802,111.847348827279,10.2066021743525,10.2066021743525
um,Steel 1 1200 degree cropped.png,1,6,1,26.7671175971069,26.7671175971069,8.02663680056186,4.46531587054113,0.830973375569255,63.8247956809407,28.2139888185721,0.818526158612916,1,5.83788939799418,0.948717948717949,0.685185185185185,17.5995843493085,2.66658975726326,129.674420868294,3.13513513513514,152.459459459459,0.42527509059802,126.306701907612,5.10330108717624,7.65495163076437
um,Steel 1 1200 degree cropped.png,1,7,1,6.51092049659356,6.51092049659356,4.04942882926378,2.5287968575437,0.781038914838675,90,6.51092049659356,0.723407055476695,1,2.87922931509278,1,0.6,7.96285079635733,1.32307805963829,180.316638413561,1.55555555555556,212,0.42527509059802,178.190262960571,2.55165054358812,4.2527509059802
um,Steel 1 1200 degree cropped.png,1,8,1,224.265039327111,224.265039327111,23.1995999286361,13.5611220124401,0.811364026783772,-70.9039907316525,259.71338425301,0.661814591938402,1,16.8980210845195,0.863509749303621,0.628803245436105,62.5834823324047,8.42319050410272,207.693379407025,9.90322580645161,244.187096774194,0.42527509059802,196.051816765687,14.4593530803327,24.6659552546852
um,Steel 1 1200 degree cropped.png,1,9,1,2492.9591145846,2508.15126240999,135.468039921116,42.9314165508476,0.948455022079492,-5.38091893440633,4407.16974058311,0.0839938925384618,0,56.3394544533143,0.565659881812213,0.411610129001433,608.043014633788,66.4525033034743,258.100760642952,78.1288450377249,303.45153801509,0.42527509059802,232.625474557117,136.938579172563,44.2286094221941
um,Steel 1 1200 degree cropped.png,1,10,1,41.9592654224918,41.9592654224918,8.90504923848516,6.75771014912983,0.651250587326311,62.0921463697384,44.8530078654223,0.751402347511139,1,7.30918572783284,0.935483870967742,0.585858585858586,23.8179567240327,3.24088948352284,269.492425514477,3.81034482758621,316.844827586207,0.42527509059802,264.946381442567,7.65495163076437,9.35605199315645
um,Steel 1 1200 degree cropped.png,1,11,1,142.516815314326,142.516815314326,21.2562336314202,8.84357995107828,0.909343375520391,24.513684708082,156.985527528978,0.682971244033936,1,13.4706364009989,0.907834101382488,0.63961038961039,48.5357955397709,9.20493901680182,286.890144366063,10.8223350253807,337.299492385787,0.42527509059802,281.106834885291,18.7121039863129,11.9077025367446
um,Steel 1 1200 degree cropped.png,1,12,1,6.51092049659356,6.51092049659356,4.04942882926378,2.5287968575437,0.781038914838675,90,6.51092049659356,0.723407055476695,1,2.87922931509278,1,0.6,7.96285079635733,1.32307805963829,298.54311359981,1.55555555555556,351,0.42527509059802,296.41673814682,2.55165054358812,4.2527509059802
um,Steel 1 1200 degree cropped.png,1,13,1,1036.68323017984,1036.68323017984,95.3415495703003,27.618665439804,0.957123156037969,22.2260863139343,1822.33430343546,0.142314859690196,1,36.3310622474593,0.568876538308853,0.257548526240115,299.881879585013,41.3534767789885,304.03993511276,48.6196789951151,357.462665736218,0.42527509059802,276.854083979311,91.0088693879763,44.2286094221941
um,Steel 1 1200 degree cropped.png,1,14,1,551.981370988987,572.2375680895,59.1937164475769,15.5379565179836,0.964933803353111,-0.203561799212669,766.118311765842,0.381516842014596,0,26.5104603788827,0.720491029272899,0.576719576719577,132.16529155569,26.3559081704037,332.654300421041,30.9868938401048,391.104849279161,0.42527509059802,322.783793763897,53.5846614153506,17.8615538051169
um,Steel 1 1200 degree cropped.png,1,15,1,17.3624546575828,17.3624546575828,8.3336557782483,2.89131464747233,0.937885723118563,-90,17.3624546575828,0.616294545139291,1,4.70176178296026,1,0.8,16.1434424391008,1.55934199885941,354.254150468151,1.83333333333333,416.5,0.42527509059802,350.001399562171,2.55165054358812,8.50550181196041
um,Steel 1 1200 degree cropped.png,1,16,1,34.001473704433,34.001473704433,9.85099370968323,4.71595122179999,0.877963008733316,63.7745074698566,36.8952161473635,0.694616053764744,1,6.57966723320845,0.92156862745098,0.61038961038961,22.1296146143586,3.00407085273495,406.50869617461,3.53191489361702,477.936170212766,0.42527509059802,401.884960615129,5.95385126837228,9.35605199315645
um,Steel 1 1200 degree cropped.png,1,17,1,1046.08789311936,1046.08789311936,88.3907380977083,26.6974132382396,0.95329570160646,-48.3107014759675,2155.11468437247,0.166112822053927,1,36.4954856494371,0.48539778449144,0.244918699186992,278.639388809642,31.3862428204976,432.741227147067,36.9011065006916,508.778008298755,0.42527509059802,397.632209709149,61.2396130461149,69.7451148580753
um,Steel 1 1200 degree cropped.png,1,18,1,897.060157308446,897.060157308446,79.301819625029,22.191785413662,0.960046783751979,-72.7334538237142,1391.16667943882,0.169133435711718,1,33.7960421690389,0.644825793031721,0.379553106825834,255.495067829116,12.7555090076787,478.269854307057,14.9967741935484,562.306451612903,0.42527509059802,435.906967862971,28.0681559794693,84.204467938408
um,Steel 1 1200 degree cropped.png,1,19,1,21.7030683219785,21.7030683219785,10.2066021743525,2.91126262786531,0.958458123920207,90,21.7030683219785,0.555899183433325,1,5.25672948035488,1,0.833333333333333,19.4775991493893,1.58769367156594,494.594930365498,1.86666666666667,581.5,0.42527509059802,489.491629278321,2.55165054358812,10.2066021743525
um,Steel 1 1200 degree cropped.png,1,20,1,549.811064156789,549.811064156789,64.482471256258,20.7115874465647,0.947012342235151,-76.6940226963942,900.677335362109,0.28963823836503,1,26.4582914984574,0.610441767068273,0.389144905273938,151.776427083527,8.18878378396241,530.100923850531,9.62763157894737,623.244736842105,0.42527509059802,499.698231452674,26.3670556170773,53.5846614153506
um,Steel 1 1200 degree cropped.png,1,21,1,188.816694401213,188.816694401213,28.9433798442117,17.1767879141406,0.804862217897452,-65.9464923493189,299.502342843304,0.296852612083331,1,15.5051243793076,0.630434782608696,0.416267942583732,86.7314525267414,6.47526134113614,569.409128774724,7.61302681992337,669.459770114943,0.42527509059802,552.432342686828,16.1604534427248,28.0681559794693
um,Steel 1 1200 degree cropped.png,1,22,1,15.192147825385,15.192147825385,7.4149245724875,2.87424316594524,0.921815277663797,-90,15.192147825385,0.649201458442853,1,4.39809542651617,1,0.777777777777778,14.4763640839566,1.53909080406903,604.741178830385,1.80952380952381,711,0.42527509059802,600.913703015003,2.55165054358812,7.65495163076437
um,Steel 1 1200 degree cropped.png,1,23,1,1979.31983096444,2118.2194682251,179.856696708141,48.041734521756,0.963665718711923,74.1943281533507,5549.47456992991,0.136603774243359,-2,50.201078479077,0.356667970277669,0.196551724137931,424.036689534199,43.9693408362594,546.036118279625,51.6951754385965,641.979897660819,0.42527509059802,474.181726016793,68.0440144956833,147.995731528111
um,Steel 1 1200 degree cropped.png,1,24,1,1001.95832086468,1001.95832086468,79.4087063051719,27.7193044260965,0.937096148537293,38.5923504051148,1942.42461481708,0.172534182567096,1,35.7174041092203,0.515828677839851,0.276723276723277,267.469963830175,35.4105227421985,621.720862555937,41.6324909747292,730.963176895307,0.42527509059802,592.408201203042,65.4923639520951,55.2857617777426
um,Steel 1 1200 degree cropped.png,1,25,1,148.304300200187,148.304300200187,24.475950731478,8.24218964009539,0.941595361652648,-35.1875500074971,167.837061689967,0.570415960078476,1,13.741430044546,0.883620689655172,0.443722943722944,54.4870951575996,8.949447516292,681.917197954422,10.5219512195122,801.736585365854,0.42527509059802,672.35991823547,18.7121039863129,17.8615538051169
um,Steel 1 1200 degree cropped.png,1,26,1,80.3013527913205,80.3013527913205,13.6602929763547,7.81249520474333,0.820314482190758,-48.119538988043,83.9185308449836,0.783501498167783,1,10.1115210462936,0.956896551724138,0.616666666666667,33.2156856760678,5.01134971623613,695.290291363661,5.89189189189189,817.459459459459,0.42527509059802,688.520371678195,10.2066021743525,12.7582527179406
um,Steel 1 1200 degree cropped.png,1,27,1,866.675861657676,866.675861657676,40.8765683622738,31.5526059551877,0.635744475576153,-69.0546078184005,977.361510099766,0.556491430827519,1,33.218759452002,0.886750555144338,0.579583938074504,137.223513483263,12.7745821454594,739.196265069873,15.0191986644407,869.080133555927,0.42527509059802,712.335776751684,33.1714570666456,45.0791596033902
um,Steel 1 1200 degree cropped.png,1,28,1,1544.53502891414,1590.11147239029,85.3935667849964,25.4005963952311,0.954736375741369,28.8999363075528,1731.90485209389,0.505015959190987,0,44.3459476958397,0.891812865497076,0.418299373040752,193.370882594557,36.9090972539904,763.311619496514,43.3943793911007,897.432786885246,0.42527509059802,740.403932731153,74.8484159452516,49.3319105093704
um,Steel 1 1200 degree cropped.png,1,29,1,1784.71565167737,1784.71565167737,64.3190796102955,40.4640427235313,0.77731293157363,-0.167064811802825,2061.06805497723,0.520878094655815,1,47.669387911147,0.865917865917866,0.600535540408958,204.82949463563,63.2396299091543,803.616498112856,74.3514389947304,944.819618970409,31.0450816136555,775.276490160191,67.1934643144872,44.2286094221941
um,Steel 1 1200 degree cropped.png,1,30,1,127.324667488941,127.324667488941,23.0514971798578,8.2248849999699,0.934178960250364,-77.6988599832157,148.304300200187,0.539799409310669,1,12.7324310980729,0.858536585365854,0.586666666666667,51.7712884290406,120.348017967756,811.192904629788,141.494318181818,953.727272727273,116.10009973326,798.241345052484,10.2066021743525,21.263754529901
um,Steel 1 1200 degree cropped.png,1,31,1,1117.70801858189,1117.70801858189,102.497571491715,18.1892774535752,0.984127911462416,86.7271985914188,1668.96595396015,0.230186867208438,1,37.7241308544816,0.669700910273082,0.484022556390977,244.346056053999,137.779770549176,774.757076505849,161.988996763754,910.889320388349,123.755051364024,722.542378926037,23.8154050734891,96.9627206563486
um,Steel 1 1200 degree cropped.png,1,32,1,10.1280985502566,10.1280985502566,5.12541011489456,2.76905535510962,0.841497986449233,-6.04737853850605,10.1280985502566,0.809230684347605,1,3.59102987834432,1,0.777777777777778,9.86893375241766,137.606868600645,1.51883960927864,161.785714285714,1.78571428571429,134.812203719572,0.42527509059802,5.10330108717624,2.55165054358812
um,Steel 1 1200 degree cropped.png,1,33,1,96.9403718381707,96.9403718381707,18.7453069797422,6.89925174130506,0.929805123432606,-36.51160030416,104.174727945497,0.619934731417989,1,11.1098296524155,0.930555555555556,0.503759398496241,41.6565456742573,162.372568546089,5.74438741777923,190.902985074627,6.75373134328358,153.524307705885,0.42527509059802,16.1604534427248,11.9077025367446
um,Steel 1 1200 degree cropped.png,1,34,1,355.930320480448,355.930320480448,35.4402843881934,13.7045162213681,0.922208428505487,-13.2565545351436,396.442714681474,0.625882985452418,1,21.2881318862404,0.897810218978102,0.647368421052632,81.8637538397565,172.229496650075,812.98075733882,202.491869918699,955.829268292683,156.075958249473,803.34464613966,34.0220072478416,16.1604534427248
um,Steel 1 1200 degree cropped.png,1,35,1,438.401980103966,438.401980103966,60.7422780067473,10.924832152242,0.983693043001413,-58.9379619952087,565.003211982174,0.317549820794676,1,23.6260605594451,0.775928297055058,0.267195767195767,129.04292184052,199.868064195839,22.0918479406364,234.986798679868,25.973597359736,180.741913504159,0.42527509059802,35.7231076102337,45.9297097845862
um,Steel 1 1200 degree cropped.png,1,36,1,269.118047192534,269.118047192534,23.6589487880797,14.6564473445681,0.785005709800463,85.4740290114572,281.416452574988,0.848350356831741,1,18.5108546503785,0.956298200514139,0.810457516339869,60.4656123812265,197.832942010719,807.926642277071,232.594086021505,949.887096774194,190.948515678511,796.540244690092,14.4593530803327,22.9648548922931
um,Steel 1 1200 degree cropped.png,1,37,1,312.524183836491,312.524183836491,39.1139944661785,10.7109763529729,0.961775261109789,-58.3639328478098,355.206884869715,0.497580644233124,1,19.9478858415297,0.879837067209776,0.421052631578947,86.1692388569709,217.386450477355,16.6703897782104,255.583333333333,19.599537037037,207.108969121236,0.42527509059802,22.9648548922931,32.3209068854495
um,Steel 1 1200 degree cropped.png,1,38,1,1051.15194239449,1051.15194239449,76.6897453273094,25.4738156441541,0.943220531703736,80.9903798728081,1552.4928206322,0.204554247941256,1,36.5837152375459,0.677073625349487,0.50609543712992,251.444747866261,230.037238062858,785.904855173877,270.456985547144,923.995870612526,213.913370570804,745.50723381833,28.0681559794693,73.9978657640555
um,Steel 1 1200 degree cropped.png,1,39,1,629.388981337377,632.282723780308,70.2935568973629,13.5067515859567,0.981366000493426,-57.5650380218118,820.375982570788,0.327930517395437,0,28.3083545982335,0.767195767195767,0.27077497665733,152.628678365086,240.666595523022,28.7965006748614,282.954022988506,33.8563218390805,217.315571295588,0.42527509059802,43.3780592409981,53.5846614153506
um,Steel 1 1200 degree cropped.png,1,40,1,7.95779171805879,7.95779171805879,4.2812712435104,2.67066683440152,0.781582173964939,-9.99155326094999,7.95779171805879,0.845724202624386,1,3.18310777451823,1,0.733333333333333,8.20185539727342,237.535468784931,1.4691321311568,279.272727272727,1.72727272727273,235.177125100705,0.42527509059802,4.2527509059802,2.55165054358812
um,Steel 1 1200 degree cropped.png,1,41,1,3086.17631538535,3086.17631538535,104.505456023212,41.613905812758,0.91729931371247,-22.3051884512341,3612.83743999869,0.429736876782866,1,62.6852592462828,0.854225070084101,0.490119485294118,297.737642578218,296.659182830443,794.107623320947,348.785044538209,933.63994374121,248.785927999842,761.667687261054,108.870423193093,57.8374123213308
um,Steel 1 1200 degree cropped.png,1,42,1,193.157308065609,193.157308065609,20.0035880893795,13.6318000963552,0.731848147184005,-88.4113923758391,209.796327112459,0.734970561651296,1,15.6823315544509,0.920689655172414,0.713903743315508,54.7958448733737,262.820005989577,811.80714260538,309,954.449438202247,255.59032944941,800.792995596072,14.4593530803327,18.7121039863129
um,Steel 1 1200 degree cropped.png,1,43,1,171.45423974363,171.45423974363,24.3923170861708,10.3581372358453,0.905358754347254,73.0967027461354,200.391664172935,0.600444018362096,1,14.7750572978278,0.855595667870036,0.607692307692308,57.2301194919568,268.353965396346,9.61803580424215,315.506329113924,11.3080168776371,262.394730898979,0.42527509059802,12.7582527179406,22.1143047110971
um,Steel 1 1200 degree cropped.png,1,44,1,208.349455890994,208.349455890994,38.90169421243,8.48361570686399,0.975931273690291,71.9034707064898,286.480501850117,0.364849193126236,1,16.2873805863456,0.727272727272727,0.360902255639098,82.0398177272641,280.406902965349,14.004544997332,329.677083333333,16.4652777777778,272.601333073331,0.42527509059802,17.8615538051169,32.3209068854495
um,Steel 1 1200 degree cropped.png,1,45,1,3009.49214064769,3009.49214064769,221.679108528814,18.5765027593246,0.996482672277726,-40.3305410547457,3642.49830003873,0.187586051004185,1,61.9015702792935,0.826216484607746,0.133487357207034,446.333011984072,392.744204136588,749.236364769011,461.753125,880.884375,306.623340321173,684.267620772215,166.707835514424,135.23747881017
um,Steel 1 1200 degree cropped.png,1,46,1,2745.43814273028,2788.12084376351,119.34569592479,35.6783365333121,0.954268931904688,-44.0329291966211,3571.60161018693,0.350053571063343,-1,59.1236028244935,0.768685436499899,0.352564102564103,311.265643210141,377.292405936028,784.344206762541,443.586297760211,922.161001317523,321.082693401505,741.254482912349,99.5143711999368,78.2506166700357
um,Steel 1 1200 degree cropped.png,1,47,1,74.5138679054596,74.5138679054596,12.6607181018765,7.99539217555399,0.775366311182748,-60.2663859577608,81.0247884020532,0.761576041868235,1,9.74032870330378,0.919642857142857,0.668831168831169,32.39235310067,327.825161585453,5.25194092466681,385.427184466019,6.1747572815534,322.783793763897,0.42527509059802,9.35605199315645,11.9077025367446
um,Steel 1 1200 degree cropped.png,1,48,1,146.133993367989,146.133993367989,33.8205495246401,6.6723591633631,0.980345749309438,84.4121617118967,180.858902683154,0.406529120419316,1,13.640512423886,0.808,0.68013468013468,64.5380466487932,342.38855437602,13.5793283879071,402.549504950495,15.9653465346535,338.944247206622,0.42527509059802,7.65495163076437,28.0681559794693
um,Steel 1 1200 degree cropped.png,1,49,1,619.984318397853,619.984318397853,104.46985401603,9.40697777181866,0.995937706694152,86.6194056862673,876.803960207932,0.193639558716211,1,28.0960593553584,0.707095709570957,0.500584112149533,197.912820562144,351.013226761388,46.0984303572855,412.689614935823,54.1983663943991,344.047548293798,0.42527509059802,13.6088028991367,91.0088693879763
um,Steel 1 1200 degree cropped.png,1,50,1,59.3217200800746,59.3217200800746,17.9135425238152,5.05346915663392,0.959384040780697,76.6545267237047,75.9607391269248,0.506144038022345,1,8.6908434497269,0.780952380952381,0.535947712418301,35.7052460564286,361.421591629205,7.66532419394968,424.926829268293,9.01219512195122,357.656351192935,0.42527509059802,7.65495163076437,14.4593530803327
um,Steel 1 1200 degree cropped.png,1,51,1,4431.04311573728,4431.04311573728,165.848375297045,77.5230491639097,0.884028355727714,-84.0773496162719,10156.3125390752,0.0698603221424881,1,75.1117788325055,0.43628463565781,0.370135363790186,890.104166822381,405.967532052202,67.0282145649977,477.299918367347,78.8057142857143,369.56405372968,0.42527509059802,71.4462152204674,167.55838569562
um,Steel 1 1200 degree cropped.png,1,52,1,35.4483449258983,35.4483449258983,9.92280127734847,4.85341941158237,0.872217696787983,82.6554334588578,37.6186517580961,0.716438570628742,1,6.71820173521648,0.942307692307692,0.742424242424242,22.2631509928064,406.510912110818,4.4784070765016,477.938775510204,5.26530612244898,404.436611158717,0.42527509059802,5.10330108717624,9.35605199315645
um,Steel 1 1200 degree cropped.png,1,53,1,26178.2410099705,28840.4840574665,448.465434553341,255.592699275491,0.821695113751238,-12.8309742263125,84581.9213000254,0.0615527122389784,-6,182.56826576791,0.309501612254847,0.19248691433678,2309.13487152406,630.260716405032,702.642640246602,741.003564914608,826.103686508594,427.40146605101,502.249881996262,428.677291322804,317.255217586123
um,Steel 1 1200 degree cropped.png,1,54,1,284.310195017919,284.310195017919,43.900870051524,9.52759888829428,0.976165982372148,21.9885724865034,331.333509715539,0.380925702753773,1,19.0261657531984,0.858078602620087,0.381924198250729,94.1737666122068,470.999196649239,7.46233339634592,553.758269720102,8.7735368956743,452.917971486892,0.42527509059802,41.676958878606,17.8615538051169
um,Steel 1 1200 degree cropped.png,1,55,1,379.080260023892,379.080260023892,67.7858480930058,9.05363484265197,0.991040416847964,24.1574703263883,565.726647592907,0.264515119014558,1,21.9695238385111,0.670076726342711,0.248106060606061,131.525677819431,505.717010215794,13.8636433160217,594.576335877863,16.2996183206107,477.583926741577,0.42527509059802,54.4352115965466,28.0681559794693
um,Steel 1 1200 degree cropped.png,1,56,1,968.680282770975,968.680282770975,81.267160383391,29.9403098379631,0.929660125691579,77.5578893814749,1695.73307155726,0.199209834487905,1,35.1192545796354,0.571245733788396,0.379750425411231,244.522970491687,567.673960552929,789.003125067253,667.419716206124,927.63853622106,545.62794123726,749.75998472431,36.5736577914297,69.7451148580753
um,Steel 1 1200 degree cropped.png,1,57,1,9.40466293952403,9.40466293952403,5.27614895094845,2.56049252940972,0.874350078327476,8.22598834182689,9.40466293952403,0.77032822930553,1,3.46040297646202,1,0.722222222222222,9.71413361943998,548.474012997416,818.490982058651,644.846153846154,962.307692307692,545.62794123726,816.953449038797,5.10330108717624,2.55165054358812
um,Steel 1 1200 degree cropped.png,1,58,1,1991.6182363469,2067.57897547382,125.824047214239,23.2832093399606,0.982729900931672,-46.4563851558398,2390.9546934713,0.256495198282385,-2,50.3567979177843,0.832980332829047,0.214041362152076,309.697228676015,601.621053047639,43.416987436723,707.331638212859,51.0457682528151,561.788394679985,0.42527509059802,92.7099697503684,100.364921381133
um,Steel 1 1200 degree cropped.png,1,59,1,31.8311668722352,31.8311668722352,7.44407027779791,5.62983466778258,0.654242933521749,81.8309032646317,31.8311668722352,0.924649615800311,1,6.36621554903647,1,0.916666666666667,18.12692546165,596.738274852768,816.354197774773,701.590909090909,959.795454545455,594.109301565434,812.700698132817,5.10330108717624,6.80440144956833
um,Steel 1 1200 degree cropped.png,1,60,1,156.985527528978,156.985527528978,27.3208409702422,8.04904241034702,0.955617016057543,-58.9132120768168,180.858902683154,0.532130740461964,1,14.1378987689474,0.868,0.434,58.2150566017818,608.621569057961,809.935430147408,715.562211981567,952.248847926267,600.913703015003,798.241345052484,17.0110036239208,21.263754529901
um,Steel 1 1200 degree cropped.png,1,61,1,41.2358298117592,41.2358298117592,9.08484278524166,6.32880625786897,0.717427139514486,-43.0379861135669,42.6827010332244,0.801438838628595,1,7.24590154337615,0.966101694915254,0.703703703703704,22.7556195477189,634.659654502281,816.498330082192,746.175438596491,959.964912280702,631.53350953806,811.850147951621,7.65495163076437,7.65495163076437
um,Steel 1 1200 degree cropped.png,1,62,1,39.788958590294,39.788958590294,10.3395554071268,5.6994432033213,0.834355246717834,-28.7400026798898,44.1295722546897,0.642170426131227,1,7.11764536353084,0.901639344262295,0.572916666666667,25.2315711251805,651.057502333697,816.899323118175,765.454545454545,960.436363636364,646.843412799589,812.700698132817,10.2066021743525,6.80440144956833
um,Steel 1 1200 degree cropped.png,1,63,1,109.962212831358,109.962212831358,16.2548081498164,9.17264058637027,0.825567608022087,74.3048521103318,122.260618213812,0.749824166372089,1,11.8325076718111,0.899408284023669,0.687782805429864,40.2565400760086,699.398460837702,7.0338261694962,822.289473684211,8.26973684210526,694.474222946567,0.42527509059802,11.0571523555485,14.4593530803327
um,Steel 1 1200 degree cropped.png,1,64,1,2043.70560031964,2043.70560031964,121.96322188299,44.6753659363111,0.930496040740056,42.2396847680273,3644.66860687093,0.227899501427833,1,51.0110457462272,0.560738388249305,0.245225694444444,333.021015744773,777.472716105938,775.693033939194,914.082123893805,911.989734513274,714.887427295272,737.852282187565,102.066021743525,81.6528173948199
um,Steel 1 1200 degree cropped.png,1,65,1,363.888112198507,363.888112198507,62.9829914296548,7.89601195336416,0.992110388357162,-64.399276092418,443.466029379095,0.264282894900761,1,21.5247934789202,0.820554649265905,0.2281179138322,128.866857953012,731.725108069148,25.0886939133313,860.296222664016,29.4970178926441,717.43907783886,0.42527509059802,29.7692563418614,53.5846614153506
um,Steel 1 1200 degree cropped.png,1,66,1,22.4265039327111,22.4265039327111,10.271937250659,2.89553525160207,0.959447334757687,0,22.4265039327111,0.622913559666279,1,5.34362345766302,1,0.939393939393939,18.5981302620326,735.725906734575,1.64622615715363,865,1.93548387096774,731.047880737997,0.42527509059802,9.35605199315645,2.55165054358812
um,Steel 1 1200 degree cropped.png,1,67,1,26.7671175971069,26.7671175971069,7.71750234071828,4.85680696629896,0.777143298858513,18.4968988452366,28.9374244293047,0.805630087900639,1,5.83788939799418,0.925,0.685185185185185,17.7611888837357,739.380973729445,817.424699814865,869.297297297297,961.054054054054,735.300631643977,814.401798495209,7.65495163076437,5.10330108717624
um,Steel 1 1200 degree cropped.png,1,68,1,275.628967689127,275.628967689127,31.4681467287596,16.0481475767775,0.860185842143095,53.8582362372014,387.03805174195,0.333042320932261,1,18.7334380543542,0.71214953271028,0.512096774193548,99.3085380560873,753.562903972781,14.5486496872824,885.971128608924,17.1049868766404,742.955583274741,0.42527509059802,20.413204348705,26.3670556170773
um,Steel 1 1200 degree cropped.png,1,69,1,84.6419664557163,84.6419664557163,15.9138753587109,7.31792797374952,0.887998809018894,24.3063690943148,91.8763225630424,0.674863661258275,1,10.3812089293861,0.921259842519685,0.590909090909091,37.0278515881884,753.340292110968,815.772129342691,885.709401709402,959.111111111111,744.656683637134,810.149047589229,15.3099032615287,9.35605199315645
um,Steel 1 1200 degree cropped.png,1,70,1,509.298669955763,509.298669955763,63.9044444131545,11.5540261843067,0.983519587626967,65.3537417750338,690.88100824965,0.305189470922112,1,25.4648621961459,0.73717277486911,0.272551296941541,142.140544080758,764.776303193181,26.4008843174657,899.154829545455,31.0397727272727,747.208334180722,0.42527509059802,34.8725574290377,53.5846614153506
um,Steel 1 1200 degree cropped.png,1,71,1,185.922951958283,185.922951958283,26.4790425236127,9.40118684611167,0.93485014087477,8.768238461075,193.157308065609,0.625596581354444,1,15.3858524205577,0.962546816479401,0.778787878787879,58.4396018496175,773.543949226899,815.346670389106,909.463035019455,958.610894941634,759.116036717466,810.149047589229,25.5165054358812,9.35605199315645
um,Steel 1 1200 degree cropped.png,1,72,1,235.840009098833,235.840009098833,31.346409504941,10.1033802801847,0.946632883461695,57.9649087810822,269.841482803266,0.581286554737542,1,17.3286129224279,0.873994638069705,0.472463768115942,68.7312590420896,783.393243576451,12.5338744492815,921.042944785276,14.7361963190184,774.425939978995,0.42527509059802,19.5626541675089,25.5165054358812
um,Steel 1 1200 degree cropped.png,1,73,1,22.4265039327111,22.4265039327111,10.271937250659,2.89553525160207,0.959447334757687,0,22.4265039327111,0.622913559666279,1,5.34362345766302,1,0.939393939393939,18.5981302620326,789.310568149926,818.28414851583,928,962.064516129032,784.632542153347,816.953449038797,9.35605199315645,2.55165054358812
um,Steel 1 1200 degree cropped.png,1,74,1,66.5560761874008,66.5560761874008,12.047577632699,7.60103198655909,0.775849627620685,43.4400826412878,72.3435610732618,0.756848117261999,1,9.20553247477869,0.92,0.643356643356643,30.5704746125481,801.883918654563,815.520456885695,942.782608695652,958.815217391304,795.689694508896,810.149047589229,11.0571523555485,9.35605199315645
um,Steel 1 1200 degree cropped.png,1,75,1,205.455713448063,205.455713448063,33.4632469874248,8.62373182851246,0.966222961854012,-77.0641573203094,240.180622763229,0.498515573293393,1,16.1738782935278,0.855421686746988,0.563492063492063,69.2934727118602,808.367085061723,15.3668062666087,950.404929577465,18.0669014084507,802.494095958464,0.42527509059802,11.9077025367446,30.6198065230575
um,Steel 1 1200 degree cropped.png,1,76,1,1215.3718260308,1215.3718260308,81.4971825028588,39.6976789806704,0.873343455876525,61.3103940676474,2439.42487939039,0.229959976943673,1,39.3377613808843,0.498220640569395,0.308200330214639,255.039172931995,850.27881518585,795.947390962604,999.680952380952,935.802976190476,811.850147951621,752.311635267898,58.6879625025268,67.1934643144872
um,Steel 1 1200 degree cropped.png,1,77,1,538.9595299958,538.9595299958,54.6985889338196,18.7684115749219,0.939290028802946,-80.0070862685045,813.865062074195,0.246494179404707,1,26.1958887347334,0.662222222222222,0.458743842364532,163.087893943254,827.596743084703,24.4524614508145,973.013422818792,28.7489932885906,812.700698132817,0.42527509059802,23.8154050734891,49.3319105093704
um,Steel 1 1200 degree cropped.png,1,78,1,117.196568938684,117.196568938684,25.8418478902218,7.25517468643339,0.959780072986388,-84.1784488437876,161.326141193374,0.455690825396254,1,12.2155354397592,0.726457399103139,0.545454545454545,54.1774948916442,841.446144071387,11.4509255875837,989.296296296296,13.462962962963,835.66555302511,0.42527509059802,9.35605199315645,22.9648548922931
um,Steel 1 1200 degree cropped.png,1,79,1,1122.04863224629,1126.38924591069,80.2285028062846,27.5001674131738,0.939418248900816,-7.19989430755113,1469.29772539795,0.282706705141052,0,37.7973106145395,0.763663220088626,0.489583333333333,220.655681857145,910.782405020455,10.1802795381839,1070.81560283688,11.9690522243714,862.883158823383,0.42527509059802,81.6528173948199,28.0681559794693
um,Steel 1 1200 degree cropped.png,1,80,1,107.79190599916,107.79190599916,17.1251664260095,9.17478816223293,0.844377387938933,-39.3782353577139,116.473133327951,0.673217706010467,1,11.7151575883769,0.925465838509317,0.591269841269841,42.1838867865988,873.349492764477,814.650113480994,1026.80536912752,957.791946308725,867.135909729363,807.597397045641,15.3099032615287,11.9077025367446
um,Steel 1 1200 degree cropped.png,1,81,1,667.007633095473,669.901375538404,52.9124084720288,17.2511450474139,0.94535868989024,18.8317340843524,745.138679054596,0.424862975759157,0,29.1420743101338,0.895145631067961,0.484243697478992,137.785727153034,932.604288535351,809.557721487117,1096.47180043384,951.804772234273,905.410667883185,795.689694508896,57.8374123213308,23.8154050734891
um,Steel 1 1200 degree cropped.png,1,82,1,210.519762723192,210.519762723192,36.2639174371006,7.70256326921841,0.977182165295652,-54.253958574783,243.074365206159,0.417161688046347,1,16.371990924974,0.866071428571429,0.314935064935065,76.9620331455237,958.765885349313,14.172913500411,1127.23024054983,16.6632302405498,946.237076580595,0.42527509059802,23.8154050734891,28.0681559794693
um,Steel 1 1200 degree cropped.png,1,83,1,213.413505166122,213.413505166122,24.7405335719952,11.8034431226784,0.878854838767667,-8.86187284063212,224.265039327111,0.701364903931712,1,16.4841291598328,0.951612903225806,0.752551020408163,59.1642706039966,968.511400054595,814.642547444802,1138.68813559322,957.783050847458,958.14477911734,807.597397045641,23.8154050734891,11.9077025367446
um,Steel 1 1200 degree cropped.png,1,84,1,278.522710132058,278.522710132058,25.8904559027784,14.8069398693869,0.820318278644047,70.7054111604671,313.971055057956,0.675405377640969,1,18.8315195522545,0.887096774193548,0.603448275862069,69.3147364663901,984.596889752537,10.703676955571,1157.6,12.5844155844156,976.856883103653,0.42527509059802,18.7121039863129,24.6659552546852
um,Steel 1 1200 degree cropped.png,1,85,1,7397.85255535175,7490.45231352552,284.980660404304,104.58302098259,0.930227699151731,86.0512412791,24458.6345632591,0.0456809116613964,0,97.052761009638,0.302463840989086,0.166271015576729,1423.88904733667,1112.17138220209,676.227817225902,1307.5905534911,795.047525914336,998.120637633554,545.62794123726,162.455084608444,273.877158345125
um,Steel 1 1200 degree cropped.png,1,86,1,111.409084052823,111.409084052823,16.8082242921607,8.69551623185981,0.855781768040937,88.113092001711,117.196568938684,0.774596709497274,1,11.9100987174237,0.950617283950617,0.810526315789474,39.8414715875849,1010.33763114528,7.67152079013831,1187.86363636364,9.01948051948052,1005.77558926432,0.42527509059802,8.50550181196041,16.1604534427248
um,Steel 1 1200 degree cropped.png,1,87,1,2461.12794771236,2461.12794771236,205.294342839363,45.5368455272822,0.97508934338333,76.6249431211051,6767.74013840364,0.0921074349544443,1,55.9786158071122,0.363655799037948,0.174425758818704,576.789548225739,1037.21919439027,58.0699260392944,1219.46854791299,68.2733686067019,1014.28109107628,0.42527509059802,78.2506166700357,180.316638413561
um,Steel 1 1200 degree cropped.png,1,88,1,624.324932062249,624.324932062249,36.5455972466002,21.9241066766743,0.800066724068911,-44.5303066304739,645.304564773495,0.849882811539801,1,28.194240409448,0.967488789237668,0.684920634920635,93.4074208989492,1036.4343259521,805.464122576117,1218.54577056779,946.991888760139,1021.08549252585,789.735843240524,30.6198065230575,29.7692563418614
um,Steel 1 1200 degree cropped.png,1,89,1,2171.75370341932,2171.75370341932,178.58962620131,36.0470501809073,0.979417908214297,26.9687208296399,4614.79576086337,0.115349148060603,1,52.5848143157178,0.470606678162721,0.193677419354839,483.738507852711,1098.13876573628,31.8967651062189,1291.09227181879,37.5013324450366,1037.24594596857,0.42527509059802,131.835278085386,85.0550181196041
um,Steel 1 1200 degree cropped.png,1,90,1,282.139888185721,282.139888185721,27.5850495933937,13.9752581961426,0.862166894614731,-23.1218136905593,292.99142234671,0.704116685385893,1,18.9534076826627,0.962962962962963,0.641447368421053,68.2881223976865,1071.24396333951,812.827190211046,1259.47179487179,955.648717948718,1060.21080086086,803.34464613966,27.2176057982733,16.1604534427248
um,Steel 1 1200 degree cropped.png,1,91,1,1341.97305790901,1341.97305790901,120.450117972406,21.1654051348312,0.984440319680983,40.4341743402158,2032.13063054792,0.154212666943932,1,41.3358581052688,0.660377358490566,0.169005102040816,328.014677378253,1141.8615549264,391.77350084649,1342.49757412399,460.611859838275,1092.53170774631,345.748648656191,95.2616202939566,83.353917757212
um,Steel 1 1200 degree cropped.png,1,92,1,679.306038477928,679.306038477928,104.359472148321,9.02293695981812,0.996255308761308,31.827003339276,865.952426046943,0.191985209096028,1,29.4095105564082,0.784461152882206,0.150480769230769,208.19257005208,1151.29530490287,346.072473671928,1353.58892438765,406.880724174654,1106.14051064545,318.531042857917,81.6528173948199,55.2857617777426
um,Steel 1 1200 degree cropped.png,1,93,1,1005.57549891834,1005.57549891834,67.3805685837961,24.3045841389943,0.932679520358136,35.9049209668675,1381.7620164993,0.375992003425871,1,35.7818178749993,0.727748691099476,0.352612886859462,180.653456285314,1164.54516038978,113.955978988719,1369.16690647482,133.979136690647,1125.70316481296,89.7330441161823,62.090163227311,45.9297097845862
um,Steel 1 1200 degree cropped.png,1,94,1,1799.18436389202,1799.18436389202,112.825528497484,24.7442296155087,0.975654305622231,59.3551778848741,2602.19789180523,0.25632908744856,1,47.8622260282208,0.691409507923269,0.299783027965284,294.319281399991,1160.06050155524,242.959129161029,1363.89425010052,285.649376759148,1129.95591571894,184.144114228943,57.8374123213308,103.767122105917
um,Steel 1 1200 degree cropped.png,1,95,1,98.387243059636,98.387243059636,15.2108584028195,8.92615404320611,0.809711784524365,-72.0042478447029,102.004421113299,0.780305425257153,1,11.1924317536896,0.964539007092199,0.772727272727273,37.1333198106567,1133.85844007972,813.713853495712,1333.08823529412,956.691176470588,1129.95591571894,805.896296683248,9.35605199315645,13.6088028991367
um,Steel 1 1200 degree cropped.png,1,96,1,543.300143660196,543.300143660196,59.7828932699505,13.5017026414656,0.974163112981569,37.3314250738072,706.073156075035,0.349625629336561,1,26.3011639964557,0.769467213114754,0.294740973312402,137.068713350286,1167.26743428673,413.106899989804,1372.36750998668,485.693741677763,1143.56471861808,388.276157715993,44.2286094221941,41.676958878606
um,Steel 1 1200 degree cropped.png,1,97,1,83.195095234251,83.195095234251,12.3458629570829,9.33001018431982,0.654895364904153,-69.8181700843627,86.0888376771815,0.81366304808043,1,10.2920981913435,0.966386554621849,0.746753246753247,33.173158167008,1152.95405300963,814.76790487755,1355.53913043478,957.930434782609,1148.66801970525,807.597397045641,9.35605199315645,11.9077025367446
um,Steel 1 1200 degree cropped.png,1,98,1,406.570813231731,406.570813231731,45.9643926095739,11.9247952185112,0.965760436594997,37.215223749434,467.339404533271,0.468238858860393,1,22.7521875243189,0.869969040247678,0.373421926910299,101.78534018373,1171.43764154884,304.245734743488,1377.27046263345,357.70462633452,1151.21967024884,288.761786516056,36.5736577914297,29.7692563418614
um,Steel 1 1200 degree cropped.png,1,99,1,1048.25819995156,1048.25819995156,114.61529865436,15.9238643634683,0.990301762148374,73.0410879272077,1588.66460116883,0.166977053412927,1,36.5333244212901,0.659836065573771,0.315137016093954,278.201355466326,1171.74645738572,669.1575879984,1377.63354037267,786.734989648033,1155.47242115482,619.625807001316,32.3209068854495,102.916571924721
um,Steel 1 1200 degree cropped.png,1,100,1,448.530078654223,448.530078654223,40.7097390911244,15.4681590922097,0.925002043968039,89.4597465534596,509.298669955763,0.583956488387684,1,23.897410594994,0.880681818181818,0.704545454545455,95.5729216602743,1171.38182510858,803.188254654731,1377.20483870968,944.316129032258,1162.27682260439,782.080891609759,17.0110036239208,37.4242079726258
um,Steel 1 1200 degree cropped.png,1,101,1,127.324667488941,127.324667488941,28.0626675452715,6.09827535081542,0.976102821981701,39.7251592915131,144.687122146524,0.402975331848115,1,12.7324310980729,0.88,0.296296296296296,60.3397309544095,1175.9242868754,344.313345225422,1382.54545454545,404.8125,1164.82847314798,334.691496300642,22.9648548922931,18.7121039863129
um,Steel 1 1200 degree cropped.png,1,102,1,282.139888185721,282.139888185721,25.4355808729365,14.7188773961267,0.815559841195689,35.0797040667155,300.225778454036,0.769807211577051,1,18.9534076826627,0.939759036144578,0.65,65.1929702883141,1178.46562771982,255.472560962783,1385.53333333333,300.361538461538,1166.52957351037,244.533177093862,21.263754529901,20.413204348705
um,Steel 1 1200 degree cropped.png,1,103,1,444.189464989827,444.189464989827,38.2004165868093,16.8548450300465,0.89739823362692,74.462998528101,491.93621529818,0.615352173360618,1,23.781496844812,0.902941176470588,0.623983739837398,92.5696289704711,1180.42651067284,20.2345056950009,1387.83876221498,23.7899022801303,1167.38012369157,0.42527509059802,20.413204348705,34.8725574290377
um,Steel 1 1200 degree cropped.png,1,104,1,667.731068706206,667.731068706206,90.1892325289883,12.0134583179079,0.991088802291336,-78.4949109174549,902.847642194307,0.263191896790452,1,29.1578737552143,0.739583333333333,0.400607638888889,175.881869768804,1179.38228060921,750.152085593323,1386.61105092091,881.960996749729,1167.38012369157,708.083025845704,20.413204348705,81.6528173948199
um,Steel 1 1200 degree cropped.png,1,105,1,112.855955274288,112.855955274288,16.831494564118,8.76567859038573,0.853684657926209,49.6148291227712,119.366875770882,0.794608608551964,1,11.9871875397896,0.945454545454545,0.65546218487395,39.5743988306894,1181.64319596085,382.75303378297,1389.26923076923,450.00641025641,1175.88562550353,375.517904998052,11.9077025367446,14.4593530803327
um,Steel 1 1200 degree cropped.png,1,106,1,75.9607391269248,75.9607391269248,14.80758859268,7.86898945511132,0.847110995168228,61.5447415233991,84.6419664557163,0.616082504940095,1,9.83444034522109,0.897435897435897,0.561497326203209,36.6901831662536,1184.24126847404,56.2092162601841,1392.32380952381,66.0857142857143,1178.43727604711,47.2055350563803,9.35605199315645,14.4593530803327
um,Steel 1 1200 degree cropped.png,1,107,1,118.643440160149,118.643440160149,18.7278000750046,10.0253741615509,0.844649055742186,87.4342390883754,130.941845542604,0.561603351667721,1,12.2907086750652,0.906077348066298,0.596363636363636,48.8522002071758,1184.26665655726,139.204984228554,1392.35365853659,163.664634146341,1178.43727604711,128.007802270004,9.35605199315645,21.263754529901
um,Steel 1 1200 degree cropped.png,1,108,1,173.624546575828,173.624546575828,30.7755739836541,7.44652610624326,0.970285672166651,-85.5050415356139,185.19951634755,0.488404270273701,1,14.8682762496887,0.9375,0.740740740740741,64.1655056694293,1184.43719878363,685.444215189536,1392.55416666667,805.883333333333,1180.13837640951,670.658817873078,7.65495163076437,30.6198065230575
um,Steel 1 1200 degree cropped.png,1,109,1,35.4483449258983,35.4483449258983,8.08866862045648,6.07950813767285,0.659610034048595,34.6561072345,36.1717805366309,0.839447224601816,1,6.71820173521648,0.98,0.765625,20.3638724381956,1184.85111874001,452.648919898962,1393.04081632653,532.183673469388,1180.9889265907,448.665220580911,6.80440144956833,6.80440144956833
um,Steel 1 1200 degree cropped.png,1,110,1,141.793379703593,141.793379703593,32.9026416188384,6.43980610756521,0.980659206315878,-84.9098635922826,156.262091918245,0.351567620204884,1,13.436403470433,0.907407407407407,0.628205128205128,68.5194720469718,1185.20696116276,535.043798931458,1393.45918367347,629.05612244898,1180.9889265907,521.812536163771,6.80440144956833,33.1714570666456
um,Steel 1 1200 degree cropped.png,1,111,1,39.0655229795613,39.0655229795613,17.1136477026257,3.13540282321471,0.983073675378942,88.7412798869841,42.6827010332244,0.413083373830236,1,7.05264267444039,0.915254237288136,0.710526315789474,31.8012207247388,1186.51750276848,484.451331908271,1395,569.574074074074,1184.39112731549,475.882826379185,3.40220072478416,16.1604534427248
um,Steel 1 1200 degree cropped.png,1,112,1,14.4687122146524,14.4687122146524,6.93225619024061,2.85143061399667,0.911487427796432,87.1715621113105,14.4687122146524,0.72144433495209,1,4.29210164757174,1,0.833333333333333,13.2030904627061,1186.64508529566,72.1266553654242,1395.15,84.8,1185.24167749668,68.4692895862813,2.55165054358812,6.80440144956833
um,Steel 1 1200 degree cropped.png,1,113,0,101.280985502566,101.280985502566,18.9767349629145,8.19910432115727,0.901844453397798,-64.977320518711,120.090311381615,0.623911234603103,1,11.3558335612854,0.843373493975904,0.566801619433198,42.4934870525542,8.21995996541602,659.443706198164,9.66428571428571,775.314285714286,1.27582527179406,652.797264067961,11.0571523555485,16.1604534427248
um,Steel 1 1200 degree cropped.png,1,114,0,274.182096467662,274.182096467662,31.972069559299,15.4272232034668,0.875883914989656,-45.2400118357099,381.974002466822,0.350552470366414,1,18.6842042292686,0.71780303030303,0.394791666666667,96.4677004508925,16.230023510316,160.635041872428,19.0817941952507,188.860158311346,2.97692563418614,147.570456437513,25.5165054358812,27.2176057982733
um,Steel 1 1200 degree cropped.png,1,115,0,294.438293568175,306.73669895063,29.0165513558999,15.0923860668801,0.854086953777208,13.9797397405431,337.844430212132,0.663527372589714,0,19.3620887007405,0.87152034261242,0.630030959752322,72.0024750389696,20.8792306150605,138.664757181575,24.5479115479115,163.029484029484,4.67802599657822,130.559452813592,28.9187061606654,16.1604534427248
um,Steel 1 1200 degree cropped.png,1,116,0,301.672649675502,301.672649675502,31.1324916830821,14.4505870058609,0.885749190204166,-72.7899308767471,366.058419030704,0.567724787296754,1,19.5985087986787,0.824110671936759,0.512285012285012,79.0433294389104,15.3629351673107,367.486630805104,18.0623501199041,432.057553956835,5.52857617777426,351.702499924563,18.7121039863129,31.4703567042535
um,Steel 1 1200 degree cropped.png,1,117,0,164.219883636304,164.219883636304,26.3161587175724,8.56073539409697,0.945609703100748,-63.8820608294449,186.646387569015,0.593640766616668,1,14.4599878934095,0.87984496124031,0.525462962962963,56.2877098911916,13.1291975106208,442.06877303027,15.4361233480176,519.74449339207,5.52857617777426,431.654216956991,13.6088028991367,22.9648548922931
um,Steel 1 1200 degree cropped.png,1,118,0,48.4701859190854,48.4701859190854,9.91499535526878,6.46207586642485,0.758435809170414,-84.5566444171376,52.0873639727485,0.873093918263382,1,7.85583588505036,0.930555555555556,0.697916666666667,23.7405566575439,8.68322871549391,643.142884772445,10.2089552238806,756.149253731343,5.52857617777426,638.337910987628,6.80440144956833,10.2066021743525
um,Steel 1 1200 degree cropped.png,1,119,0,3761.86517580961,3763.31204703108,267.558103732085,51.5675833658253,0.981251011669765,56.2576279130168,11832.5128491427,0.0536435781995581,0,69.2080595292405,0.317926143311323,0.105165230756785,936.073001915302,81.8471353977547,151.748129933268,96.2284615384615,178.411730769231,7.22967654016635,35.2978325196357,170.960586420404,209.235344574226
um,Steel 1 1200 degree cropped.png,1,120,0,89.7060157308446,89.7060157308446,12.3254914518532,9.46805209075463,0.640247943012969,-89.0301484792655,94.7700650059729,0.919791545174051,1,10.687246915326,0.946564885496183,0.751515151515151,32.3362167887111,12.4015703838907,183.18381563727,14.5806451612903,215.370967741935,8.08022672136239,176.489162598178,9.35605199315645,12.7582527179406
um,Steel 1 1200 degree cropped.png,1,121,0,301.672649675502,301.672649675502,24.5224981853433,16.1752958363629,0.751607654598841,70.8475299628484,321.205411165282,0.759019020754903,1,19.5985087986787,0.939189189189189,0.695,67.9997858862611,19.7605039698495,38.9498951082005,23.2326139088729,45.7937649880096,11.4824274461465,25.9417805264792,17.0110036239208,25.5165054358812
um,Steel 1 1200 degree cropped.png,1,122,0,41.9592654224918,41.9592654224918,11.1528162368796,5.14624582847816,0.88717653456537,-82.1974148751327,47.0233146976201,0.684061543614036,1,7.30918572783284,0.892307692307692,0.591836734693878,25.0912303452832,16.3217646839861,653.765131515529,19.1896551724138,768.637931034483,13.1835278085386,647.693962980785,5.95385126837228,11.9077025367446
um,Steel 1 1200 degree cropped.png,1,123,0,2398.18904957863,2398.18904957863,130.987615412322,64.8459355353453,0.868862240638822,45.7647365225462,5945.19384900065,0.0841170894723258,1,55.2582042204987,0.403382818203943,0.209201060204468,595.883549243409,72.0863728983208,672.15401581604,84.7526395173454,790.257918552036,14.8846281709307,601.764253196199,96.9627206563486,118.22647518625
um,Steel 1 1200 degree cropped.png,1,124,0,2335.25015144489,2342.48450755222,206.429566992143,16.7612920601774,0.996698139120067,33.3330251075029,3026.13115969454,0.183563281428431,-1,54.5282755977888,0.771694955773368,0.146994535519126,397.161004908766,98.9868614531107,65.2728756308633,116.37980173482,76.7419454770756,19.1373790769109,14.8846281709307,153.099032615287,103.767122105917
um,Steel 1 1200 degree cropped.png,1,125,0,111.409084052823,111.409084052823,15.827681989767,9.17272445650866,0.814946057474922,89.7077087494202,118.643440160149,0.830790058777215,1,11.9100987174237,0.939024390243902,0.736842105263158,38.3785252759277,26.2621176077089,351.846099305804,30.8766233766234,413.668831168831,21.689029620499,344.047548293798,9.35605199315645,16.1604534427248
um,Steel 1 1200 degree cropped.png,1,126,0,235.116573488101,235.116573488101,25.3850131228969,15.4436381490291,0.793648778449327,-66.8953522678356,306.013263339897,0.525191451445795,1,17.3020148823101,0.768321513002364,0.464285714285714,72.3324885092737,32.4308241396349,535.959148485172,38.1292307692308,630.132307692308,21.689029620499,526.915837250947,21.263754529901,23.8154050734891
um,Steel 1 1200 degree cropped.png,1,127,0,3.61717805366309,3.61717805366309,2.36528406814042,2.36528406814042,0,0,3.61717805366309,0.817743873391467,1,2.14605082378587,1,0.555555555555556,4.78349421904653,22.9648548922931,574.971922488523,27,676,21.689029620499,573.696097216729,2.55165054358812,2.55165054358812
um,Steel 1 1200 degree cropped.png,1,128,0,214.860376387587,214.860376387587,31.8874738655457,9.15772177150516,0.957874030180033,11.1585892216561,250.308721313486,0.532719838098032,1,16.5399131742992,0.858381502890173,0.55,68.520322597153,38.1430231089228,287.872574962987,44.8451178451178,338.454545454545,23.3901299828911,281.957385066487,30.6198065230575,12.7582527179406
um,Steel 1 1200 degree cropped.png,1,129,0,975.914638878301,975.914638878301,82.019714725774,18.4017906656136,0.974506759787363,52.6187867851249,1291.33256515772,0.254172798123157,1,35.2501505033069,0.755742296918767,0.278086992372707,216.985557825284,53.4673876320278,366.111097415877,62.8621200889548,430.440326167532,25.9417805264792,331.289295575858,53.5846614153506,65.4923639520951
um,Steel 1 1200 degree cropped.png,1,130,0,173.624546575828,173.624546575828,18.5534344259951,12.3515968978449,0.746191800930875,79.018253725128,187.369823179748,0.799635557336501,1,14.8682762496887,0.926640926640927,0.61381074168798,49.5632601586557,35.939289114621,171.548883629065,42.2541666666667,201.691666666667,28.4934310700674,162.029809517846,14.4593530803327,19.5626541675089
um,Steel 1 1200 degree cropped.png,1,131,0,431.16762399664,442.019158157629,44.5271884810841,13.417110004277,0.953521816373409,-20.4854046904676,498.447135794773,0.515770066669251,0,23.4303151767539,0.865021770682148,0.496666666666667,99.8222703655297,53.2721270366896,134.719442374308,62.6325503355705,158.390939597315,33.5967321572436,123.755051364024,42.527509059802,20.413204348705
um,Steel 1 1200 degree cropped.png,1,132,0,296.608600400373,296.608600400373,37.0898457240993,12.7085005443597,0.939466427739577,-41.4444788847824,390.655229795613,0.427140539849669,1,19.4333167353981,0.759259259259259,0.388257575757576,90.7417966310808,47.6432572228007,153.953731821757,56.0146341463415,181.00487804878,33.5967321572436,140.766054987945,27.2176057982733,28.0681559794693
um,Steel 1 1200 degree cropped.png,1,133,0,87.5357088986467,87.5357088986467,16.687760459451,6.84756880392858,0.911934950642325,46.6661973727851,93.3231937845077,0.711467556834987,1,10.5571741553402,0.937984496124031,0.540178571428571,36.648506207375,41.2341104371568,353.849963398574,48.4793388429752,416.02479338843,35.2978325196357,346.599198837387,11.9077025367446,13.6088028991367
um,Steel 1 1200 degree cropped.png,1,134,0,192.433872454876,192.433872454876,28.1191808073337,9.03353460201482,0.946991434035439,59.633896235585,214.860376387587,0.589154838239096,1,15.6529363429381,0.895622895622896,0.5,61.3944131790926,50.9498743878861,644.864124971918,59.9022556390977,758.172932330827,42.9527841504,633.234609900452,16.1604534427248,23.8154050734891
um,Steel 1 1200 degree cropped.png,1,135,0,580.195359807559,580.195359807559,63.2115412149192,21.9371760707241,0.937848906963454,37.6328827784118,995.447400368082,0.258438600479057,1,27.1795451724055,0.582848837209302,0.257051282051282,165.290818912551,73.9490810903211,56.3919012278517,86.9426433915212,66.3004987531172,47.2055350563803,31.0450816136555,51.0330108717624,44.2286094221941
um,Steel 1 1200 degree cropped.png,1,136,0,43.4061366439571,43.4061366439571,8.94402930224772,6.51226881942792,0.685456545486111,-56.2884420364305,44.1295722546897,0.875777427403755,1,7.43413812484434,0.983606557377049,0.75,22.2844147473363,50.2249881996262,474.904693670809,59.05,558.35,47.2055350563803,469.928975110812,6.80440144956833,8.50550181196041
um,Steel 1 1200 degree cropped.png,1,137,0,48.4701859190854,48.4701859190854,11.4133318069085,5.58459016571206,0.872113230957689,81.0843193530519,50.6404927512832,0.764053577188497,1,7.85583588505036,0.957142857142857,0.683673469387755,25.5624351456658,51.4773281305962,624.760845035551,60.5223880597015,734.537313432836,48.0560852375763,618.77525682012,5.95385126837228,11.9077025367446
um,Steel 1 1200 degree cropped.png,1,138,0,360.270934144844,360.270934144844,35.7644953269939,15.1336307933398,0.906061150428783,86.5773544127618,436.955108882501,0.533503705767342,1,21.4175442143093,0.824503311258278,0.552106430155211,89.4472592553004,60.0081940086805,411.13853668284,70.5522088353414,483.379518072289,51.4582859623605,392.528908621973,18.7121039863129,34.8725574290377
um,Steel 1 1200 degree cropped.png,1,139,0,93.3231937845077,93.3231937845077,18.9608172849262,6.52813725384101,0.938861081203172,37.6540405057454,102.727856724032,0.618589140514736,1,10.9005862579688,0.908450704225352,0.484962406015038,40.8689362064697,62.4725811382363,382.338789978264,73.4496124031008,449.519379844961,54.0099365059486,376.368455179248,16.1604534427248,11.9077025367446
um,Steel 1 1200 degree cropped.png,1,140,0,60.7685913015399,60.7685913015399,17.955772157237,4.78560085492086,0.963828949938074,27.0587717870349,73.0669966839944,0.474703829419725,1,8.79619085303234,0.831683168316832,0.401913875598086,37.4361156751625,64.1962874855107,13.5986773017415,75.4761904761905,15.9880952380952,56.5615870495367,9.78132708375447,16.1604534427248,9.35605199315645
um,Steel 1 1200 degree cropped.png,1,141,0,3585.34688679085,3596.92185656257,225.872130652843,62.4769654810112,0.960984204837602,-87.5657655211604,10294.4887407251,0.0936607375106575,-1,67.5648239682101,0.34827828531272,0.19504132231405,690.900211085181,103.39796685173,389.833783511904,121.56598062954,458.331315577078,58.2626874119288,306.623340321173,93.5605199315645,196.477091856285
um,Steel 1 1200 degree cropped.png,1,142,0,164.943319247037,164.943319247037,28.3183869263721,8.38286701821853,0.955181105602968,15.963564287198,199.668228562202,0.546784812852115,1,14.4918030867523,0.826086956521739,0.542857142857143,58.897197847101,71.7931501627974,122.770203785797,84.4078947368421,144.342105263158,59.1132375931248,116.10009973326,25.5165054358812,11.9077025367446
um,Steel 1 1200 degree cropped.png,1,143,0,321.205411165282,321.205411165282,26.8232694412791,16.5438988953209,0.787140179610386,33.8964241606164,355.206884869715,0.722760968805121,1,20.2230420925872,0.904276985743381,0.660714285714286,72.0586113509286,73.8273725971041,724.279876706092,86.7995495495496,851.542792792793,60.8143379555169,713.18632693288,23.8154050734891,20.413204348705
um,Steel 1 1200 degree cropped.png,1,144,0,230.052524212972,230.052524212972,31.3917870110789,9.83327258572091,0.949672850331918,26.0535228155114,253.925899367149,0.59891794013374,1,17.1146712265851,0.905982905982906,0.523026315789474,66.8039123314994,75.9664347368866,225.441267680725,89.314465408805,265.053459119497,61.6648881367129,216.465021114392,27.2176057982733,16.1604534427248
um,Steel 1 1200 degree cropped.png,1,145,0,3054.34514851311,3112.94343298245,153.134678175161,44.9363164026686,0.95597653761218,82.739132853215,5255.75971197247,0.11284586367962,-4,62.3611499762223,0.58114246386786,0.399810606060606,580.532819573183,86.1271706691837,575.610741679564,101.260540028423,676.751065845571,63.365988499105,505.652082721046,51.0330108717624,149.696831890503
um,Steel 1 1200 degree cropped.png,1,146,0,97.6638074489034,97.6638074489034,19.6656076661992,6.52910420320483,0.94327719426662,86.9555382338151,111.409084052823,0.622982262572279,1,11.1512071872665,0.876623376623377,0.652173913043478,41.7126819862162,68.1070182128089,438.871292753732,80.0740740740741,515.985185185185,64.2165386803011,429.102566413402,7.65495163076437,19.5626541675089
um,Steel 1 1200 degree cropped.png,1,147,0,70.1732542410639,70.1732542410639,15.2748327210686,6.11075555199198,0.916491637503705,-88.4520003402919,74.5138679054596,0.70471297038992,1,9.45237336770385,0.941747572815534,0.713235294117647,32.7019533666254,70.1309314351127,392.831423892604,82.4536082474227,461.855670103093,65.9176390426932,385.724507172404,6.80440144956833,14.4593530803327
um,Steel 1 1200 degree cropped.png,1,148,0,277.075838910592,277.075838910592,30.2043007976835,12.3969928687436,0.911888505564814,86.185693317827,308.183570172095,0.637430926673182,1,18.7825428254972,0.89906103286385,0.646959459459459,71.2352787755308,72.9030322410016,460.378606822996,85.7127937336815,541.271540469974,65.9176390426932,445.263019856127,13.6088028991367,31.4703567042535
um,Steel 1 1200 degree cropped.png,1,149,0,627.218674505179,627.218674505179,70.7353113232913,15.1893225092028,0.976672426629572,-16.2204282311284,1004.85206330761,0.307564511020543,1,28.2595049421671,0.624190064794816,0.363217427733557,157.411322033951,99.8194705152216,301.898225041206,117.358708189158,354.944636678201,68.4692895862813,290.462886878448,65.4923639520951,26.3670556170773
um,Steel 1 1200 degree cropped.png,1,150,0,507.851798734298,507.851798734298,51.8003905165577,15.2041589847436,0.955954661395045,-35.220921503206,639.517079887634,0.431699088696328,1,25.4286647902203,0.794117647058823,0.36734693877551,118.913719732656,91.7855113625442,783.353082051719,107.913105413105,920.995726495726,70.1703899486733,765.920438167035,41.676958878606,33.1714570666456
um,Steel 1 1200 degree cropped.png,1,151,0,70.1732542410639,70.1732542410639,14.8842517983858,6.37513489355081,0.903629920305871,47.2712537594835,76.6841747376575,0.715475822759829,1,9.45237336770385,0.915094339622642,0.532967032967033,32.4348806097298,78.4347563999854,201.68561564629,92.2164948453608,237.123711340206,72.7220404922615,195.201266584491,11.0571523555485,11.9077025367446
um,Steel 1 1200 degree cropped.png,1,152,0,53.5342351942137,53.5342351942137,11.4023018653271,6.13927537774702,0.842673940343426,-27.6564886124493,55.7045420264116,0.843880070327593,1,8.25602236227748,0.961038961038961,0.685185185185185,25.5624351456658,79.687356840975,133.708787268291,93.6891891891892,157.202702702703,74.4231408546536,129.708902632396,10.2066021743525,7.65495163076437
um,Steel 1 1200 degree cropped.png,1,153,0,242.350929595427,242.350929595427,24.4767933582855,12.9261417294624,0.849183531534727,-64.1590791773152,263.330562306673,0.782326804765454,1,17.5661830590548,0.92032967032967,0.644230769230769,59.7205304224988,83.4427812089787,413.220128626919,98.1044776119403,485.826865671642,75.2736910358496,401.884960615129,17.0110036239208,22.1143047110971
um,Steel 1 1200 degree cropped.png,1,154,0,10.1280985502566,10.1280985502566,4.15188573060814,3.28538345755715,0.611429250513635,-65.6423554472856,10.1280985502566,0.958830581424272,1,3.59102987834432,1,0.7,8.84912408516361,78.5543845918915,359.114437217843,92.3571428571429,422.214285714286,76.9747913982417,356.805801011739,3.40220072478416,4.2527509059802
um,Steel 1 1200 degree cropped.png,1,155,0,525.937689002613,525.937689002613,44.8604171684996,16.1289212806837,0.93313133253799,85.8068099980126,616.36714034419,0.522026940618622,1,25.8774933814068,0.853286384976526,0.712745098039216,109.846854801106,85.5744738011048,486.989701406949,100.610729023384,572.558459422283,76.9747913982417,464.825674023636,17.0110036239208,43.3780592409981
um,Steel 1 1200 degree cropped.png,1,156,0,39.788958590294,39.788958590294,8.15909295637752,6.40301622687918,0.619786345929158,16.8497893887358,41.2358298117592,0.938767296628946,1,7.11764536353084,0.964912280701754,0.6875,20.4063999472554,81.1734163836003,760.948585744225,95.4363636363636,894.654545454545,76.9747913982417,757.414936355074,8.50550181196041,6.80440144956833
um,Steel 1 1200 degree cropped.png,1,157,0,99.8341142811012,99.8341142811012,18.8513297110696,7.07548616345153,0.926890894746674,-88.8078162335654,104.174727945497,0.675878207108594,1,11.2744286869139,0.958333333333333,0.784090909090909,40.4113402089863,81.6713076161502,375.172754199885,96.0217391304348,441.094202898551,77.8253415794377,366.161853004895,6.80440144956833,18.7121039863129
um,Steel 1 1200 degree cropped.png,1,158,0,56.4279776371442,56.4279776371442,14.3046713698513,5.22658191627548,0.930860067338436,31.8706187632875,60.0451556908073,0.66940288331582,1,8.47622159674011,0.939759036144578,0.52,29.8747245643297,85.436675252192,5.89932882085972,100.448717948718,6.93589743589744,78.6758917606338,1.27582527179406,12.7582527179406,8.50550181196041
um,Steel 1 1200 degree cropped.png,1,159,0,88.2591445093793,88.2591445093793,14.963510645118,7.88765376500487,0.849787210559629,54.0176089599185,97.6638074489034,0.736207728029171,1,10.6007090788228,0.903703703703704,0.622448979591837,36.1415782993822,84.8807250496868,739.630071500721,99.7950819672131,869.590163934426,79.5264419418298,733.599531281585,11.9077025367446,11.9077025367446
um,Steel 1 1200 degree cropped.png,1,160,0,78.8544815698553,78.8544815698553,13.1288718745559,7.88899336255162,0.799332553670368,52.7627880373444,82.4716596235184,0.853879881120587,1,10.0200121863364,0.956140350877193,0.648809523809524,31.3938071879459,86.2723192963617,704.411614283752,101.43119266055,828.183486238532,81.2275423042219,698.726973852547,10.2066021743525,11.9077025367446
um,Steel 1 1200 degree cropped.png,1,161,0,253.925899367149,253.925899367149,33.3718788437262,10.1332817386075,0.952784499278874,17.0961001006803,277.799274521325,0.55640326879447,1,17.9807813096844,0.9140625,0.577302631578947,73.0571572636527,102.74452331257,202.714459851723,120.797720797721,238.333333333333,84.6297430290061,195.201266584491,32.3209068854495,13.6088028991367
um,Steel 1 1200 degree cropped.png,1,162,0,18.8093258790481,18.8093258790481,8.66538553486438,2.84387748248229,0.944612349124538,90,18.8093258790481,0.667652423900898,1,4.89374882058882,1,0.866666666666667,16.1434424391008,87.6066686631922,361.058551917719,103,424.5,86.3308433913981,356.805801011739,2.55165054358812,8.50550181196041
um,Steel 1 1200 degree cropped.png,1,163,0,52.0873639727485,52.0873639727485,10.9046133205669,6.20854750608007,0.822094860794806,48.8247250023367,53.5342351942137,0.878755566370084,1,8.1436902931728,0.972972972972973,0.654545454545455,24.6200255449006,91.6231556299513,717.876166126419,107.722222222222,844.013888888889,87.1813935725942,713.18632693288,8.50550181196041,9.35605199315645
um,Steel 1 1200 degree cropped.png,1,164,0,5.78748488586094,5.78748488586094,3.10577013687452,2.59847372512617,0.547722557505166,0,5.78748488586094,0.936368556122002,1,2.7145634310576,1,0.666666666666667,6.14097230823541,94.8363452033585,282.382660157085,111.5,332,93.1352448409665,281.106834885291,3.40220072478416,2.55165054358812
um,Steel 1 1200 degree cropped.png,1,165,0,73.0669966839944,73.0669966839944,12.8582692371053,7.48452412339002,0.813132482404006,40.3822538604876,78.1310459591227,0.806114675464826,1,9.64529883378917,0.935185185185185,0.597633136094675,31.0774025205409,100.63440262666,226.372667531988,118.316831683168,266.148514851485,95.6868953845546,220.717772020373,11.0571523555485,11.0571523555485
um,Steel 1 1200 degree cropped.png,1,166,0,235.840009098833,235.840009098833,26.1535961462897,12.8383096717624,0.871226497260864,86.002104504474,276.35240329986,0.489486863692411,1,17.3286129224279,0.853403141361257,0.599264705882353,75.1393041072206,104.617672287113,684.839002642405,123,805.171779141104,98.2385459281427,670.658817873078,13.6088028991367,28.9187061606654
um,Steel 1 1200 degree cropped.png,1,167,0,47.0233146976201,47.0233146976201,9.63593785222451,6.3565038877122,0.751558590831722,65.3116848444976,47.7467503083528,0.917970183431588,1,7.73769628491169,0.984848484848485,0.738636363636364,22.6994832357599,101.765057833256,717.798925992443,119.646153846154,843.923076923077,98.2385459281427,713.18632693288,6.80440144956833,9.35605199315645
um,Steel 1 1200 degree cropped.png,1,168,0,200.391664172935,200.391664172935,43.5279404286306,6.22938808803056,0.989706441593021,35.3546768751011,243.074365206159,0.302676930992652,1,15.9733087136094,0.824404761904762,0.22520325203252,88.5405727621454,121.883533907565,32.686305699754,143.29963898917,38.4296028880866,105.042947377711,19.1373790769109,34.8725574290377,25.5165054358812
um,Steel 1 1200 degree cropped.png,1,169,0,236.563444709566,236.563444709566,28.0600482705186,11.4114377629085,0.913571034269298,37.050126920501,256.096206199347,0.664875348814724,1,17.3551701991939,0.923728813559322,0.526570048309179,64.19442437559,115.453733616968,227.094297308452,135.74006116208,266.996941896024,105.042947377711,218.166121476784,22.9648548922931,19.5626541675089
um,Steel 1 1200 degree cropped.png,1,170,0,122.260618213812,122.260618213812,20.3303253028033,7.89247892648521,0.921570041127824,-89.6117592292517,131.665281153336,0.653157445803508,1,12.476660365402,0.928571428571429,0.751111111111111,45.8276437628427,113.022517272896,751.619619587931,132.881656804734,883.686390532544,109.295698283691,740.403932731153,7.65495163076437,21.263754529901
um,Steel 1 1200 degree cropped.png,1,171,0,1522.83196059216,1522.83196059216,166.884855907742,11.8521103102427,0.997474913966008,39.1406332715411,1737.69233697975,0.169067480610482,1,44.0332814154534,0.876353039134055,0.118524774774775,333.762695502776,175.307483735989,93.8841734684471,206.110688836105,110.380522565321,110.146248464887,44.6538845127921,125.881426817014,102.066021743525
um,Steel 1 1200 degree cropped.png,1,172,0,507.128363123565,507.128363123565,58.3867540477928,11.3800705900535,0.980821443353819,27.1626963110399,579.471924196827,0.354790540986655,1,25.4105467510193,0.875156054931336,0.303463203463203,131.350464482105,136.443537127016,200.42408149884,160.417974322397,235.640513552068,110.146248464887,184.144114228943,56.1363119589387,29.7692563418614
um,Steel 1 1200 degree cropped.png,1,173,0,20382.0748967808,20575.2322048464,542.696530790381,217.307463335898,0.916330981812866,23.6936962881481,83805.6748897093,0.0201309638015741,-2,161.093959422243,0.243206380995131,0.129283010209935,3564.27646401179,374.994515046629,300.464745980149,440.884645417761,353.259281607156,110.146248464887,134.812203719572,489.066354187723,322.358518673299
um,Steel 1 1200 degree cropped.png,1,174,0,124.43092504601,124.43092504601,17.0980525501422,9.50367651097027,0.831293403346799,16.3651829401233,127.324667488941,0.826399058054077,1,12.586912820726,0.977272727272727,0.781818181818182,40.82640869741,119.324278327096,246.516145830255,140.290697674419,289.831395348837,110.996798646083,241.981526550274,17.0110036239208,9.35605199315645
um,Steel 1 1200 degree cropped.png,1,175,0,298.778907232571,298.778907232571,32.388473270124,12.2628431184932,0.925553229555874,-36.1633750069714,329.886638494074,0.616875897362365,1,19.5042846528979,0.905701754385965,0.493428912783752,75.3434361507077,124.717841218041,288.902858398409,146.63196125908,339.665859564165,111.847348827279,276.854083979311,26.3670556170773,22.9648548922931
um,Steel 1 1200 degree cropped.png,1,176,0,2615.21973279841,2709.98979780439,162.921273011714,88.9388052013941,0.837850009676005,-87.079079137172,8075.71172260821,0.115904604948152,-1,57.7044294831052,0.323837678043537,0.177597641857038,529.814512268463,169.869576409282,503.276306661675,199.717289073306,591.706777316736,111.847348827279,427.40146605101,97.8132708375447,150.547382071699
um,Steel 1 1200 degree cropped.png,1,177,0,584.535973471955,584.535973471955,61.4620784885523,17.5199310302058,0.958511847524855,-63.9487036949948,864.505554825478,0.367349241022065,1,27.2810248477721,0.676150627615063,0.337510442773601,138.734941155249,131.552112245359,612.33718143869,154.667079207921,719.930693069307,111.847348827279,589.856550659454,32.3209068854495,53.5846614153506
um,Steel 1 1200 degree cropped.png,1,178,0,668.454504316939,668.454504316939,54.4206253328693,16.0718968956176,0.955396137676038,39.8494119820007,705.349720464302,0.575118445605224,1,29.1736646438645,0.947692307692308,0.429767441860465,118.182246576827,131.178034763553,704.670699523524,154.227272727273,828.488095238095,111.847348827279,687.669821496999,42.527509059802,36.5736577914297
um,Steel 1 1200 degree cropped.png,1,179,0,231.499395434438,231.499395434438,25.736578838781,11.9779133021496,0.885098231483878,-86.8551281323704,242.350929595427,0.722659148331874,1,17.168406590287,0.955223880597015,0.761904761904762,60.7752126471819,118.702251693856,774.590734076602,139.559375,910.69375,111.847348827279,761.667687261054,11.9077025367446,25.5165054358812
um,Steel 1 1200 degree cropped.png,1,180,0,25.3202463756416,25.3202463756416,10.0223346915981,3.55520387409821,0.934969499914342,39.4659510330956,27.4905532078395,0.614121068119156,1,5.67791678064271,0.921052631578947,0.4375,20.0899952798505,118.493790957483,94.8970987877297,139.314285714286,111.571428571429,114.398999370867,91.4341444785744,8.50550181196041,6.80440144956833
um,Steel 1 1200 degree cropped.png,1,181,0,99.1106786703686,99.1106786703686,21.0324504318141,6.44391301400203,0.951909429597003,-84.2623626359834,115.749697717219,0.572999041041352,1,11.2335050357693,0.85625,0.634259259259259,43.9496289627618,118.530686564926,547.7729418767,139.357664233577,644.021897810219,114.398999370867,537.972989606496,7.65495163076437,20.413204348705
um,Steel 1 1200 degree cropped.png,1,182,0,1045.36445750863,1045.36445750863,110.486824169902,12.881513695141,0.993180284843653,41.1933315944424,1225.49992458105,0.263729079211513,1,36.4828640043598,0.853010625737898,0.186813186813187,220.510237776161,154.170902428407,89.6715337397567,181.260207612457,105.4276816609,116.950649914456,54.0099365059486,77.4000664888397,72.2967654016634
um,Steel 1 1200 degree cropped.png,1,183,0,143.963686535791,143.963686535791,20.2864822991881,9.80631380350729,0.875404263525102,-12.0032423190433,162.773012414839,0.697344284025424,1,13.538842590976,0.884444444444444,0.592261904761905,48.2619183814257,127.343176374647,236.072553557794,149.718592964824,277.552763819096,116.950649914456,230.073824013529,20.413204348705,11.9077025367446
um,Steel 1 1200 degree cropped.png,1,184,0,126.601231878208,126.601231878208,24.073432703644,6.97766622632949,0.957072315342717,-78.6043739949774,143.963686535791,0.547421205636846,1,12.6962078921039,0.879396984924623,0.625,51.2371429152495,123.947032690637,639.409604215935,145.725714285714,751.76,119.502300458044,627.28075863208,8.50550181196041,23.8154050734891
um,Steel 1 1200 degree cropped.png,1,185,0,190.263565622678,190.263565622678,28.3755750589718,8.91732384261367,0.949336771812125,79.4849327890297,211.966633944657,0.595115629996331,1,15.5644176143249,0.897610921501707,0.632211538461538,60.7122719337734,125.558023706293,743.122135876763,147.619771863118,873.695817490494,119.502300458044,729.346780375605,11.0571523555485,27.2176057982733
um,Steel 1 1200 degree cropped.png,1,186,0,375.463081970228,375.463081970228,54.5268248544432,15.4850034496422,0.958827619685369,-64.3835375927915,624.324932062249,0.286927875956796,1,21.8644561686916,0.601390498261877,0.285950413223141,125.561619948884,139.008415162641,542.821453404316,163.433526011561,638.200385356455,123.755051364024,522.663086344967,28.0681559794693,46.7802599657822
um,Steel 1 1200 degree cropped.png,1,187,0,36.8952161473635,36.8952161473635,10.1536528912203,4.72216463340011,0.885273636294014,90,36.8952161473635,0.839034110183292,1,6.85393669436584,1,0.927272727272727,20.8350772385782,125.881426817014,552.857617777426,148,650,123.755051364024,548.179591780848,4.2527509059802,9.35605199315645
um,Steel 1 1200 degree cropped.png,1,188,0,449.253514264955,449.253514264955,45.9774202576728,13.4931256931004,0.955967401029318,-27.5832617333769,523.767382170415,0.542669809807153,1,23.9166749355629,0.857734806629834,0.440425531914894,99.3238479593488,143.388242301793,582.947371289014,168.582930756844,685.376811594203,123.755051364024,571.144446673141,39.9758585162139,25.5165054358812
um,Steel 1 1200 degree cropped.png,1,189,0,252.479028145684,252.479028145684,44.2665624264382,7.60336439091694,0.985138273967818,36.492194859027,290.821115514512,0.383953135847914,1,17.9294808305033,0.868159203980099,0.279647435897436,88.2309724961901,142.402572027123,322.66071988381,167.424068767908,379.355300859599,125.456151726416,309.174990864761,33.1714570666456,27.2176057982733
um,Steel 1 1200 degree cropped.png,1,190,0,243.797800816892,243.797800816892,38.8143168269649,8.18106638824827,0.977534720644739,46.993193894503,269.841482803266,0.426984247266917,1,17.618541395914,0.903485254691689,0.300356506238859,82.0338638759957,144.750011845565,464.170725145237,170.183976261128,545.729970326409,130.559452813592,450.366320943304,28.0681559794693,28.9187061606654
um,Steel 1 1200 degree cropped.png,1,191,0,121.53718260308,121.53718260308,22.1149597181231,7.24835383700981,0.94476173024686,-81.4690403992139,138.17620164993,0.577969380776446,1,12.4396924015805,0.879581151832461,0.565656565656566,48.7331231818083,136.948704769958,658.96881568033,161.011904761905,774.755952380952,132.260553175984,647.693962980785,9.35605199315645,22.9648548922931
um,Steel 1 1200 degree cropped.png,1,192,0,52.8107995834811,52.8107995834811,11.830201178165,5.96020350165809,0.86381302479012,84.5532755470629,58.598284469342,0.750327625582579,1,8.20004868392691,0.901234567901235,0.651785714285714,27.0679089663828,135.98316664026,222.727633749911,159.876712328767,261.86301369863,133.11110335718,216.465021114392,6.80440144956833,11.9077025367446
um,Steel 1 1200 degree cropped.png,1,193,0,151.198042643117,151.198042643117,18.914613102749,10.7500904331583,0.822787989587386,-12.7696335148052,159.879269971908,0.790906855978814,1,13.8748451155236,0.945701357466063,0.678571428571429,46.3413760722851,142.786620370547,280.998990005857,167.875598086124,330.373205741627,133.11110335718,274.302433435723,18.7121039863129,11.9077025367446
um,Steel 1 1200 degree cropped.png,1,194,0,128.771538710406,128.771538710406,32.8305934069682,6.19347925682513,0.982044458048849,-51.445291438085,167.113626079235,0.370598944144233,1,12.8045700951841,0.770562770562771,0.286634460547504,63.4068149078024,145.238610996931,529.778081961826,170.758426966292,622.865168539326,134.812203719572,518.410335438987,19.5626541675089,22.9648548922931
um,Steel 1 1200 degree cropped.png,1,195,0,162.773012414839,162.773012414839,30.0333843774187,7.71367869489338,0.966454785304957,-80.8803999311777,194.604179287074,0.483368712436559,1,14.3961465754639,0.836431226765799,0.619834710743802,62.3793502889176,141.93225379194,257.595737765519,166.871111111111,302.857777777778,137.363854263161,241.981526550274,9.35605199315645,28.0681559794693
um,Steel 1 1200 degree cropped.png,1,196,0,432.614495218105,432.614495218105,62.6370207039949,9.12512126928572,0.989331386801369,35.7181428294368,486.872166023052,0.33224035331672,1,23.4695948609543,0.888558692421991,0.238437001594896,125.245215281479,165.679494743513,160.015797717555,194.790969899666,188.132107023411,139.915504806749,141.616605169141,48.4813603281743,37.4242079726258
um,Steel 1 1200 degree cropped.png,1,197,0,464.44566209034,464.44566209034,61.8014470086531,12.6480284096092,0.978833989067756,-87.002690284904,622.878060840784,0.323744900631368,1,24.3177010293762,0.745644599303136,0.607954545454545,131.595422934289,149.321900891627,657.999928494062,175.559190031153,773.616822429907,142.467155350337,627.28075863208,13.6088028991367,56.1363119589387
um,Steel 1 1200 degree cropped.png,1,198,0,141.06994409286,141.06994409286,24.7372646384556,7.44942206009131,0.953579400611373,87.5283967380831,151.198042643117,0.587089408924555,1,13.402083099004,0.933014354066986,0.747126436781609,52.2782163370334,148.370845966998,231.506673934159,174.441025641026,272.184615384615,144.168255712729,219.01667165798,7.65495163076437,24.6659552546852
um,Steel 1 1200 degree cropped.png,1,199,0,164.943319247037,164.943319247037,34.9673000799209,6.81366291519394,0.980831436500259,-85.0049429532388,201.8385353944,0.390839452681754,1,14.4918030867523,0.817204301075269,0.666666666666667,70.151677844687,150.495155306187,722.952732083631,176.938596491228,849.982456140351,146.719906256317,708.083025845704,7.65495163076437,32.3209068854495
um,Steel 1 1200 degree cropped.png,1,200,0,130.218409931871,130.218409931871,26.2099085771702,6.82404606428241,0.965511258144142,-87.4596159148567,141.06994409286,0.501106532312668,1,12.8763049427152,0.923076923076923,0.725806451612903,54.4726358045192,153.302219603017,255.363516067758,180.238888888889,300.233333333333,149.271556799905,242.83207673147,6.80440144956833,26.3670556170773
um,Steel 1 1200 degree cropped.png,1,201,0,1591.55834361176,1591.55834361176,139.427310973275,17.9760092522399,0.991654027218914,58.4537469372337,2436.53113694746,0.157596069920399,1,45.0159418521893,0.653206650831354,0.169713800817712,353.568607022107,185.015154937231,308.816986561221,217.524090909091,363.079090909091,149.271556799905,242.83207673147,73.9978657640555,126.73197699821
um,Steel 1 1200 degree cropped.png,1,202,0,65.8326405766682,65.8326405766682,12.3569469047144,7.04870625211125,0.821349985189681,51.7988208711191,69.4498186303313,0.841686174555506,1,9.15536571178621,0.947916666666667,0.636363636363636,28.6788510095681,153.528981058529,376.064687257392,180.505494505495,442.142857142857,149.271556799905,370.414603910876,9.35605199315645,11.0571523555485
um,Steel 1 1200 degree cropped.png,1,203,0,372.569339527298,372.569339527298,42.2982220939055,14.2190453145229,0.941804259217625,-10.171002008604,496.276828962576,0.438122778652275,1,21.7800371037796,0.750728862973761,0.447826086956522,100.701739252886,170.541091767931,579.842354496965,200.506796116505,681.726213592233,150.972657162297,568.592796129553,42.527509059802,19.5626541675089
um,Steel 1 1200 degree cropped.png,1,204,0,131.665281153336,131.665281153336,19.5107872761133,8.81907035542677,0.892012885421787,-88.4510282940276,142.516815314326,0.714332179502617,1,12.9476423580937,0.923857868020305,0.689393939393939,45.4551027834788,157.744345143358,782.286519126092,185.461538461538,919.741758241758,153.524307705885,771.874289435407,9.35605199315645,20.413204348705
um,Steel 1 1200 degree cropped.png,1,205,0,1913.48719038777,1913.48719038777,143.666350160479,20.4982956841383,0.989768890019512,-23.5255879847367,2720.84133196537,0.258110566664086,1,49.359168947075,0.7032704068067,0.268964815944682,302.549204953244,217.565269675815,641.629974307097,255.793572778828,754.370510396975,156.075958249473,615.373056095335,126.73197699821,56.1363119589387
um,Steel 1 1200 degree cropped.png,1,206,0,157.708963139711,157.708963139711,23.5805057947644,8.89522621950601,0.926120436156087,84.9673732241204,173.624546575828,0.641476259288355,1,14.1704371290606,0.908333333333333,0.707792207792208,52.9110256718433,161.112932028942,652.602183751173,189.422018348624,767.270642201835,156.075958249473,640.889561531217,9.35605199315645,23.8154050734891
um,Steel 1 1200 degree cropped.png,1,207,0,86.8122732879141,86.8122732879141,19.3817072944009,6.13148716225723,0.948641098320025,-63.8498838730964,97.6638074489034,0.590795317152398,1,10.5134589607098,0.888888888888889,0.5,40.2990675850684,163.518272334939,497.614383508744,192.25,585.05,157.777058611866,489.491629278321,10.2066021743525,17.0110036239208
um,Steel 1 1200 degree cropped.png,1,208,0,1924.33872454876,1924.33872454876,188.633401519752,28.4247474860235,0.988581405142154,68.3051258528147,4541.72876417937,0.0982235972619861,1,49.4989309133108,0.423701815864925,0.182993946064942,493.506226133567,196.597320002199,169.947600339942,231.141353383459,199.809022556391,158.627608793062,85.4802932102021,67.1934643144872,156.501233340071
um,Steel 1 1200 degree cropped.png,1,209,0,198.221357340737,198.221357340737,33.2607261205837,10.6941940454195,0.946900691110594,-75.6585202889944,265.500869138871,0.440376478413025,1,15.8865751745713,0.746594005449591,0.475694444444444,72.5366205527607,164.354853626298,270.158329450699,193.233576642336,317.627737226277,158.627608793062,255.59032944941,13.6088028991367,30.6198065230575
um,Steel 1 1200 degree cropped.png,1,210,0,284.310195017919,284.310195017919,34.5027952013025,10.7019787181543,0.950678775916525,-86.2137163084145,304.566392118432,0.59319524406906,1,19.0261657531984,0.933491686460808,0.737335834896811,74.9351720637336,163.543702270382,688.7292217863,192.27989821883,809.745547073791,158.627608793062,670.658817873078,11.0571523555485,34.8725574290377
um,Steel 1 1200 degree cropped.png,1,211,0,753.096470772655,753.096470772655,100.514044152259,10.7662844629951,0.994246935098038,-76.3755512227697,1027.27856724032,0.226394255937684,1,30.9656617495611,0.733098591549296,0.318348623853211,201.782823886586,171.274334037675,760.313425084943,201.368876080692,893.907780979827,158.627608793062,713.18632693288,25.5165054358812,92.7099697503684
um,Steel 1 1200 degree cropped.png,1,212,0,154.81522069678,154.81522069678,46.4486841393942,5.20166929925263,0.993709622042244,36.6583972636609,210.519762723192,0.237928270849509,1,14.0398312353832,0.735395189003436,0.173983739837398,87.7529632943579,178.746697658549,432.771060886505,210.154205607477,508.81308411215,162.880359699042,418.045414057854,34.8725574290377,25.5165054358812
um,Steel 1 1200 degree cropped.png,1,213,0,36.1717805366309,36.1717805366309,11.6751016467815,4.30908154269161,0.929396438023252,34.6557874758724,42.6827010332244,0.603083706709962,1,6.786408577644,0.847457627118644,0.454545454545455,24.7816300793278,170.46726731531,174.277732127069,200.42,204.9,165.43201024263,169.68476114861,9.35605199315645,8.50550181196041
um,Steel 1 1200 degree cropped.png,1,214,0,2404.69997007522,2404.69997007522,167.74781443108,32.9971378491529,0.980462355212985,29.057191884487,4114.90175384713,0.0933864946881291,1,55.3331645139082,0.584388185654008,0.187796610169492,566.172130313869,241.955170753443,576.691190439022,284.469013237064,678.021359807461,167.983660786218,526.915837250947,150.547382071699,85.0550181196041
um,Steel 1 1200 degree cropped.png,1,215,0,73.790432294727,73.790432294727,12.9005575823757,7.46425660696127,0.8156117821146,-36.510461955963,77.4076103483901,0.863418203535824,1,9.69293022881879,0.953271028037383,0.713286713286713,30.0992698121655,176.414114052779,485.572427463006,207.411764705882,570.892156862745,170.535311329806,480.986127466361,11.0571523555485,9.35605199315645
um,Steel 1 1200 degree cropped.png,1,216,0,319.758539943817,319.758539943817,34.8131624601897,18.3433847741795,0.849921417945549,-66.3561212280544,464.44566209034,0.392943259826735,1,20.1774432925296,0.688473520249221,0.387719298245614,98.4511834734417,182.870213278826,657.498381924662,215.002262443439,773.027149321267,170.535311329806,640.889561531217,25.5165054358812,32.3209068854495
um,Steel 1 1200 degree cropped.png,1,217,0,205.455713448063,205.455713448063,31.0880041373297,8.60612582132944,0.960918598040739,-46.669923154139,221.371296884181,0.554114146179117,1,16.1738782935278,0.928104575163399,0.405714285714286,65.5876255723891,183.233666147663,18.487486860997,215.429577464789,21.7359154929577,172.236411692198,7.22967654016635,21.263754529901,23.8154050734891
um,Steel 1 1200 degree cropped.png,1,218,0,275.628967689127,275.628967689127,39.0714138821385,11.46617602789,0.955969161970932,65.5517540928249,363.164676587774,0.418844429994514,1,18.7334380543542,0.758964143426295,0.422394678492239,88.2649945034379,179.995170628542,245.045516376236,211.622047244094,288.102362204724,172.236411692198,230.073824013529,18.7121039863129,34.8725574290377
um,Steel 1 1200 degree cropped.png,1,219,0,661.943583820345,661.943583820345,52.6418594305859,23.9908580260349,0.890114334364914,8.9119405088108,923.827274905553,0.26141853744388,1,29.0312374401054,0.716523101018011,0.5,175.70835753184,197.984843106449,686.896889829606,232.772677595628,807.591256830601,172.236411692198,675.762118960254,51.8835610529585,25.5165054358812
um,Steel 1 1200 degree cropped.png,1,220,0,66.5560761874008,66.5560761874008,13.03778533932,6.68148354750045,0.858704685542577,-78.8022308664311,70.1732542410639,0.779092856635378,1,9.20553247477869,0.948453608247423,0.71875,30.0924654107159,180.695687950833,505.189827187787,212.445652173913,593.95652173913,177.339712779374,497.997131090282,6.80440144956833,13.6088028991367
um,Steel 1 1200 degree cropped.png,1,221,0,1072.13157510574,1075.02531754867,84.3167095719953,27.0485876412369,0.947147812748795,-73.7046175846935,1741.30951503341,0.140166719642436,0,36.9469933632471,0.615704196094724,0.37264269549912,307.359916778088,193.457122184589,756.603412767887,227.449392712551,889.545883940621,177.339712779374,713.18632693288,34.8725574290377,82.5033675760159
um,Steel 1 1200 degree cropped.png,1,222,0,10.1280985502566,10.1280985502566,4.86838048843683,2.75297098700551,0.824762122153737,90,10.1280985502566,0.86255066866221,1,3.59102987834432,1,0.777777777777778,9.47512901852389,178.615538051169,745.50723381833,210,876.5,177.339712779374,742.955583274741,2.55165054358812,5.10330108717624
um,Steel 1 1200 degree cropped.png,1,223,0,733.563709282874,733.563709282874,52.4355134626473,18.214308805999,0.937729672350026,-27.7777964488156,778.416717148296,0.576676240629661,1,30.5614515892417,0.942379182156134,0.528125,123.760154665111,207.993910384709,717.09013417478,244.540433925049,843.089743589744,181.592463685355,703.830274939724,51.0330108717624,27.2176057982733
um,Steel 1 1200 degree cropped.png,1,224,0,104.89816355623,104.89816355623,20.8758898187372,6.80778003602017,0.945332761390032,89.6624946742926,114.302826495754,0.607744305632958,1,11.5568373705737,0.917721518987342,0.755208333333333,43.9002970522524,187.162100906359,482.473123817624,220.048275862069,567.248275862069,184.144114228943,473.331175835597,6.80440144956833,20.413204348705
um,Steel 1 1200 degree cropped.png,1,225,0,2730.2459949049,2730.2459949049,112.365595544389,78.4290832442843,0.716115996100474,17.4745261304978,7536.75219261241,0.0607510558214846,1,58.9597928046539,0.362257631023229,0.257927829414981,748.827781725719,243.597887413956,500.868132351081,286.400370959195,588.875463698993,187.546314953727,450.366320943304,105.468222468309,100.364921381133
um,Steel 1 1200 degree cropped.png,1,226,0,127.324667488941,127.324667488941,33.7658264787388,6.11286882620041,0.983476259047272,72.2555867703242,180.135467072422,0.33704859750422,1,12.7324310980729,0.706827309236948,0.335238095238095,66.2272393086485,194.780824165377,149.029923225702,229.005681818182,175.215909090909,189.247415316119,135.662753900768,12.7582527179406,29.7692563418614
um,Steel 1 1200 degree cropped.png,1,227,0,340.01473704433,340.01473704433,61.0639395208207,9.12209159778775,0.988778970604813,53.8589907175484,470.233146976201,0.270503468629881,1,20.806734702917,0.723076923076923,0.223171889838557,123.008268304934,206.770558729994,203.433506529727,243.102127659574,239.178723404255,190.948515678511,177.339712779374,33.1714570666456,45.9297097845862
um,Steel 1 1200 degree cropped.png,1,228,0,357.377191701913,357.377191701913,59.4807238608312,7.94344462075791,0.991042543368163,38.5824732644797,423.933267889314,0.287655034250921,1,21.331356564018,0.843003412969283,0.207912457912458,122.276795149105,213.37618098268,395.469677264651,250.868421052632,464.957489878543,190.948515678511,376.368455179248,45.9297097845862,37.4242079726258
um,Steel 1 1200 degree cropped.png,1,229,0,1522.10852498143,1522.10852498143,162.993664863108,29.6403394675308,0.983326348679901,74.2306712592019,3259.07742635044,0.119265089505616,1,44.022820961234,0.467036625971143,0.199620493358634,397.798917544663,227.804746937933,184.678537869409,267.832224334601,217.128326996198,193.500166222099,104.192397196515,52.7341112341545,144.593530803327
um,Steel 1 1200 degree cropped.png,1,230,0,146.133993367989,146.133993367989,31.0539377602683,6.44737303250015,0.978209867228169,-78.817802778733,174.347982186561,0.44947751565607,1,13.640512423886,0.838174273858921,0.556473829201102,61.2464174475645,198.30872219698,342.20328601972,233.153465346535,402.331683168317,193.500166222099,327.887094851074,9.35605199315645,28.0681559794693
um,Steel 1 1200 degree cropped.png,1,231,0,3409.55203338283,3416.78638949015,275.176270280736,47.856727161993,0.984761023240997,43.9328575632882,9849.57584012459,0.0734971340953901,0,65.8876048945111,0.346162320969519,0.0906642556220303,760.844354685657,276.310421254751,374.168628861894,324.860810524082,439.913643114789,193.500166222099,286.210135972468,194.775991493893,193.074891131501
um,Steel 1 1200 degree cropped.png,1,232,0,145.410557757256,145.410557757256,18.7484076930396,10.0425533618973,0.844441153290512,62.3372838307887,156.262091918245,0.782475663368941,1,13.60670688883,0.930555555555556,0.598214285714286,45.6524304255163,199.811587094009,472.068045342626,234.92039800995,555.014925373134,193.500166222099,463.124573661244,13.6088028991367,17.8615538051169
um,Steel 1 1200 degree cropped.png,1,233,0,86.8122732879141,86.8122732879141,18.3487686587306,6.25114010062143,0.940177700056775,39.32048055943,95.4935006167055,0.614499190060215,1,10.5134589607098,0.909090909090909,0.441176470588235,39.4621262067715,203.37363624215,455.660995821249,239.108333333333,535.725,196.051816765687,448.665220580911,14.4593530803327,13.6088028991367
um,Steel 1 1200 degree cropped.png,1,234,0,129.494974321139,129.494974321139,23.4669197582738,7.22030180408718,0.951489894513092,84.5087369998973,133.112152374802,0.608141224326382,1,12.8404876134101,0.972826086956522,0.828703703703704,49.0563322506628,203.566593925249,115.879146753228,239.335195530726,136.240223463687,200.304567671668,105.042947377711,6.80440144956833,22.9648548922931
um,Steel 1 1200 degree cropped.png,1,235,0,169.283932911433,169.283932911433,26.632031622472,8.49667799245251,0.947741318722207,55.8286722099067,185.19951634755,0.581035908893641,1,14.6812464617665,0.9140625,0.456140350877193,57.8357112209684,209.402546746598,295.195435322539,246.196581196581,347.064102564103,200.304567671668,283.65848542888,16.1604534427248,22.9648548922931
um,Steel 1 1200 degree cropped.png,1,236,0,317.588233111619,317.588233111619,52.0681365785853,9.8886496352623,0.981800055129395,-65.3209192095805,447.083207432758,0.327477345216165,1,20.1088512188112,0.710355987055016,0.312678062678063,107.722180448479,212.870041931683,550.315654593533,250.273348519362,647.01138952164,200.304567671668,532.019138338123,22.9648548922931,44.2286094221941
um,Steel 1 1200 degree cropped.png,1,237,0,852.207149443023,852.207149443023,86.8219386136271,18.1742983419536,0.977845395177008,51.9573226583596,1331.12152374802,0.259442242246755,1,32.9403072690114,0.640217391304348,0.221013133208255,200.496792012618,226.134433700621,310.319406855589,265.868421052632,364.845500848896,202.856218215256,279.405734522899,55.2857617777426,69.7451148580753
um,Steel 1 1200 degree cropped.png,1,238,0,41.2358298117592,41.2358298117592,8.47663854810087,6.47847957770972,0.644890942887575,-37.3688460326855,42.6827010332244,0.898062062251573,1,7.24590154337615,0.966101694915254,0.7125,21.3488095480206,210.20527021945,660.773037258299,247.140350877193,776.877192982456,206.25841894004,657.050014973941,8.50550181196041,6.80440144956833
um,Steel 1 1200 degree cropped.png,1,239,0,82.4716596235184,82.4716596235184,14.3199708790289,7.50681716112448,0.851582787049247,-80.9883284264771,86.8122732879141,0.835515961059056,1,10.2472522342627,0.95,0.791666666666667,32.5471532336477,210.593240477539,571.099680874131,247.59649122807,671.447368421053,207.108969121236,564.340045223573,7.65495163076437,13.6088028991367
um,Steel 1 1200 degree cropped.png,1,240,0,130.218409931871,130.218409931871,23.0062280571557,7.71061524107365,0.94216357794244,65.2870190806063,149.751171421652,0.611699577757956,1,12.8763049427152,0.869565217391304,0.535714285714286,49.0495278492133,216.115350484345,169.089376021773,254.088888888889,198.8,209.660619664824,158.627608793062,11.9077025367446,20.413204348705
um,Steel 1 1200 degree cropped.png,1,241,0,56.4279776371442,56.4279776371442,9.74570339814608,7.51705485894056,0.63644766440038,1.53074185017892,57.1514132478768,0.94081058246754,1,8.47622159674011,0.987341772151899,0.722222222222222,24.7816300793278,217.969840665739,618.873397225642,256.269230769231,727.615384615385,213.062820389608,615.373056095335,10.2066021743525,7.65495163076437
um,Steel 1 1200 degree cropped.png,1,242,0,518.703332895287,518.703332895287,84.9738307598829,8.30778401003353,0.995209161080619,-45.6356467575352,619.984318397853,0.234172820024525,1,25.6989026113608,0.836639439906651,0.162217194570136,164.16639157301,242.606093733537,721.62717744097,285.234309623431,848.423988842399,214.763920752,694.474222946567,57.8374123213308,55.2857617777426
um,Steel 1 1200 degree cropped.png,1,243,0,31.1077312615026,31.1077312615026,11.5393903181396,3.75255076254092,0.945647018536157,38.732982406117,35.4483449258983,0.617497515794842,1,6.29345641036301,0.877551020408163,0.434343434343434,22.4885467908233,221.182607584515,75.6594056529036,260.046511627907,88.953488372093,216.465021114392,71.8714903110654,9.35605199315645,7.65495163076437
um,Steel 1 1200 degree cropped.png,1,244,0,1590.83490800103,1593.72865044396,143.148215193099,18.691834208638,0.991438198943686,64.3907514895516,2347.54855682734,0.161977962514893,0,45.0057097934477,0.677657935285054,0.222818927956227,348.637117071532,251.536581757721,229.196778749381,295.733969986357,269.468849477035,220.717772020373,169.68476114861,60.3890628649189,118.22647518625
um,Steel 1 1200 degree cropped.png,1,245,0,153.368349475315,153.368349475315,29.1607029743504,7.44357476672462,0.966872324614739,-26.7552217053643,187.369823179748,0.510386247490456,1,13.9740705402089,0.818532818532819,0.445378151260504,58.7781208217336,232.569306148925,670.763130631149,273.433962264151,788.622641509434,220.717772020373,663.85441642351,23.8154050734891,14.4593530803327
um,Steel 1 1200 degree cropped.png,1,246,0,10.1280985502566,10.1280985502566,4.86838048843683,2.75297098700551,0.824762122153737,0,10.1280985502566,0.86255066866221,1,3.59102987834432,1,0.777777777777778,9.47512901852389,225.821073107549,64.6418137708991,265.5,76,223.269422563961,63.365988499105,5.10330108717624,2.55165054358812
um,Steel 1 1200 degree cropped.png,1,247,0,15.9155834361176,15.9155834361176,8.69463215506893,2.64096158432826,0.952752978752357,28.6755782220926,18.8093258790481,0.562391519215111,1,4.50159418521893,0.846153846153846,0.407407407407407,16.1859699481607,227.174221123088,397.593548337276,267.090909090909,467.454545454545,223.269422563961,395.080559165561,7.65495163076437,5.10330108717624
um,Steel 1 1200 degree cropped.png,1,248,0,170.730804132898,170.730804132898,19.6455295918456,11.4412782387761,0.812912500977757,-4.47140190724398,182.30577390462,0.766166893638501,1,14.743853340509,0.936507936507937,0.674285714285714,50.2454014039749,233.021917438183,560.530589539148,273.966101694915,659.021186440678,223.269422563961,554.983993230417,21.263754529901,11.9077025367446
um,Steel 1 1200 degree cropped.png,1,249,0,112.855955274288,112.855955274288,16.7499781336618,8.86526138267066,0.848453439082411,82.2630395733742,120.813746992347,0.773843459313647,1,11.9871875397896,0.934131736526946,0.675324675324675,40.1374630506412,230.580882775396,96.2321198596802,271.096153846154,113.141025641026,225.821073107549,87.1813935725942,9.35605199315645,17.8615538051169
um,Steel 1 1200 degree cropped.png,1,250,0,5.78748488586094,5.78748488586094,3.10577013687452,2.59847372512617,0.547722557505166,0,5.78748488586094,0.936368556122002,1,2.7145634310576,1,0.666666666666667,6.14097230823541,229.223273832333,62.090163227311,269.5,73,227.522173469941,60.8143379555169,3.40220072478416,2.55165054358812
um,Steel 1 1200 degree cropped.png,1,251,0,159.155834361176,159.155834361176,25.921748344987,8.22115944285133,0.948374395696067,-70.9760377907995,179.412031461689,0.561448437557927,1,14.2352907270617,0.887096774193548,0.523809523809524,57.0123786455706,239.136049580454,746.264996707032,281.154545454545,877.390909090909,232.625474557117,733.599531281585,11.9077025367446,25.5165054358812
um,Steel 1 1200 degree cropped.png,1,252,0,368.228725862902,368.228725862902,33.5910365361493,28.2266790332617,0.542115628163675,52.1836380749436,619.260882787121,0.241905646560015,1,21.6527913968636,0.594626168224299,0.441840277777778,135.633835194608,245.792292145986,439.550631261985,288.980353634578,516.783889980354,233.476024738313,424.849815507422,27.2176057982733,30.6198065230575
um,Steel 1 1200 degree cropped.png,1,253,0,613.47339790126,613.47339790126,62.5603572020129,15.6096761277075,0.968371227532079,84.5505473331823,845.69622894643,0.27832367897223,1,27.9481410804177,0.725406330196749,0.464912280701754,163.756426385674,249.711703727724,88.6437782001694,293.588443396226,104.219339622642,239.429876006685,59.1132375931248,20.413204348705,64.6418137708991
um,Steel 1 1200 degree cropped.png,1,254,0,126.601231878208,126.601231878208,19.5952391693883,8.38481986948949,0.903825672505964,-2.85778338560075,126.601231878208,0.778188169108108,1,12.6962078921039,1,0.883838383838384,42.5428189630636,248.846681584213,549.581784508134,292.571428571429,646.148571428571,239.429876006685,545.62794123726,18.7121039863129,7.65495163076437
um,Steel 1 1200 degree cropped.png,1,255,0,593.940636411479,593.940636411479,57.5274192932586,17.9852636622231,0.949872313495444,-15.466392035906,795.779171805879,0.438743226282499,1,27.4996128246247,0.746363636363636,0.434391534391534,127.75603941637,268.657826051744,632.180487111942,315.863580998782,743.26065773447,239.429876006685,622.177457544904,53.5846614153506,25.5165054358812
um,Steel 1 1200 degree cropped.png,1,256,0,102.727856724032,102.727856724032,18.9920323257961,7.41397370233746,0.920656853249377,-43.4054482647342,116.473133327951,0.640569328756269,1,11.4366590194394,0.881987577639752,0.493055555555556,42.2196098942091,248.426540599337,18.2928186857233,292.077464788732,21.5070422535211,240.280426187881,12.3329776273426,15.3099032615287,13.6088028991367
um,Steel 1 1200 degree cropped.png,1,257,0,125.877796267475,125.877796267475,21.2789817062151,8.36834204273502,0.919423895680175,13.3436935453626,146.857428978721,0.590028116760213,1,12.6598810425638,0.857142857142857,0.58,49.1056641611722,253.503059751877,614.214548089913,298.045977011494,722.137931034483,241.981526550274,608.568654645767,21.263754529901,10.2066021743525
um,Steel 1 1200 degree cropped.png,1,258,0,180.135467072422,180.135467072422,18.5777941268207,12.501567194379,0.739705571028659,-22.7571764743437,186.646387569015,0.909350113832791,1,15.1444907503008,0.965116279069767,0.741071428571429,47.2208449596418,252.849098443748,685.59126814255,297.277108433735,806.056224899598,244.533177093862,678.313769503842,17.8615538051169,13.6088028991367
um,Steel 1 1200 degree cropped.png,1,259,0,37.6186517580961,37.6186517580961,9.64401147745526,5.12779496836503,0.846927944427235,46.6092886187724,38.3420873688287,0.852398769049013,1,6.92080595292405,0.981132075471698,0.641975308641975,20.877604747638,250.258034082681,189.787187546493,294.230769230769,223.134615384615,246.234277456254,185.845214591335,7.65495163076437,7.65495163076437
um,Steel 1 1200 degree cropped.png,1,260,0,936.84911589874,936.84911589874,90.9752503172454,28.1436059152031,0.950946777695242,57.2979641637242,1923.61528893803,0.119586489611947,1,34.537419443445,0.487025197442648,0.210980775496905,311.088728772452,278.669795157625,237.507763956284,327.634749034749,279.240154440154,246.234277456254,195.201266584491,56.1363119589387,79.1011668512318
um,Steel 1 1200 degree cropped.png,1,261,0,66.5560761874008,66.5560761874008,17.5936644258235,5.31309663978107,0.953311346446327,71.3837494750023,81.0247884020532,0.539409256888278,1,9.20553247477869,0.821428571428571,0.484210526315789,36.7046425193339,251.901530294006,131.631885650752,296.163043478261,154.760869565217,247.08482763745,123.755051364024,8.50550181196041,16.1604534427248
um,Steel 1 1200 degree cropped.png,1,262,0,1397.67759993542,1399.12447115688,122.63681869535,15.2621669334374,0.992225865096937,-41.4349864410417,1590.83490800103,0.273267174336632,0,42.1850493780475,0.878581173260573,0.200623052959502,250.849362739423,291.733429229862,744.747373770325,342.993788819876,875.606625258799,247.08482763745,708.083025845704,91.0088693879763,76.5495163076437
um,Steel 1 1200 degree cropped.png,1,263,0,844.972793335697,847.866535778628,70.258581976217,21.8905799707529,0.950222672687957,9.82894996353343,1191.49845087662,0.268310914283806,0,32.8001947357076,0.709168184578021,0.458039215686275,196.261052110262,283.095578502454,420.739065701899,332.838184931507,494.666952054795,247.935377818646,408.689362064698,72.2967654016634,25.5165054358812
um,Steel 1 1200 degree cropped.png,1,264,0,70.1732542410639,70.1732542410639,15.7461654549323,6.33171165710526,0.915590777570263,40.9363396065998,80.3013527913205,0.574867474656731,1,9.45237336770385,0.873873873873874,0.433035714285714,36.4937060743973,256.261124179941,144.234019901997,301.288659793814,169.577319587629,248.785927999842,137.363854263161,13.6088028991367,11.9077025367446
um,Steel 1 1200 degree cropped.png,1,265,0,204.008842226598,204.008842226598,22.4812577573624,13.599256178993,0.796289841832307,49.5146399514413,248.86185009202,0.473555189952824,1,16.1168273986707,0.819767441860465,0.47,70.9052653052267,259.9969032605,158.142010994577,305.68085106383,185.929078014184,248.785927999842,146.719906256317,20.413204348705,21.263754529901
um,Steel 1 1200 degree cropped.png,1,266,0,188.816694401213,188.816694401213,36.7115549750262,8.08876658816969,0.97542471496384,-44.7177776749031,254.649334977881,0.369319300844776,1,15.5051243793076,0.741477272727273,0.311827956989247,77.4817193062345,262.380066240682,530.267526374932,308.48275862069,623.44061302682,251.33757854343,517.559785257791,22.9648548922931,26.3670556170773
um,Steel 1 1200 degree cropped.png,1,267,0,138.899637260663,138.899637260663,20.5402611644692,10.7669178114388,0.851603788905652,47.6912303733633,167.837061689967,0.55285725523729,1,13.2985905610198,0.827586206896552,0.481203007518797,53.5166174008549,262.780136449833,233.192508011248,308.953125,274.166666666667,255.59032944941,225.821073107549,16.1604534427248,17.8615538051169
um,Steel 1 1200 degree cropped.png,1,268,0,764.671440544377,764.671440544377,99.3766866590928,10.549562970678,0.99434934650158,50.0382178352812,914.422611966029,0.228624356471862,1,31.2027229073154,0.83623417721519,0.175144987572494,202.340784805451,287.715295966722,262.145681437219,338.26963103122,308.207190160833,255.59032944941,227.522173469941,60.3890628649189,72.2967654016634
um,Steel 1 1200 degree cropped.png,1,269,0,193.157308065609,193.157308065609,34.6074389675428,7.49786363087794,0.97624830316726,74.4177915978595,227.158781770042,0.478064073485472,1,15.6823315544509,0.85031847133758,0.529761904761905,68.5832633105615,264.263074274527,120.086854608791,310.696629213483,141.187265917603,258.141979992998,105.042947377711,11.9077025367446,30.6198065230575
um,Steel 1 1200 degree cropped.png,1,270,0,47.0233146976201,47.0233146976201,12.5831784797455,4.96487310467876,0.91886832960026,-46.4801041580457,48.4701859190854,0.744561879654613,1,7.73769628491169,0.970149253731343,0.537190082644628,25.4994944322573,262.83309137698,648.23700655801,309.015384615385,762.138461538462,258.141979992998,643.441212074805,9.35605199315645,9.35605199315645
um,Steel 1 1200 degree cropped.png,1,271,0,630.835852558842,630.835852558842,46.3347832578631,25.7678178135462,0.831100300513637,84.2267763214205,904.294513415772,0.194074808208217,1,28.3408742581212,0.6976,0.511436950146628,199.433604286123,273.810831037417,56.8151914613612,321.922018348624,66.7981651376147,259.84308035539,35.2978325196357,26.3670556170773,46.7802599657822
um,Steel 1 1200 degree cropped.png,1,272,0,105.621599166962,105.621599166962,18.375613804849,8.02297272220909,0.899650987320212,82.3587616638156,118.643440160149,0.643408555604422,1,11.5966200609291,0.890243902439024,0.663636363636364,42.7469510065506,267.795141980956,94.3994187404154,314.849315068493,110.986301369863,263.245281080175,84.6297430290061,8.50550181196041,18.7121039863129
um,Steel 1 1200 degree cropped.png,1,273,0,102.004421113299,102.004421113299,14.4315188975062,9.44493009907092,0.756091933548123,-37.6580089481271,109.238777220625,0.829065500113497,1,11.3963179448132,0.933774834437086,0.629464285714286,36.648506207375,274.872483025248,403.462399426355,323.170212765957,474.354609929078,267.498031986155,397.632209709149,13.6088028991367,11.9077025367446
um,Steel 1 1200 degree cropped.png,1,274,0,287.927373071582,287.927373071582,40.7894093965151,9.38025387727415,0.973198220103532,-25.6189717209182,333.503816547737,0.46822930254846,1,19.1468148109928,0.863340563991323,0.388292682926829,85.2336336576552,285.496357679705,597.896173226438,335.6608040201,702.952261306533,267.498031986155,587.304900115866,34.8725574290377,21.263754529901
um,Steel 1 1200 degree cropped.png,1,275,0,262.60712669594,262.60712669594,33.1645029839415,10.5265483911087,0.948290384428272,-87.6862059173875,294.438293568175,0.581785605879581,1,18.2855620214022,0.891891891891892,0.664835164835165,72.642088775229,273.638160773549,699.096014220422,321.719008264463,821.933884297521,267.498031986155,682.566520409823,11.9077025367446,33.1714570666456
um,Steel 1 1200 degree cropped.png,1,276,0,1968.46829680345,1972.80891046785,144.389599503448,31.2264403181417,0.976334665539801,-61.1967036999886,3814.67597539309,0.17031894930188,0,50.0632767410168,0.516025033187939,0.217193486590038,378.426786617742,300.804995669319,173.323121616832,353.659316427784,203.777655273796,270.049682529743,105.042947377711,73.9978657640555,122.47922609223
um,Steel 1 1200 degree cropped.png,1,277,0,65.8326405766682,65.8326405766682,11.1773187901038,7.71769497187161,0.723353201234764,57.4698859248478,70.1732542410639,0.867187124679768,1,9.15536571178621,0.938144329896907,0.636363636363636,28.2144506106351,277.354132712212,222.844147473363,326.087912087912,262,272.601333073331,217.315571295588,9.35605199315645,11.0571523555485
um,Steel 1 1200 degree cropped.png,1,278,0,585.259409082688,585.259409082688,55.6011823727528,17.4024607831716,0.949757329882431,9.2306322376302,792.161993752216,0.416729457933413,1,27.2979014499725,0.738812785388128,0.473653395784543,130.175004131692,299.006763327755,389.169287974245,351.545117428925,457.550061804697,276.003533798115,380.621206085228,51.8835610529585,23.8154050734891
um,Steel 1 1200 degree cropped.png,1,279,0,290.09767990378,290.09767990378,55.3245524624987,7.34725810167826,0.991142473969064,-41.3680845561075,360.994369755576,0.298403829105998,1,19.218840700974,0.803607214428858,0.212619300106045,107.856567377108,296.797470709226,467.874716132038,348.947630922693,550.084788029925,276.854083979311,450.366320943304,39.1253083350179,34.8725574290377
um,Steel 1 1200 degree cropped.png,1,280,0,517.256461673821,517.256461673821,49.3697809941282,17.2974258863667,0.936613374979707,-9.57889824323055,706.073156075035,0.315979295004181,1,25.663035318779,0.732581967213115,0.493103448275862,140.754147285408,299.159316388425,675.384427096576,351.724475524476,794.055944055944,276.854083979311,666.406066967098,49.3319105093704,21.263754529901
um,Steel 1 1200 degree cropped.png,1,281,0,102.004421113299,102.004421113299,15.7346987733404,8.43567402008595,0.844142292569725,-1.06327754854222,102.727856724032,0.859883992847673,1,11.3963179448132,0.992957746478873,0.92156862745098,35.9374462558951,288.426995487287,693.03552636348,339.106382978723,814.808510638298,281.106834885291,689.370921859391,14.4593530803327,7.65495163076437
um,Steel 1 1200 degree cropped.png,1,282,0,194.604179287074,194.604179287074,43.7316355593561,6.38603134210697,0.989280497596424,-37.8164979275585,248.138414481288,0.313692333372283,1,15.7409572974147,0.784256559766764,0.221217105263158,85.6214845402806,297.727344281042,481.449345315971,350.040892193309,566.044609665428,281.957385066487,467.377324567224,32.3209068854495,27.2176057982733
um,Steel 1 1200 degree cropped.png,1,283,0,465.892533311806,465.892533311806,36.9906041309603,22.4211756398524,0.795364339112089,40.7100086902318,622.878060840784,0.317655211904174,1,24.3555496141934,0.747967479674797,0.532671629445823,133.087287952107,300.547981884058,17.0043999734457,353.357142857143,19.9922360248447,283.65848542888,4.67802599657822,33.1714570666456,26.3670556170773
um,Steel 1 1200 degree cropped.png,1,284,0,162.049576804106,162.049576804106,34.6744137470407,8.15764580175197,0.971931473349376,78.3202892510101,240.180622763229,0.387941616030711,1,14.3641195133773,0.674698795180723,0.4,69.7791368653232,291.936161299448,71.7309976472072,343.232142857143,84.3348214285714,283.65848542888,56.5615870495367,13.6088028991367,29.7692563418614
um,Steel 1 1200 degree cropped.png,1,285,0,21.7030683219785,21.7030683219785,5.89735540398669,4.8325220794282,0.57316662956209,62.5963988262069,22.4265039327111,0.950674577948476,1,5.25672948035488,0.967741935483871,0.714285714285714,14.26542763902,288.591676479817,99.7128329088825,339.3,117.233333333333,286.210135972468,96.5374455657506,5.10330108717624,5.95385126837228
um,Steel 1 1200 degree cropped.png,1,286,0,365.334983419972,365.334983419972,45.2897647775985,12.6857497205419,0.959970269717622,-21.7964974858268,481.084681137191,0.449389362230898,1,21.567543855652,0.759398496240602,0.429421768707483,98.4018515629323,305.647312935028,660.240841346765,359.352475247525,776.251485148515,286.210135972468,650.245613524373,41.676958878606,20.413204348705
um,Steel 1 1200 degree cropped.png,1,287,0,69.4498186303313,69.4498186303313,9.99176668717622,8.98755117513122,0.436929610865364,-41.72504058093,72.3435610732618,0.939927443228527,1,9.40352356592052,0.96,0.727272727272727,27.7993821222114,292.438644070185,626.731444973391,343.822916666667,736.854166666667,287.060686153664,622.177457544904,10.2066021743525,9.35605199315645
um,Steel 1 1200 degree cropped.png,1,288,0,107.79190599916,107.79190599916,16.6869270341896,8.41172074976224,0.86365085921328,31.1406650238907,116.473133327951,0.799966347420495,1,11.7151575883769,0.925465838509317,0.626050420168067,38.4771890969465,295.135204484548,581.445237290378,346.993288590604,683.610738255034,287.91123633486,575.397197579122,14.4593530803327,11.9077025367446
um,Steel 1 1200 degree cropped.png,1,289,0,567.896954425105,567.896954425105,53.6269681959476,23.3018652946789,0.90066330781955,4.16887655215551,896.336721697713,0.278718175534473,1,26.8899397490717,0.633575464083939,0.443502824858757,157.341576919093,315.582288312535,41.5155168696911,371.033121019108,48.8101910828025,288.761786516056,28.4934310700674,50.1824606905664,25.5165054358812
um,Steel 1 1200 degree cropped.png,1,290,0,104.174727945497,104.174727945497,25.9867230791685,5.43089093339349,0.97791838888989,-46.434818246865,117.196568938684,0.44996656558378,1,11.5169172603711,0.888888888888889,0.311688311688312,51.2660616214102,297.686656820134,457.71412945308,349.993055555556,538.138888888889,288.761786516056,448.665220580911,17.8615538051169,18.7121039863129
um,Steel 1 1200 degree cropped.png,1,291,0,436.955108882501,436.955108882501,42.2463520418288,19.6097105330845,0.885743387218062,14.3075053319466,594.664072022212,0.243640535566749,1,23.5870414402328,0.734793187347932,0.525217391304348,147.451379412146,314.838753826301,429.565862786935,370.158940397351,505.044701986755,293.014537422036,418.045414057854,39.1253083350179,21.263754529901
um,Steel 1 1200 degree cropped.png,1,292,0,362.441240977041,362.441240977041,37.9725108142616,12.7539504442436,0.941907194475934,82.8498865092433,426.103574721512,0.518276490524646,1,21.4819580265593,0.850594227504245,0.605072463768116,91.0718101013848,301.385071690274,91.5572280876297,354.341317365269,107.644710578842,293.865087603232,72.7220404922615,15.3099032615287,39.1253083350179
um,Steel 1 1200 degree cropped.png,1,293,0,44.1295722546897,44.1295722546897,9.30919586615423,6.18240625879519,0.747627605745217,-46.5793017827455,44.8530078654223,0.924459003178223,1,7.49583327502143,0.983870967741935,0.753086419753086,21.8200143484032,298.431566035063,635.51436325497,350.868852459016,747.180327868852,294.715637784428,631.53350953806,7.65495163076437,7.65495163076437
um,Steel 1 1200 degree cropped.png,1,294,0,146.857428978721,146.857428978721,26.6572004834912,7.59648994047645,0.958536575178172,77.8201504100739,170.007368522165,0.535595142571618,1,13.6742343849242,0.863829787234043,0.563888888888889,56.0274415357456,301.857326374816,129.954011921066,354.896551724138,152.788177339901,296.41673814682,116.950649914456,10.2066021743525,25.5165054358812
um,Steel 1 1200 degree cropped.png,1,295,0,423.933267889314,423.933267889314,46.7693633785485,12.1071828466486,0.965912184424883,-26.2702238371758,474.573760640597,0.456349594713108,1,23.2329206301205,0.893292682926829,0.388594164456233,105.372960848015,316.451113831204,721.903740564729,372.054607508532,848.749146757679,297.267288328016,709.784126208096,44.2286094221941,24.6659552546852
um,Steel 1 1200 degree cropped.png,1,296,0,94.7700650059729,94.7700650059729,21.2561415215468,6.15290852957478,0.957188605624925,-84.3783000516336,108.515341609893,0.51962097450819,1,10.9847619192555,0.873333333333333,0.655,45.2016388294824,302.036212817241,514.355613391987,355.106870229008,604.732824427481,298.117838509212,503.950982358654,6.80440144956833,21.263754529901
um,Steel 1 1200 degree cropped.png,1,297,0,214.860376387587,214.860376387587,38.7853006000491,7.72996040613735,0.979938261412091,-69.3508941925723,265.500869138871,0.412190213583321,1,16.5399131742992,0.809264305177112,0.390789473684211,78.2625243725725,311.324276760342,611.740319041978,366.026936026936,719.228956228956,302.370589415192,594.109301565434,16.1604534427248,34.0220072478416
um,Steel 1 1200 degree cropped.png,1,298,0,154.81522069678,154.81522069678,20.6966366777899,9.82326482229361,0.880184888895235,-22.745238372894,170.730804132898,0.73783350264237,1,14.0398312353832,0.906779661016949,0.581521739130435,48.6769868698494,313.896736730466,116.318699078894,369.051401869159,136.757009345794,304.071689777585,110.146248464887,19.5626541675089,13.6088028991367
um,Steel 1 1200 degree cropped.png,1,299,0,3.61717805366309,3.61717805366309,2.36528406814042,2.36528406814042,0,0,3.61717805366309,0.817743873391467,1,2.14605082378587,1,0.555555555555556,4.78349421904653,305.347515049379,398.908034980943,359,469,304.071689777585,397.632209709149,2.55165054358812,2.55165054358812
um,Steel 1 1200 degree cropped.png,1,300,0,856.547763107419,865.952426046943,71.6761753448485,22.7615695289832,0.948237791063097,-58.3156382815806,1320.26998958703,0.1791550654804,0,33.0240894491099,0.648767123287671,0.335886524822695,242.440823648119,322.517996832274,589.526818790224,379.1875,693.112331081081,304.071689777585,557.535643774005,39.9758585162139,63.791263589703
um,Steel 1 1200 degree cropped.png,1,301,0,106.345034777695,106.345034777695,16.391628586601,8.43618132942891,0.857391949395385,-71.1289040050435,112.855955274288,0.809310234417759,1,11.6362667408923,0.942307692307692,0.742424242424242,37.9634567875041,309.721773124101,638.572246241632,364.142857142857,750.775510204082,304.922239958781,630.682959356864,9.35605199315645,15.3099032615287
um,Steel 1 1200 degree cropped.png,1,302,0,214.860376387587,214.860376387587,30.7770131013183,9.36248303719079,0.952606988102479,-19.1618963069165,243.797800816892,0.580201260758376,1,16.5399131742992,0.881305637982196,0.513840830449827,65.5450980633293,321.971904954574,152.414583142877,378.545454545455,179.195286195286,307.473890502369,144.168255712729,28.9187061606654,14.4593530803327
um,Steel 1 1200 degree cropped.png,1,303,0,64.385769355203,64.385769355203,14.0491644258277,6.20096087615585,0.897322362785375,-33.8421984379286,73.0669966839944,0.635663391561233,1,9.05419834448317,0.881188118811881,0.456410256410256,33.0047492311312,314.187502887652,76.0334521527607,369.393258426966,89.3932584269663,308.324440683565,70.1703899486733,12.7582527179406,11.0571523555485
um,Steel 1 1200 degree cropped.png,1,304,0,210.519762723192,210.519762723192,29.6898671967343,11.7964217722657,0.917679490330406,-1.31274828630066,296.608600400373,0.298117319224922,1,16.371990924974,0.709756097560976,0.462639109697933,91.5294060988683,324.901400658318,371.532595128427,381.989690721649,436.814432989691,309.174990864761,364.460752642503,31.4703567042535,14.4593530803327
um,Steel 1 1200 degree cropped.png,1,305,0,52.0873639727485,52.0873639727485,12.955194390281,5.43139913567265,0.907873183035547,90,53.5342351942137,0.695286131286526,1,8.1436902931728,0.972972972972973,0.75,28.010318567148,311.372245499517,506.502632902242,366.083333333333,595.5,309.174990864761,499.698231452674,5.10330108717624,13.6088028991367
um,Steel 1 1200 degree cropped.png,1,306,0,122.260618213812,122.260618213812,21.4562463091341,7.4288121880336,0.938149385658948,86.547072427538,130.218409931871,0.661576900857594,1,12.476660365402,0.938888888888889,0.751111111111111,45.5180434968873,314.81428955133,546.813175365495,370.130177514793,642.89349112426,310.876091227153,536.271889244104,7.65495163076437,21.263754529901
um,Steel 1 1200 degree cropped.png,1,307,0,18.8093258790481,18.8093258790481,5.93094367025409,4.32474865059834,0.684317789064109,-47.6241746282503,19.5327614897807,0.855585271384713,1,4.89374882058882,0.962962962962963,0.619047619047619,13.9490229716151,315.455976818208,86.5925511394585,370.884615384615,101.807692307692,312.577191589545,83.77919284781,5.95385126837228,5.10330108717624
um,Steel 1 1200 degree cropped.png,1,308,0,162.773012414839,162.773012414839,23.8058200331796,9.40345490230808,0.918678302470503,14.9760977822607,188.093258790481,0.64498638948504,1,14.3961465754639,0.865384615384615,0.642857142857143,53.6424988276719,326.717115824051,18.1337298630996,384.124444444444,21.32,315.979392314329,12.3329776273426,21.263754529901,11.9077025367446
um,Steel 1 1200 degree cropped.png,1,309,0,78.1310459591227,78.1310459591227,20.6735840926755,5.26463319820806,0.96703194908209,44.3461177904156,88.982580120112,0.460129977717912,1,9.97394292076486,0.878048780487805,0.334365325077399,43.520951671439,324.098996358895,264.371472523795,381.046296296296,310.824074074074,315.979392314329,258.141979992998,16.1604534427248,14.4593530803327
um,Steel 1 1200 degree cropped.png,1,310,0,6646.92639141129,6705.52467588063,281.4451758087,162.843813076633,0.815612373252498,37.2524198146143,29081.3881158405,0.0509501803710737,-1,91.9952690766685,0.228562899574616,0.127522553782096,1277.7185964974,418.82107361034,468.576407773257,492.411950370048,550.909773617762,318.531042857917,355.955250830543,222.844147473363,233.901299828911
um,Steel 1 1200 degree cropped.png,1,311,0,999.064578421745,1022.93795357592,104.116525049441,18.3045109306703,0.984424487267215,-67.2058086639187,1532.23662353168,0.212866527313704,0,35.6657893364318,0.652030217186024,0.277979066022544,240.183463467225,336.336242324454,653.492300910452,395.433743664012,768.31716147719,318.531042857917,606.867554283375,39.1253083350179,91.8594195691724
um,Steel 1 1200 degree cropped.png,1,312,0,647.474871605693,647.474871605693,64.9355428922856,15.1961865393356,0.97223189112805,-73.1804429150145,830.504081121045,0.313546772424081,1,28.712203167829,0.779616724738676,0.441975308641975,158.416672348125,332.482441668027,558.345804700786,390.902793296089,656.45251396648,321.082693401505,528.616937613339,22.9648548922931,63.791263589703
um,Steel 1 1200 degree cropped.png,1,313,0,570.790696868035,570.790696868035,66.2043756723897,13.1776652243276,0.979990304117363,-49.6325736075638,742.968372222398,0.376467019326921,1,26.9583620982307,0.7682570593963,0.305222437137331,135.359958036263,343.206161200739,132.36350316623,403.510773130545,155.621039290241,322.783793763897,106.744047740103,39.9758585162139,46.7802599657822
um,Steel 1 1200 degree cropped.png,1,314,0,803.013527913206,803.013527913206,107.404597662873,10.4382911621911,0.995266174680287,32.5708394659925,1011.3629838042,0.206672483411285,1,31.9754371150167,0.793991416309013,0.161713286713287,218.293704003964,367.029260937431,372.659749884663,431.51981981982,438.13963963964,322.783793763897,345.748648656191,88.4572188443882,56.1363119589387
um,Steel 1 1200 degree cropped.png,1,315,0,51.3639283620158,51.3639283620158,9.26692042030673,7.28271809635566,0.618374823683062,-54.1237217016652,53.5342351942137,0.893069737947723,1,8.08693914676391,0.959459459459459,0.717171717171717,24.2117614579265,326.491473779111,508.173784314592,383.859154929577,597.464788732394,322.783793763897,503.950982358654,7.65495163076437,9.35605199315645
um,Steel 1 1200 degree cropped.png,1,316,0,189.540130011946,189.540130011946,32.7202002190925,7.66451164114105,0.972177830066243,28.7319078039443,219.200990051983,0.472082197147424,1,15.5347992856507,0.864686468646865,0.372159090909091,68.3587180627258,337.561291568494,172.288353687996,396.874045801527,202.56106870229,323.634343945093,162.880359699042,27.2176057982733,18.7121039863129
um,Steel 1 1200 degree cropped.png,1,317,0,304.566392118432,304.566392118432,35.3794551933201,15.0222622938018,0.905379116586381,-74.559811990509,396.442714681474,0.469256017054411,1,19.6922821034664,0.768248175182482,0.478409090909091,87.6389895700776,334.258139973168,94.3767248560376,392.990498812352,110.959619952494,325.335444307486,76.9747913982417,18.7121039863129,34.0220072478416
um,Steel 1 1200 degree cropped.png,1,318,0,188.093258790481,188.093258790481,30.0185069123697,8.16711014796847,0.962277698365443,31.2648562989799,203.285406615866,0.549954712777069,1,15.4753925698234,0.925266903914591,0.412698412698413,62.8862781969105,340.62571948791,192.544932941679,400.476923076923,226.376923076923,327.887094851074,183.293564047747,25.5165054358812,17.8615538051169
um,Steel 1 1200 degree cropped.png,1,319,0,144.687122146524,144.687122146524,24.0909141375461,8.36951314869256,0.937711967800616,-19.7634734037015,164.219883636304,0.587754590389507,1,13.572817155288,0.881057268722467,0.529100529100529,52.9467487794535,339.662962109733,362.95102607088,399.345,426.725,327.887094851074,357.656351192935,22.9648548922931,11.9077025367446
um,Steel 1 1200 degree cropped.png,1,320,0,77.4076103483901,77.4076103483901,11.3763668912903,8.91628444294178,0.621070123729254,86.0598272778146,81.0247884020532,0.891892911427443,1,9.92765987325417,0.955357142857143,0.694805194805195,30.3527337661619,334.154934270448,67.5193760661605,392.869158878505,79.3831775700935,329.588195213466,60.8143379555169,9.35605199315645,11.9077025367446
um,Steel 1 1200 degree cropped.png,1,321,0,12.2984053824545,12.2984053824545,5.07069067546845,3.26524186361085,0.765072456664546,-76.0355106456596,13.0218409931871,0.909782519637404,1,3.95712219550077,0.944444444444444,0.708333333333333,10.3614023073302,331.114182303259,446.338715673522,389.294117647059,524.764705882353,329.588195213466,443.561919493735,3.40220072478416,5.10330108717624
um,Steel 1 1200 degree cropped.png,1,322,0,122.260618213812,122.260618213812,14.5714945107781,10.9036959340407,0.663372343455118,-65.7567963473706,128.771538710406,0.900259362001731,1,12.476660365402,0.949438202247191,0.710084033613445,38.6387936313737,337.698618982681,53.1920997932601,397.03550295858,62.5384615384615,332.139845757054,46.3549848751842,11.9077025367446,14.4593530803327
um,Steel 1 1200 degree cropped.png,1,323,0,411.634862506859,411.634862506859,54.8152481583982,10.1566375907697,0.982684158306084,-40.3585005991191,464.44566209034,0.400516901006717,1,22.8934441475143,0.886292834890966,0.283225485316078,110.97298324101,357.214633128711,455.740931095308,419.980667838313,535.818980667838,334.691496300642,436.757518044167,41.676958878606,34.8725574290377
um,Steel 1 1200 degree cropped.png,1,324,0,68.7263830195987,68.7263830195987,13.6844577882343,6.70511593379668,0.871733456728377,-43.1883508881054,74.5138679054596,0.737489497847915,1,9.35441866858482,0.922330097087379,0.56547619047619,31.5486073209235,341.052716340008,534.064935352895,400.978947368421,627.905263157895,334.691496300642,528.616937613339,11.9077025367446,10.2066021743525
um,Steel 1 1200 degree cropped.png,1,325,0,197.497921730005,197.497921730005,35.0552750039977,7.83251189970668,0.974719246691636,-63.0377697572341,235.840009098833,0.429318062835627,1,15.8575585746877,0.837423312883436,0.368918918918919,73.3599531281585,345.33272027088,467.783906247247,406.010989010989,549.978021978022,336.392596663034,450.366320943304,17.0110036239208,31.4703567042535
um,Steel 1 1200 degree cropped.png,1,326,0,1096.72838587065,1096.72838587065,106.640954219654,19.7888105291295,0.982632023652656,-0.114431842599624,1643.64570758451,0.230064412608521,1,37.3684084585372,0.667253521126761,0.531929824561403,242.081891471655,386.047110308412,422.02773937852,453.879287598945,496.182058047493,338.093697025426,411.241012608286,96.9627206563486,21.263754529901
um,Steel 1 1200 degree cropped.png,1,327,0,43.4061366439571,43.4061366439571,10.3592054759175,5.45765043906299,0.849964081845185,-81.2333995291825,44.1295722546897,0.853986064501602,1,7.43413812484434,0.983606557377049,0.833333333333333,22.6008194147412,341.552601095623,679.901463175408,401.566666666667,799.366666666667,338.944247206622,674.911568779058,5.10330108717624,10.2066021743525
um,Steel 1 1200 degree cropped.png,1,328,0,116.473133327951,116.473133327951,19.1864953999557,8.33291197954216,0.900762834898787,-48.0550293014859,134.559023596267,0.630972191383153,1,12.1777748070967,0.865591397849462,0.470760233918129,45.490825891089,348.508974554793,120.434735905131,409.745341614907,141.596273291925,339.794797387818,112.697899008475,16.1604534427248,15.3099032615287
um,Steel 1 1200 degree cropped.png,1,329,0,3.61717805366309,3.61717805366309,2.36528406814042,2.36528406814042,0,0,3.61717805366309,0.817743873391467,1,2.14605082378587,1,0.555555555555556,4.78349421904653,342.771723022004,87.6066686631922,403,103,341.49589775021,86.3308433913981,2.55165054358812,2.55165054358812
um,Steel 1 1200 degree cropped.png,1,330,0,370.3990326951,376.186517580961,44.7487160392529,11.7332036827665,0.965013005795261,-30.6350005076951,444.189464989827,0.47149619428261,0,21.7165074484608,0.833876221498371,0.387878787878788,96.6854412972787,358.761069689996,634.713105332609,421.798828125,746.23828125,341.49589775021,622.177457544904,37.4242079726258,25.5165054358812
um,Steel 1 1200 degree cropped.png,1,331,0,572.2375680895,572.2375680895,75.5953072596362,14.4390071563247,0.981589255484912,-4.07016015376281,925.99758173775,0.187575989419488,1,26.9925082323713,0.61796875,0.411979166666667,193.124223042011,376.61523301311,338.159827033193,442.790139064475,397.577749683944,343.196998112602,327.887094851074,68.0440144956833,20.413204348705
um,Steel 1 1200 degree cropped.png,1,332,0,207.626020280261,207.626020280261,24.4715131698825,11.0733911282715,0.891763751265808,-21.4783172399735,224.265039327111,0.709005648980482,1,16.2590792954833,0.925806451612903,0.625272331154684,57.990511353946,354.960966559493,355.079510138754,417.331010452962,417.470383275261,344.047548293798,348.300299199779,22.9648548922931,14.4593530803327
um,Steel 1 1200 degree cropped.png,1,333,0,437.678544493234,437.678544493234,58.2562329877294,13.138864289156,0.97423488801801,-54.4918877282705,588.153151525618,0.346071414698155,1,23.6065590616446,0.744157441574416,0.280092592592593,123.394418087197,358.191283992844,611.773330906984,421.128925619835,719.267768595041,344.047548293798,588.155450297062,34.0220072478416,45.9297097845862
um,Steel 1 1200 degree cropped.png,1,334,0,63.6623337444703,63.6623337444703,14.8475693886861,5.60974105761303,0.925878177248579,-83.1043725056002,67.2795117981334,0.710643071786222,1,9.00318837043785,0.946236559139785,0.739495798319328,30.8800748785035,350.745630970717,648.138568757319,412.375,762.022727272727,347.449749018583,640.889561531217,5.95385126837228,14.4593530803327
um,Steel 1 1200 degree cropped.png,1,335,0,94.7700650059729,94.7700650059729,19.6661916422348,6.5241923211681,0.94336853334957,-23.5339198460854,108.515341609893,0.619148495489444,1,10.9847619192555,0.873333333333333,0.51984126984127,41.1853408738747,357.010322620195,325.786690395983,419.740458015267,383.030534351145,348.300299199779,320.232143220309,17.8615538051169,10.2066021743525
um,Steel 1 1200 degree cropped.png,1,336,0,360.994369755576,360.994369755576,57.5263679843971,11.0833662929528,0.981264425219247,-88.7724889621584,512.192412398693,0.285599250738561,1,21.439036988623,0.704802259887006,0.503024193548387,123.358694979587,362.116199988726,87.0424760580301,425.743486973948,102.336673346693,355.955250830543,59.1132375931248,13.6088028991367,52.7341112341545
um,Steel 1 1200 degree cropped.png,1,337,0,1201.62654942688,1214.64839042006,116.449315770768,21.8573896636431,0.982226645730985,-44.1772637937186,2207.20204834522,0.164244433026864,-1,39.1146831859081,0.544411668305474,0.173110995310057,300.538504324896,399.073946033747,705.258697414405,469.195063214931,829.17940999398,355.955250830543,662.153316061118,85.9055683008001,80.8022672136239
um,Steel 1 1200 degree cropped.png,1,338,0,87.5357088986467,87.5357088986467,14.5596908993601,7.92361662617472,0.838945143641131,32.8279731846393,94.7700650059729,0.795359650875775,1,10.5571741553402,0.923664122137405,0.581730769230769,34.5170274532977,363.810538661011,430.497890470984,427.735537190083,506.140495867769,356.805801011739,424.849815507422,13.6088028991367,11.0571523555485
um,Steel 1 1200 degree cropped.png,1,339,0,56.4279776371442,56.4279776371442,12.9425435221757,5.67674062802986,0.898677072557738,-88.4836540206094,56.4279776371442,0.803649425757497,1,8.47622159674011,1,0.928571428571429,27.0321858587726,360.251619694533,124.47474767119,423.551282051282,146.346153846154,357.656351192935,118.651750276848,5.10330108717624,11.9077025367446
um,Steel 1 1200 degree cropped.png,1,340,0,432.614495218105,432.614495218105,56.1495480282138,11.0880164235558,0.980308337871957,-39.4403951510881,548.364192935324,0.347277221697305,1,23.4695948609543,0.788918205804749,0.270099367660343,122.445204084982,382.707756446122,666.044796488797,449.953177257525,783.07525083612,358.506901374131,650.245613524373,45.9297097845862,34.8725574290377
um,Steel 1 1200 degree cropped.png,1,341,0,146.857428978721,146.857428978721,33.5413519466687,7.82589358444637,0.972399827717474,75.0741454489763,203.285406615866,0.259188709519308,1,13.6742343849242,0.722419928825623,0.473193473193473,81.7089537067788,365.229599727476,26.1198513772223,429.4039408867,30.7093596059113,360.208001736523,9.78132708375447,9.35605199315645,33.1714570666456
um,Steel 1 1200 degree cropped.png,1,342,0,32.5546024829678,32.5546024829678,7.15721117325956,5.9740681390051,0.550716785795719,45,32.5546024829678,0.956586186449464,1,6.43815247135761,1,0.703125,18.0078484362826,363.355037406949,593.513916438597,427.2,697.8,360.208001736523,589.856550659454,6.80440144956833,6.80440144956833
um,Steel 1 1200 degree cropped.png,1,343,0,389.931794184881,389.931794184881,53.8049170091886,10.3447922899763,0.98134308058168,-44.6533268195464,473.850325029865,0.393549950459138,1,22.2817544216276,0.822900763358779,0.298780487804878,108.911249601791,376.702205389495,711.077309646853,442.892393320965,836.020408163265,360.208001736523,691.922572402979,34.8725574290377,37.4242079726258
um,Steel 1 1200 degree cropped.png,1,344,0,645.304564773495,645.304564773495,65.8325024308412,18.5074433214249,0.959669908770156,-8.0954585325741,951.317828113392,0.276090992197642,1,28.6640417643382,0.678326996197719,0.455102040816327,168.708329540597,392.639518286792,320.798540986711,461.630044843049,377.165919282511,361.058551917719,310.876091227153,59.5385126837228,23.8154050734891
um,Steel 1 1200 degree cropped.png,1,345,0,47.7467503083528,47.7467503083528,14.0688892578438,4.63442897892823,0.944187074324722,75.770585474867,53.5342351942137,0.567663265545362,1,7.7969898438558,0.891891891891892,0.647058823529412,29.8390014567195,366.922193318389,51.6129314498506,431.393939393939,60.6818181818182,364.460752642503,44.6538845127921,5.10330108717624,14.4593530803327
um,Steel 1 1200 degree cropped.png,1,346,0,123.707489435278,123.707489435278,20.5826304434523,7.87820090158976,0.923847948848728,-84.7527218447422,127.324667488941,0.694924760584003,1,12.5502696197692,0.971590909090909,0.791666666666667,44.6249658066315,368.636406894633,139.132103324068,433.409356725146,163.578947368421,364.460752642503,128.8583524512,7.65495163076437,20.413204348705
um,Steel 1 1200 degree cropped.png,1,347,0,17.3624546575828,17.3624546575828,5.26473448042752,4.30840509978503,0.574717566567462,-19.6048839962283,17.3624546575828,1,1,4.70176178296026,1,0.8,12.0284806624744,367.154161549624,348.619255517727,431.666666666667,409.875,364.460752642503,346.599198837387,5.10330108717624,4.2527509059802
um,Steel 1 1200 degree cropped.png,1,348,0,223.541603716379,223.541603716379,35.4280257495148,8.72329434310762,0.969212489809749,0.303030124713648,247.414978870555,0.493676677326216,1,16.8707441965436,0.903508771929825,0.702272727272727,72.7611658005965,382.813643688214,440.317992669983,450.077669902913,517.686084142395,366.161853004895,436.757518044167,34.0220072478416,9.35605199315645
um,Steel 1 1200 degree cropped.png,1,349,0,303.119520896967,303.119520896967,39.2660002310867,10.7438244603253,0.961838877434851,-50.3821439892087,355.206884869715,0.462260448894752,1,19.6454514019708,0.853360488798371,0.362770562770563,88.1033899690107,380.488244183394,522.465165956741,447.343675417661,614.267303102625,367.012403186092,506.502632902242,28.0681559794693,29.7692563418614
um,Steel 1 1200 degree cropped.png,1,350,0,279.24614574279,279.24614574279,35.352026193996,13.7686682193317,0.921037781260268,-82.9848897785384,391.378665406346,0.327753464262102,1,18.8559602108882,0.713493530499076,0.495507060333761,100.800403073905,377.298331284079,167.827212436827,443.593264248705,197.316062176166,369.56405372968,149.271556799905,16.1604534427248,34.8725574290377
um,Steel 1 1200 degree cropped.png,1,351,0,313.247619447223,313.247619447223,41.7965919233502,10.4386387640982,0.968310722528548,-5.47566066942755,366.058419030704,0.47111459076277,1,19.9709603267934,0.855731225296443,0.658054711246201,88.7361993038205,392.979719861198,405.496361326743,462.030023094688,476.745958429561,373.81680463566,399.333310071541,39.9758585162139,11.9077025367446
um,Steel 1 1200 degree cropped.png,1,352,0,60.0451556908073,60.0451556908073,13.7358300051238,5.72000904620412,0.909167869727927,1.54211457755021,60.7685913015399,0.774315824535715,1,8.74367581142596,0.988095238095238,0.922222222222222,28.5444640809391,379.99097914374,450.320206776853,446.759036144578,529.44578313253,373.81680463566,447.814670399715,12.7582527179406,5.10330108717624
um,Steel 1 1200 degree cropped.png,1,353,0,244.521236427625,244.521236427625,32.5382798250248,10.7235727879618,0.944131873469196,-84.7758032689005,278.522710132058,0.554594474231702,1,17.6446623018744,0.877922077922078,0.635338345864662,71.7626198878723,379.456103322229,582.340002164683,446.130177514793,684.662721893491,373.81680463566,566.891695767161,11.9077025367446,32.3209068854495
um,Steel 1 1200 degree cropped.png,1,354,0,75.9607391269248,75.9607391269248,12.9522425386303,7.92171020891346,0.791160054979336,85.5916841475659,83.9185308449836,0.788635374551348,1,9.83444034522109,0.905172413793103,0.596590909090909,32.1184759423249,381.159887866652,141.434344416027,448.133333333333,166.285714285714,376.368455179248,134.812203719572,9.35605199315645,13.6088028991367
um,Steel 1 1200 degree cropped.png,1,355,0,34.7249093151656,34.7249093151656,10.5611545566333,5.22603225281734,0.868986772048916,-65.4659723874094,40.5123942010266,0.622849749709883,1,6.64929528050991,0.857142857142857,0.545454545454545,23.7966929695028,383.367774378674,191.958544018681,450.729166666667,225.6875,378.920105722836,188.396865134923,6.80440144956833,9.35605199315645
um,Steel 1 1200 degree cropped.png,1,356,0,261.160255474475,261.160255474475,31.5531351844464,10.8067844940438,0.939519726761035,41.1500548292288,279.24614574279,0.634531132703503,1,18.2351189955876,0.935233160621762,0.481333333333333,69.2449913515321,393.083768920232,495.571531612328,462.152354570637,582.648199445983,380.621206085228,485.238878372341,25.5165054358812,21.263754529901
um,Steel 1 1200 degree cropped.png,1,357,0,120.813746992347,120.813746992347,24.1743080527721,7.19779788715188,0.954645200257332,-56.3435398838584,142.516815314326,0.524446286511843,1,12.4026142493543,0.847715736040609,0.427109974424552,51.1316746927812,387.412874747653,620.641883415379,455.48502994012,729.694610778443,380.621206085228,609.419204826963,14.4593530803327,19.5626541675089
um,Steel 1 1200 degree cropped.png,1,358,0,722.712175121885,722.712175121885,86.8069099729916,14.3405182654334,0.986260055103646,-40.5505889974053,1145.92200740047,0.234130126911898,1,30.3345631388808,0.630681818181818,0.180064888248017,194.279270188075,412.067297844372,629.523776101911,484.471471471471,740.137137137137,381.471756266424,594.95985174663,64.6418137708991,62.090163227311
um,Steel 1 1200 degree cropped.png,1,359,0,630.835852558842,630.835852558842,71.7897614105321,16.0480470756858,0.97469423320703,46.4158099051394,966.509975938777,0.28012676726257,1,28.3408742581212,0.652694610778443,0.268721109399076,165.551087267997,412.667049724007,285.914589292534,485.176605504587,336.15252293578,386.5750573536,260.693630536586,50.1824606905664,46.7802599657822
um,Steel 1 1200 degree cropped.png,1,360,0,50.6404927512832,50.6404927512832,12.3786146795572,5.31267156563892,0.903218300872153,-87.1684050995092,51.3639283620158,0.786093680091814,1,8.0297869172107,0.985915492957746,0.833333333333333,25.780175992052,390.147368114624,134.034557839622,458.7,157.585714285714,387.425607534797,128.007802270004,5.10330108717624,11.9077025367446
um,Steel 1 1200 degree cropped.png,1,361,0,54.9811064156789,54.9811064156789,12.4475756364434,5.73654690429383,0.887474636206374,90,57.8748488586094,0.802687676958676,1,8.3668464131795,0.95,0.775510204081633,26.6664492808583,390.201087073436,150.122106981101,458.763157894737,176.5,387.425607534797,144.168255712729,5.95385126837228,11.9077025367446
um,Steel 1 1200 degree cropped.png,1,362,0,91.1528869523098,91.1528869523098,17.5788912544816,6.87946390405145,0.920242763763339,85.2801364891528,95.4935006167055,0.713568162524162,1,10.773089635033,0.954545454545455,0.7875,37.3935881661027,392.117134327902,178.446778094582,461.015873015873,209.801587301587,388.276157715993,169.68476114861,6.80440144956833,17.0110036239208
um,Steel 1 1200 degree cropped.png,1,363,0,143.240250925058,143.240250925058,21.5605319636234,8.75336493503484,0.913877425068885,-79.9604686748188,152.644913864582,0.686438103140707,1,13.5047825556568,0.938388625592417,0.72,48.5357955397709,394.088250620832,208.513665632605,463.333333333333,245.151515151515,389.977258078385,197.752917128079,9.35605199315645,21.263754529901
um,Steel 1 1200 degree cropped.png,1,364,0,90.4294513415772,90.4294513415772,14.9877976479296,7.86733017325083,0.851154225942021,-85.4434371539838,93.3231937845077,0.842252112782087,1,10.7302541189294,0.968992248062015,0.816993464052288,34.0594314558142,395.96172915328,119.138264980492,465.536,140.072,392.528908621973,111.847348827279,7.65495163076437,14.4593530803327
um,Steel 1 1200 degree cropped.png,1,365,0,112.132519663556,112.132519663556,15.7022657190929,9.2265979142395,0.809154026287755,17.7600925051272,115.026262106486,0.871058156319634,1,11.948705297497,0.974842767295597,0.828877005347594,37.5483882990804,399.561038023281,540.785292624966,469.767741935484,635.806451612903,392.528908621973,536.271889244104,14.4593530803327,9.35605199315645
um,Steel 1 1200 degree cropped.png,1,366,0,164.219883636304,164.219883636304,25.0454909423216,8.63862650989685,0.938633028717327,87.0880110319128,183.029209515352,0.626233603331281,1,14.4599878934095,0.897233201581028,0.711598746081505,54.7329041599652,396.757304566817,591.735629583991,466.471365638767,695.709251101322,392.528908621973,578.799398303906,9.35605199315645,24.6659552546852
um,Steel 1 1200 degree cropped.png,1,367,0,104.174727945497,104.174727945497,17.5709474983393,7.86771030836175,0.894149708671119,-80.7659311821976,107.068470388427,0.746109112520707,1,11.5169172603711,0.972972972972973,0.8,39.2154666542246,400.248832836023,273.422350262124,470.576388888889,321.465277777778,396.781659527953,264.095831261371,7.65495163076437,17.0110036239208
um,Steel 1 1200 degree cropped.png,1,368,0,334.227252158469,334.227252158469,31.745037946694,17.7146374051888,0.829821752273039,-0.559062401400419,442.019158157629,0.350507645026014,1,20.6288961017388,0.756137479541735,0.51505016722408,106.793379650612,414.6947618289,513.603438202833,487.560606060606,603.848484848485,396.781659527953,503.950982358654,33.1714570666456,19.5626541675089
um,Steel 1 1200 degree cropped.png,1,369,0,139.623072871395,139.623072871395,19.8332824597637,9.32953753127136,0.882454343324833,40.1987301358988,149.751171421652,0.728890970803058,1,13.3331773309028,0.932367149758454,0.536111111111111,46.3907079827945,404.92358418992,565.554172554762,476.072538860104,664.927461139896,396.781659527953,558.386193955201,17.0110036239208,15.3099032615287
um,Steel 1 1200 degree cropped.png,1,370,0,17.3624546575828,17.3624546575828,6.29299354377735,3.88819984522998,0.786286772751713,85.752057060824,18.0858902683154,0.761151102574555,1,4.70176178296026,0.96,0.6,14.2586232375704,400.290179025387,99.1599752911051,470.625,116.583333333333,397.632209709149,95.6868953845546,4.2527509059802,6.80440144956833
um,Steel 1 1200 degree cropped.png,1,371,0,677.13573164573,677.13573164573,86.0788373023502,10.9418838144037,0.991888027076956,84.122658650912,841.355615282034,0.281178363878085,1,29.3624929235329,0.80481513327601,0.513157894736842,171.288898790346,404.947304750418,154.253999795095,476.100427350427,181.357905982906,397.632209709149,115.249549552064,16.1604534427248,81.6528173948199
um,Steel 1 1200 degree cropped.png,1,372,0,1821.61086782473,1821.61086782473,133.69330468433,35.6813327129657,0.963727150624872,-55.5862106974512,3552.79228430788,0.155794790422438,1,48.1595991681179,0.512726532274486,0.233148148148148,380.643320389939,439.300048311785,690.151887712816,516.48927720413,811.41818903892,397.632209709149,636.636810625236,76.5495163076437,102.066021743525
um,Steel 1 1200 degree cropped.png,1,373,0,313.971055057956,313.971055057956,33.4061487256581,21.7199598421,0.759781489251013,14.719136586152,533.895480720672,0.259662613211185,1,19.9940081825033,0.588075880758808,0.373815676141258,120.594406890699,418.374659289285,541.751470595772,491.887096774194,636.942396313364,400.183860252737,529.467487794535,36.5736577914297,22.9648548922931
um,Steel 1 1200 degree cropped.png,1,374,0,768.28861859804,825.440031845917,60.3472633943175,24.4744425347036,0.91406837844832,4.02330092557156,1064.89721899841,0.444610699230454,-1,31.2764360336816,0.721467391304348,0.453265044814341,144.687091323258,430.82929540649,569.065324007995,506.530131826742,669.055555555556,401.884960615129,554.983993230417,60.3890628649189,28.0681559794693
um,Steel 1 1200 degree cropped.png,1,375,0,285.757066239384,285.757066239384,39.9447930996979,10.1145096229112,0.967410757178412,-75.2749275627376,346.525657540924,0.459103640123362,1,19.0745169512491,0.824634655532359,0.553221288515406,85.7677791714463,411.694280489657,482.238266530577,484.032911392405,566.972151898734,404.436611158717,463.97512384244,14.4593530803327,35.7231076102337
um,Steel 1 1200 degree cropped.png,1,376,0,332.780380937004,332.780380937004,55.1834424666165,8.09573858770035,0.989180149565723,79.5263753696858,397.166150292207,0.328545212586534,1,20.584196382687,0.837887067395264,0.471311475409836,110.14794956525,415.19791997298,188.143549102697,488.152173913043,221.202173913043,408.689362064698,160.328709155454,13.6088028991367,51.8835610529585
um,Steel 1 1200 degree cropped.png,1,377,0,141.06994409286,141.06994409286,28.4962398924862,7.36251233701383,0.966046609755606,-21.9910449939494,181.582338293887,0.480730491679652,1,13.402083099004,0.776892430278884,0.409663865546218,58.0534520673546,425.807229685743,403.077911766704,500.625641025641,473.902564102564,413.792663151874,396.781659527953,23.8154050734891,14.4593530803327
um,Steel 1 1200 degree cropped.png,1,378,0,1121.32519663556,1182.0937879371,65.6742240699788,25.9931028424917,0.9183416906286,-21.862212883901,1363.67612623098,0.480107107759472,0,37.7851238302103,0.822281167108753,0.484981226533166,168.645388827189,440.656330326359,612.458687055121,518.083870967742,720.073548387097,413.792663151874,589.856550659454,57.8374123213308,39.9758585162139
um,Steel 1 1200 degree cropped.png,1,379,0,58.598284469342,58.598284469342,12.2335860935552,6.32467012522686,0.855990032211841,-80.7766957372241,62.9388981337377,0.806423771785136,1,8.63768794527833,0.931034482758621,0.723214285714286,27.545918168215,421.053841550603,257.034164633539,495.037037037037,302.197530864198,418.045414057854,251.33757854343,6.80440144956833,11.9077025367446
um,Steel 1 1200 degree cropped.png,1,380,0,252.479028145684,252.479028145684,31.6221999528467,10.6060093248025,0.942076676083149,-25.5074713320422,285.033630628651,0.595362434175441,1,17.9294808305033,0.885786802030457,0.480716253443526,70.3285922823758,433.059208875213,589.514137191093,509.151862464183,693.097421203438,418.045414057854,580.500498666298,28.0681559794693,18.7121039863129
um,Steel 1 1200 degree cropped.png,1,381,0,86.0888376771815,86.0888376771815,18.9276491309695,6.41945711518726,0.940729548963371,-81.9663500479998,95.4935006167055,0.616576280485862,1,10.469561236789,0.901515151515151,0.708333333333333,39.2154666542246,424.624669871223,306.955698165085,499.235294117647,360.890756302521,420.597064601442,298.968388690408,6.80440144956833,17.8615538051169
um,Steel 1 1200 degree cropped.png,1,382,0,332.056945326271,332.056945326271,44.8895603189452,9.79893251279166,0.975883993800461,-83.6174545143915,374.016210748763,0.436994821844591,1,20.5618100830975,0.887814313346228,0.678994082840237,95.0455805479327,428.768090797486,476.165416580998,504.106753812636,559.832244008715,423.14871514503,452.917971486892,11.0571523555485,44.2286094221941
um,Steel 1 1200 degree cropped.png,1,383,0,83.9185308449836,83.9185308449836,23.1913736953286,4.94399950511523,0.977012353702886,-86.5719030003698,90.4294513415772,0.45797181566142,1,10.3367495862051,0.928,0.743589743589744,45.3139114534003,427.870735116498,182.003074117656,503.051724137931,213.98275862069,424.849815507422,172.236411692198,5.10330108717624,22.1143047110971
um,Steel 1 1200 degree cropped.png,1,384,0,31.1077312615026,31.1077312615026,6.98627720829578,6.05960327692422,0.49768477680039,8.73895934511126,32.5546024829678,0.840486587735504,1,6.29345641036301,0.955555555555556,0.597222222222222,18.8941217250888,435.026747326617,71.3077535630634,511.46511627907,83.8372093023256,431.654216956991,67.6187394050852,7.65495163076437,6.80440144956833
um,Steel 1 1200 degree cropped.png,1,385,0,198.94479295147,198.94479295147,30.4770941516115,10.7400545830057,0.935850381908685,80.0900957435616,253.925899367149,0.362144193678575,1,15.9155388725912,0.783475783475784,0.561224489795918,80.4144163309985,438.373563388439,295.694543720241,515.4,347.650909090909,431.654216956991,281.106834885291,11.9077025367446,29.7692563418614
um,Steel 1 1200 degree cropped.png,1,386,0,136.729330428465,136.729330428465,28.7389222362034,6.37606254105199,0.975078172093945,-21.5482870994837,157.708963139711,0.458791104946355,1,13.1942862795485,0.86697247706422,0.435483870967742,58.5246568677372,444.707237065769,535.648602471111,522.846560846561,629.767195767196,431.654216956991,529.467487794535,26.3670556170773,11.9077025367446
um,Steel 1 1200 degree cropped.png,1,387,0,34.7249093151656,34.7249093151656,7.31890746593248,6.29892098339864,0.509219330090547,-63.5012632640981,35.4483449258983,0.9382175863094,1,6.64929528050991,0.979591836734694,0.666666666666667,18.8941217250888,440.159718768951,471.91359220027,517.5,554.833333333333,436.757518044167,468.22787474842,6.80440144956833,7.65495163076437
um,Steel 1 1200 degree cropped.png,1,388,0,299.502342843304,299.502342843304,20.5007293303828,18.7348014135202,0.406028894123576,64.5163214441504,308.907005782828,0.954286268778221,1,19.527883312047,0.969555035128806,0.75,60.1287945094729,448.007790489166,108.35475146488,526.727053140097,127.393719806763,438.458618406559,98.2385459281427,19.5626541675089,20.413204348705
um,Steel 1 1200 degree cropped.png,1,389,0,21.7030683219785,21.7030683219785,6.54029103030311,4.43598756717581,0.734826266378903,-49.8727734663796,22.4265039327111,0.859137901502846,1,5.25672948035488,0.967741935483871,0.612244897959184,15.1448965263767,441.634005749691,636.636810625236,519.233333333333,748.5,438.458618406559,634.085160081648,5.95385126837228,5.95385126837228
um,Steel 1 1200 degree cropped.png,1,390,0,211.966633944657,211.966633944657,30.0129763343014,9.69933208823579,0.946340489158829,1.14410741886102,243.797800816892,0.560196091892742,1,16.4281557243271,0.869436201780415,0.643956043956044,66.2833756206075,455.154657202289,552.178338793126,535.129692832764,649.201365187713,439.309168587755,546.478491418456,29.7692563418614,11.0571523555485
um,Steel 1 1200 degree cropped.png,1,391,0,193.880743676341,193.880743676341,27.476802256057,9.25078624693193,0.941620472858064,38.0903805943101,211.966633944657,0.607766393691594,1,15.7116717701007,0.914675767918089,0.45578231292517,60.6425268189153,454.682545743403,453.305162241018,534.574626865672,532.955223880597,443.561919493735,444.412469674931,23.8154050734891,17.8615538051169
um,Steel 1 1200 degree cropped.png,1,392,0,185.922951958283,185.922951958283,26.8157300647343,9.15152900184352,0.939963621891861,-20.8154676934806,206.902584669529,0.627166796511424,1,15.3858524205577,0.898601398601399,0.553879310344828,58.3630523333099,458.711310366984,661.923303463479,539.311284046693,778.229571984436,446.113570037323,655.348914611549,24.6659552546852,13.6088028991367
um,Steel 1 1200 degree cropped.png,1,393,0,721.988739511152,721.988739511152,52.1967903289454,20.5366877831225,0.919347158918717,-56.7216738757821,860.164941161082,0.464282165627553,1,30.3193768735291,0.839360807401177,0.429801894918174,137.118895810976,463.790184574585,491.549824356065,545.282565130261,577.919839679359,448.665220580911,469.078424929616,36.5736577914297,45.9297097845862
um,Steel 1 1200 degree cropped.png,1,394,0,230.052524212972,230.052524212972,46.5807809758582,6.60754985051441,0.989887960884742,-49.7450493135002,266.947740360336,0.319298841008189,1,17.1146712265851,0.861788617886179,0.221602787456446,92.4803212014455,468.259970981673,361.719199385504,550.537735849057,425.276729559748,452.917971486892,344.047548293798,29.7692563418614,34.8725574290377
um,Steel 1 1200 degree cropped.png,1,395,0,63.6623337444703,63.6623337444703,17.1025349205403,6.50955218415455,0.924731889793492,4.06204903528356,83.9185308449836,0.513380764594242,1,9.00318837043785,0.758620689655172,0.578947368421053,36.8033063403527,462.602645140965,31.7796476792339,543.886363636364,37.3636363636364,455.46962203048,28.4934310700674,16.1604534427248,6.80440144956833
um,Steel 1 1200 degree cropped.png,1,396,0,823.993160624451,823.993160624451,76.1067866572011,14.1651282210782,0.982526689031091,-39.7715016521299,875.357088986467,0.416171612609037,1,32.3904411315802,0.941322314049587,0.293103448275862,155.06380353385,483.932436281031,67.1449254542785,568.964003511853,78.9429323968393,456.320172211676,42.102233969204,56.9868621401347,49.3319105093704
um,Steel 1 1200 degree cropped.png,1,397,0,50.6404927512832,50.6404927512832,10.6571925207084,6.25202867057904,0.809841493223141,-27.9483441747141,52.8107995834811,0.850418716814929,1,8.0297869172107,0.958904109589041,0.729166666666667,24.6829662583091,462.152516311306,637.487360806432,543.357142857143,749.5,457.170722392872,634.085160081648,10.2066021743525,6.80440144956833
um,Steel 1 1200 degree cropped.png,1,398,0,202.561971005133,202.561971005133,39.5913377471071,6.81817032774974,0.985059615101896,-38.0435441771191,227.882217380775,0.368592783819659,1,16.0595738344214,0.888888888888889,0.272904483430799,80.42972623426,473.972126150712,698.963912831595,557.253571428571,821.778571428571,457.170722392872,687.669821496999,32.3209068854495,22.9648548922931
um,Steel 1 1200 degree cropped.png,1,399,0,40.5123942010266,40.5123942010266,8.94819033875239,5.89288380662718,0.752531785116358,-2.73718983735009,41.9592654224918,0.925708355976834,1,7.18205975668864,0.96551724137931,0.8,20.7789409266193,462.425907440976,564.172972866552,543.678571428571,663.303571428571,458.021272574068,560.937844498789,8.50550181196041,5.95385126837228
um,Steel 1 1200 degree cropped.png,1,400,0,89.7060157308446,89.7060157308446,14.7801483700904,8.2434485502418,0.830017145803859,-31.1699038407575,98.387243059636,0.781901756231616,1,10.687246915326,0.911764705882353,0.596153846153846,35.2978325196357,464.400398933038,595.632060760801,546,700.290322580645,458.021272574068,589.856550659454,13.6088028991367,11.0571523555485
um,Steel 1 1200 degree cropped.png,1,401,0,54.9811064156789,54.9811064156789,10.7764545304101,6.6244169670552,0.788751568806769,25.4189204235495,57.8748488586094,0.866687639795907,1,8.3668464131795,0.95,0.703703703703704,25.5624351456658,464.254910086255,124.840621990024,545.828947368421,146.776315789474,458.871822755264,121.203400820436,10.2066021743525,7.65495163076437
um,Steel 1 1200 degree cropped.png,1,402,0,532.448609499207,532.448609499207,55.2614150050521,12.719549110441,0.973150310949522,9.54357386188461,584.535973471955,0.502662287843299,1,26.037177749396,0.910891089108911,0.645614035087719,112.7013012092,487.705011642276,171.353503623674,573.399456521739,201.461956521739,462.274023480048,162.880359699042,51.0330108717624,16.1604534427248
um,Steel 1 1200 degree cropped.png,1,403,0,140.346508482128,140.346508482128,19.1964938499896,9.52442896202296,0.868234185446592,-49.7424134231379,146.133993367989,0.785791914567759,1,13.367674613221,0.96039603960396,0.567251461988304,44.7032164233015,471.888747950991,106.209165667392,554.80412371134,124.871134020619,464.825674023636,98.2385459281427,15.3099032615287,16.1604534427248
um,Steel 1 1200 degree cropped.png,1,404,0,24.596810764909,24.596810764909,9.26196565991299,3.629137039743,0.920036668450442,-45.6637219751913,27.4905532078395,0.674214953086394,1,5.59621587684479,0.894736842105263,0.472222222222222,18.7393215921112,468.32793947562,376.768714088046,550.617647058824,442.970588235294,464.825674023636,372.966254454464,6.80440144956833,7.65495163076437
um,Steel 1 1200 degree cropped.png,1,405,0,235.840009098833,235.840009098833,21.7146113352942,14.0189963567488,0.763674057793943,-59.1369027008305,245.244672038357,0.885180265532782,1,17.3286129224279,0.96165191740413,0.714912280701754,55.1905001574487,479.230237061622,753.788357361631,563.435582822086,886.236196319018,471.630075473205,742.955583274741,16.1604534427248,20.413204348705
um,Steel 1 1200 degree cropped.png,1,406,0,1496.06484299505,1496.06484299505,121.547212491198,20.1038394017376,0.986226662218073,-45.9656370307719,1920.7215464951,0.178556964756565,1,43.6445749158965,0.778907721280603,0.218235542422963,321.810764356609,510.668190075914,270.599578850951,600.39748549323,318.146518375242,474.181726016793,228.372723651137,78.2506166700357,87.6066686631922
um,Steel 1 1200 degree cropped.png,1,407,0,323.37571799748,323.37571799748,21.3523823879833,19.4119712334308,0.416524760216681,51.9400013853943,343.631915097993,0.900508068009489,1,20.2912481617449,0.941052631578947,0.716346153846154,64.5040246415453,484.218027875223,641.065570237616,569.299776286353,753.706935123043,474.181726016793,629.832409175668,20.413204348705,22.1143047110971
um,Steel 1 1200 degree cropped.png,1,408,0,198.94479295147,198.94479295147,17.1436888945837,14.9302696350195,0.491477733655646,78.6266982738563,201.8385353944,0.959432353922408,1,15.9155388725912,0.985663082437276,0.851393188854489,48.3741910053436,485.252796466215,575.176054532011,570.516363636364,676.24,478.434476922773,566.891695767161,14.4593530803327,16.1604534427248
um,Steel 1 1200 degree cropped.png,1,409,0,702.455978021372,702.455978021372,46.9315398479283,19.7129775149152,0.907507036033055,45.319365231429,751.64959955119,0.697844461991993,1,29.9064329142147,0.934552454282964,0.527717391304348,109.797522890597,497.374766616811,660.566527540792,584.768280123584,776.634397528321,480.135577285165,640.889561531217,34.0220072478416,39.1253083350179
um,Steel 1 1200 degree cropped.png,1,410,0,2245.54413571404,2245.54413571404,156.204294485114,23.4003343590808,0.988715416193551,-45.4979003466322,2989.23594354718,0.257421017995276,1,53.4706984528841,0.751210067763795,0.205508474576271,328.416137063778,536.13214034191,263.449698101815,630.335695876289,309.740335051546,480.986127466361,214.763920752,108.870423193093,100.364921381133
um,Steel 1 1200 degree cropped.png,1,411,0,12004.6905244971,12817.1087153498,229.815031086912,139.526713564896,0.794605465472348,-76.1924548245141,26724.4348960736,0.060706735984252,-3,123.63190000197,0.449202782815841,0.312534136924381,1573.71176065399,569.918904017218,446.185482891621,670.059117753405,524.584548632036,480.986127466361,327.887094851074,157.351783521268,244.107902003264
um,Steel 1 1200 degree cropped.png,1,412,0,507.851798734298,507.851798734298,38.1702865132857,18.4093295085784,0.876008993103193,-60.6325595227999,601.898428129538,0.432097996923517,1,25.4286647902203,0.84375,0.462450592885375,118.857583420697,498.210374440553,51.7551303988178,585.750712250712,60.8490028490029,485.238878372341,32.7461819760476,28.0681559794693,39.1253083350179
um,Steel 1 1200 degree cropped.png,1,413,0,660.49671259888,660.49671259888,94.0975573041988,10.147747296794,0.994167955152722,-41.806531750599,837.015001617639,0.187554926878094,1,28.9994919550062,0.789109766637856,0.13117816091954,207.694147645899,522.434378711359,147.442361530706,614.231106243154,173.349397590361,487.790528915929,114.398999370867,73.9978657640555,68.0440144956833
um,Steel 1 1200 degree cropped.png,1,414,0,631.559288169575,631.559288169575,75.112789709243,13.6293046107415,0.983399953172714,-42.8264711462855,840.632179671302,0.309252474729536,1,28.3571201031116,0.751290877796902,0.232057416267943,157.525295758232,514.768947922125,449.023270055814,605.218785796105,527.920962199313,492.043279821909,423.14871514503,56.1363119589387,48.4813603281743
um,Steel 1 1200 degree cropped.png,1,415,0,190.263565622678,190.263565622678,34.9482358987544,7.1691893285889,0.978733190354373,-41.0693777510783,214.860376387587,0.412060315220656,1,15.5644176143249,0.885521885521885,0.292547274749722,73.5011444582371,520.970071060343,45.1050318522478,612.509505703422,53.0304182509506,508.203733264634,32.7461819760476,26.3670556170773,24.6659552546852
um,Steel 1 1200 degree cropped.png,1,416,0,145.410557757256,145.410557757256,30.7236535918776,6.22102587806655,0.979285721810836,-42.5237382408214,163.496448025572,0.410835086144292,1,13.60670688883,0.889380530973451,0.286324786324786,64.0192110382636,521.94159974848,112.776183477889,613.651741293532,132.592039800995,510.755383808222,101.640746652927,22.9648548922931,22.1143047110971
um,Steel 1 1200 degree cropped.png,1,417,0,150.474607032384,150.474607032384,30.1476604787018,6.75257908128566,0.974592932075394,-43.0382347916246,167.113626079235,0.467845029203325,1,13.8416119058481,0.9004329004329,0.3328,60.9027951743613,520.585781094738,124.36842889854,612.057692307692,146.221153846154,510.755383808222,114.398999370867,21.263754529901,21.263754529901
um,Steel 1 1200 degree cropped.png,1,418,0,149.027735810919,149.027735810919,22.6755093784621,8.56326194619138,0.925951013632393,25.560209505083,159.155834361176,0.689133900318106,1,13.7749049541841,0.936363636363636,0.572222222222222,49.4577919361874,523.389769994921,25.4215410952622,615.354368932039,29.8883495145631,513.307034351811,19.1373790769109,20.413204348705,12.7582527179406
um,Steel 1 1200 degree cropped.png,1,419,0,172.177675354363,172.177675354363,31.3056615059151,7.21698136569598,0.97306455827038,-41.491276350966,190.987001233411,0.48178038102514,1,14.8061954931626,0.901515151515151,0.34,64.3424201071181,527.991533068342,90.3513011806651,620.764705882353,106.226890756303,515.858684895399,79.5264419418298,23.8154050734891,21.263754529901
um,Steel 1 1200 degree cropped.png,1,420,0,248.138414481288,248.138414481288,40.2402984702144,8.18039333392211,0.979118864709268,-46.6798535146806,276.35240329986,0.429791328345679,1,17.7746910489454,0.897905759162304,0.305704099821747,82.5050686763783,529.044692442075,191.391148936072,622.002915451895,225.020408163265,515.858684895399,176.489162598178,28.0681559794693,28.9187061606654
um,Steel 1 1200 degree cropped.png,1,421,0,5.78748488586094,5.78748488586094,3.10577013687452,2.59847372512617,0.547722557505166,0,5.78748488586094,0.936368556122002,1,2.7145634310576,1,0.666666666666667,6.14097230823541,519.260885620183,544.352115965466,610.5,640,517.559785257791,543.076290693672,3.40220072478416,2.55165054358812
um,Steel 1 1200 degree cropped.png,1,422,0,75.9607391269248,75.9607391269248,19.0221164111514,5.33963369604555,0.959793624977867,-49.0705127694258,85.3654020664489,0.545854136632836,1,9.83444034522109,0.889830508474576,0.386029411764706,39.1457215393666,527.049495136564,69.9962296734761,619.657142857143,82.2952380952381,520.111435801379,63.365988499105,13.6088028991367,14.4593530803327
um,Steel 1 1200 degree cropped.png,1,423,0,593.217200800746,593.217200800746,83.1185103568656,10.7654696888671,0.991576872235074,-45.0579014296999,772.629232262435,0.21825783830102,1,27.4828600890921,0.767790262172285,0.156012176560122,182.138516901683,563.033102262223,204.15278861342,661.963414634146,240.024390243902,532.019138338123,172.236411692198,61.2396130461149,62.090163227311
um,Steel 1 1200 degree cropped.png,1,424,0,105.621599166962,105.621599166962,26.587450783297,5.38337401666284,0.97928681045202,-48.9847570185214,121.53718260308,0.392405518603126,1,11.5966200609291,0.869047619047619,0.278095238095238,55.4864916205049,540.256658586145,543.309318140575,635.184931506849,638.77397260274,532.019138338123,533.720238700516,17.8615538051169,21.263754529901
um,Steel 1 1200 degree cropped.png,1,425,0,1776.75785995931,1776.75785995931,142.682392960409,23.3609036771008,0.986505752178077,-51.3203184252463,2523.34341023537,0.22350767601178,1,47.562993689624,0.704128440366973,0.177932333550677,313.390317562768,589.380367231464,174.763473855141,692.940146579805,205.471091205212,536.271889244104,109.295698283691,91.0088693879763,109.720973374289
um,Steel 1 1200 degree cropped.png,1,426,0,546.917321713859,546.917321713859,37.1087365818449,19.366810069711,0.853010626031216,-52.7096882083833,580.195359807559,0.749330566869227,1,26.388572559097,0.942643391521197,0.6,93.0978206329938,556.893230872599,53.5216576982249,654.744708994709,62.9259259259259,541.37519033128,37.8494830632238,29.7692563418614,30.6198065230575
um,Steel 1 1200 degree cropped.png,1,427,0,1044.6410218979,1044.6410218979,89.7087480371923,24.4491700700297,0.962144617553177,-60.369074656266,1746.37356430854,0.157770278148436,1,36.4702379911752,0.59817729908865,0.278120184899846,285.781458681145,566.000502952653,571.713443539509,665.452216066482,672.168975069252,542.225740512476,526.915837250947,50.1824606905664,74.8484159452516
um,Steel 1 1200 degree cropped.png,1,428,0,260.436819863742,260.436819863742,38.7603694049182,9.092678943555,0.97209512776379,72.1101904233924,300.225778454036,0.48154339953616,1,18.2098450832396,0.867469879518072,0.462130937098845,79.7679981932895,558.381468676416,754.260812766472,656.494444444444,886.791666666667,550.731242324436,737.852282187565,16.1604534427248,34.8725574290377
um,Steel 1 1200 degree cropped.png,1,429,0,159.155834361176,159.155834361176,32.9128575689663,6.39360972029081,0.98095032905954,-46.7436756596812,177.241724629491,0.424154409927416,1,14.2352907270617,0.897959183673469,0.301783264746228,65.9958896593632,563.191802478958,661.84015894895,662.15,778.131818181818,552.432342686828,650.245613524373,22.9648548922931,22.9648548922931
um,Steel 1 1200 degree cropped.png,1,430,0,17.3624546575828,17.3624546575828,6.16491247602137,3.95075576209611,0.767669969143249,63.9284745486179,19.5327614897807,0.804690132132123,1,4.70176178296026,0.888888888888889,0.571428571428571,13.7942228386374,556.401576865743,728.992384466773,654.166666666667,857.083333333333,554.13344304922,725.944579650821,5.10330108717624,5.95385126837228
um,Steel 1 1200 degree cropped.png,1,431,0,2996.4702996545,3031.19520896967,77.16064358436,66.7944402014679,0.500642281130055,-57.4770595523737,3869.65708180877,0.377567328069887,-1,61.7675034313719,0.774350345859039,0.501149425287356,313.12834810696,595.148771632362,101.6596386415,699.722114920328,119.522211492033,554.983993230417,72.7220404922615,80.8022672136239,73.9978657640555
um,Steel 1 1200 degree cropped.png,1,432,0,355.930320480448,355.930320480448,74.9142008261076,6.72006036945116,0.995968521392633,-48.1319273875806,439.125415714699,0.211102939380168,1,21.2881318862404,0.810543657331137,0.146646795827124,142.887327139848,579.909262564735,546.941799240734,681.80487804878,643.044715447154,559.236744136397,522.663086344967,46.7802599657822,51.8835610529585
um,Steel 1 1200 degree cropped.png,1,433,0,183.752645126085,183.752645126085,33.9326772821848,7.13874234315147,0.977619779342008,-47.2184341031108,202.561971005133,0.461217295861844,1,15.2957881204016,0.907142857142857,0.324393358876117,68.0848409043807,573.719537576054,197.441495211342,674.527559055118,232.133858267717,561.788394679985,184.994664410139,22.9648548922931,24.6659552546852
um,Steel 1 1200 degree cropped.png,1,434,0,80.3013527913205,80.3013527913205,25.9940944034367,4.30164486668644,0.986212228690984,-55.0599543923259,96.2169362274381,0.372934085516721,1,10.1115210462936,0.834586466165414,0.272058823529412,49.3455193122695,569.209636576276,713.243796539718,669.225225225225,838.567567567568,561.788394679985,703.830274939724,14.4593530803327,20.413204348705
um,Steel 1 1200 degree cropped.png,1,435,0,125.154360656743,125.154360656743,16.3371421388874,9.96939569770846,0.792225178120062,69.5925172208793,131.665281153336,0.847832119503997,1,12.6234496546789,0.950549450549451,0.650375939849624,40.3977314060871,570.00628270235,614.043149598147,670.161849710983,721.936416184971,564.340045223573,606.017004102179,11.9077025367446,16.1604534427248
um,Steel 1 1200 degree cropped.png,1,436,0,5.78748488586094,5.78748488586094,3.10577013687452,2.59847372512617,0.547722557505166,0,5.78748488586094,0.936368556122002,1,2.7145634310576,1,0.666666666666667,6.14097230823541,567.742245948357,510.330108717624,667.5,600,566.041145585965,509.05428344583,3.40220072478416,2.55165054358812
um,Steel 1 1200 degree cropped.png,1,437,0,198.94479295147,198.94479295147,43.1477245755494,6.1754794504584,0.989704749230249,-48.7230989762659,232.22283104517,0.31256755088527,1,15.9155388725912,0.856697819314642,0.212848297213622,86.7612217830833,581.593842262853,564.273547663952,683.785454545455,663.421818181818,566.891695767161,547.329041599652,28.9187061606654,32.3209068854495
um,Steel 1 1200 degree cropped.png,1,438,0,183.029209515352,183.029209515352,16.8764733704103,14.083807480982,0.550972899107818,56.6399699494816,189.540130011946,0.935532633975268,1,15.2656486071363,0.965648854961832,0.739766081871345,46.9112446936864,588.94380609742,616.672414376095,692.426877470356,725.02766798419,581.351048847494,608.568654645767,15.3099032615287,16.1604534427248
um,Steel 1 1200 degree cropped.png,1,439,0,554.875113431918,554.875113431918,70.982518413774,11.4792628524385,0.98683675368025,-47.8933867159566,678.582602867195,0.344609325571933,1,26.5798596085631,0.817697228144989,0.249512036434613,139.573583633908,608.143379555169,670.304514375174,715,788.083441981747,586.45434993467,647.693962980785,45.0791596033902,49.3319105093704
um,Steel 1 1200 degree cropped.png,1,440,0,31.8311668722352,31.8311668722352,8.36242812756909,4.98855673870204,0.802580336807786,-47.5586574249863,32.5546024829678,0.907351212672434,1,6.36621554903647,0.977777777777778,0.6875,18.3242531036875,593.220090012366,767.737522645044,697.454545454545,902.636363636364,589.856550659454,764.219337804642,6.80440144956833,6.80440144956833
um,Steel 1 1200 degree cropped.png,1,441,0,41.9592654224918,41.9592654224918,8.93187748627873,6.39591384573274,0.698021088286956,-78.3014761009368,44.8530078654223,0.819111855985109,1,7.30918572783284,0.935483870967742,0.659090909090909,22.6994832357599,596.133024410349,627.544722481417,700.879310344828,737.810344827586,592.408201203042,622.177457544904,6.80440144956833,9.35605199315645
um,Steel 1 1200 degree cropped.png,1,442,0,2426.4030383972,2463.29825454456,106.223791819637,72.958475512848,0.726811085053029,73.0238182881182,4978.68387306187,0.20239352831553,0,55.5823020389842,0.487358326068004,0.289887640449438,385.467641017683,622.74296944236,303.707023361198,732.164877757901,357.071258199165,596.660952109023,253.889229087018,75.6989661264476,110.571523555485
um,Steel 1 1200 degree cropped.png,1,443,0,1322.44029641922,1322.44029641922,70.5721278957827,36.243674725039,0.858048149268497,37.5806619484892,1893.23099328726,0.286426420132085,1,41.033928412379,0.698509743981658,0.390098164746052,238.199980444676,641.773612594823,226.770730065875,754.539387308534,266.616520787746,612.821405551747,204.557318577648,60.3890628649189,56.1363119589387
um,Steel 1 1200 degree cropped.png,1,444,0,769.735489819505,772.629232262435,72.6012057940072,17.1809974127658,0.971595227238618,-73.7998085001551,1046.08789311936,0.303536601098191,0,31.3058726858761,0.73582295988935,0.443333333333333,175.841043360107,625.838660392533,612.295407413376,735.804511278195,719.881578947368,612.821405551747,577.94884812271,25.5165054358812,68.0440144956833
um,Steel 1 1200 degree cropped.png,1,445,0,199.668228562202,199.668228562202,29.1783896696867,13.7865755538518,0.88133459405314,-57.5259514515232,285.033630628651,0.305342413130527,1,15.944449957042,0.700507614213198,0.356129032258065,87.9775085421937,622.051107699146,802.309193745161,731.351449275362,943.282608695652,612.821405551747,788.885293059328,21.263754529901,26.3670556170773
um,Steel 1 1200 degree cropped.png,1,446,0,867.399297268408,867.399297268408,51.8174482447057,30.5371875147143,0.807897892860933,30.7611878692637,1289.88569393626,0.360819495965331,1,33.2326208168665,0.672462142456534,0.390045543266103,171.135799757731,637.3954957118,368.211615097111,749.391993327773,432.909924937448,617.074156457727,346.599198837387,49.3319105093704,45.0791596033902
um,Steel 1 1200 degree cropped.png,1,447,0,1954.72302019953,1954.72302019953,67.7236959218552,45.1319461373702,0.745582870255402,-34.9064814167541,2437.97800816892,0.380491124425139,1,49.8881814493392,0.801780415430267,0.5104855469488,251.410725859013,649.808376588148,176.31319755329,763.985936343449,207.293116210215,617.924706638924,145.018805893925,67.1934643144872,56.9868621401347
um,Steel 1 1200 degree cropped.png,1,448,0,62.2154625230051,62.2154625230051,13.1687344747891,6.2329025562871,0.880895571733862,72.0607808243743,68.002947408866,0.771727153313373,1,8.90029140973927,0.914893617021277,0.637037037037037,29.1568602114003,622.721414056134,545.271896975364,732.139534883721,641.081395348837,618.77525682012,538.823539787692,7.65495163076437,12.7582527179406
um,Steel 1 1200 degree cropped.png,1,449,0,4583.68802960186,4629.98790868875,141.661884493604,71.9532990786212,0.861402602271088,-66.3026610496439,7278.48567958086,0.134494048264025,-1,76.3945865884376,0.629758473312792,0.409196590028416,651.754489545815,671.872758101701,56.320356197957,789.927241161616,66.2163825757576,624.729108088492,7.22967654016635,83.353917757212,134.386928628974
um,Steel 1 1200 degree cropped.png,1,450,0,3769.09953191694,3963.70371120401,193.59290053093,43.8242031878752,0.974040692517636,-77.6789463714654,6615.09522453905,0.0926846276865331,-3,69.2745737776815,0.569772528433946,0.295000283109677,712.186079919793,662.209148721764,471.011181857674,778.565642994242,553.77236084453,624.729108088492,393.379458803169,73.9978657640555,172.661686782796
um,Steel 1 1200 degree cropped.png,1,451,0,130.941845542604,130.941845542604,19.3352940426552,8.82273033932387,0.889825053890241,76.902751544302,137.452766039197,0.760464704048339,1,12.9120229168573,0.952631578947368,0.747933884297521,43.8441607402935,629.618596837301,564.342394809709,740.24861878453,663.502762430939,624.729108088492,554.983993230417,9.35605199315645,18.7121039863129
um,Steel 1 1200 degree cropped.png,1,452,0,109.238777220625,109.238777220625,13.5637613565616,10.4191573322303,0.640256299713731,-46.9557299986704,113.579390885021,0.928954921473135,1,11.7935207201164,0.961783439490446,0.719047619047619,35.7690373200183,635.349719788128,335.871564267268,746.986754966887,394.887417218543,628.981858994472,329.588195213466,11.9077025367446,12.7582527179406
um,Steel 1 1200 degree cropped.png,1,453,0,102.727856724032,102.727856724032,19.5272944752861,7.16524195992651,0.93024670125232,-35.9817804951641,117.196568938684,0.620378617049624,1,11.4366590194394,0.876543209876543,0.467105263157895,42.9442786485881,641.925795202674,126.510354767898,754.718309859155,148.739436619718,634.085160081648,119.502300458044,16.1604534427248,13.6088028991367
um,Steel 1 1200 degree cropped.png,1,454,0,865.228990436211,865.228990436211,64.5916118265021,20.5219640068999,0.948185012103933,1.85352967644741,1127.83611713215,0.377583910387471,1,33.1910193557635,0.767158434894163,0.606798579401319,167.020837981104,668.027517145298,257.001275569388,785.40635451505,302.158862876254,634.085160081648,244.533177093862,62.090163227311,22.9648548922931
um,Steel 1 1200 degree cropped.png,1,455,0,29.6608600400373,29.6608600400373,8.53711060035221,4.56142512339647,0.845291450172053,82.8734684509221,29.6608600400373,0.840983398415224,1,6.14535433753258,1,0.82,18.3803894156464,636.087064776415,269.665897691886,747.853658536585,317.048780487805,634.085160081648,265.796931623763,4.2527509059802,8.50550181196041
um,Steel 1 1200 degree cropped.png,1,456,0,158.432398750443,158.432398750443,17.2134206778037,11.9518815320239,0.719651874302777,-54.9378859253474,166.390190468502,0.86713805085626,1,14.2029009450997,0.952173913043478,0.678018575851393,45.2441663385422,643.105264172186,319.872892573,756.10502283105,376.077625570776,635.78626044404,311.726641408349,14.4593530803327,16.1604534427248
um,Steel 1 1200 degree cropped.png,1,457,0,290.821115514512,290.821115514512,31.994841972551,11.9381396679211,0.927780273361153,85.676852710796,302.396085286234,0.668160557052645,1,19.2427894214189,0.961722488038278,0.755639097744361,71.2846106860402,642.408703397134,574.19754098027,755.286069651741,675.089552238806,635.78626044404,557.535643774005,11.9077025367446,32.3209068854495
um,Steel 1 1200 degree cropped.png,1,458,0,245.96810764909,245.96810764909,35.5676336032536,10.0392646975014,0.959338404466478,-81.0598485716277,289.374244293047,0.52157738658803,1,17.6967884488259,0.85,0.607142857142857,74.3091671303733,643.118503329586,525.805118779032,756.120588235294,618.194117647059,638.337910987628,507.353183083438,11.9077025367446,34.0220072478416
um,Steel 1 1200 degree cropped.png,1,459,0,177.241724629491,177.241724629491,17.9908199144334,12.6736643001052,0.709751895570662,-3.73416487164826,180.858902683154,0.925276102832898,1,15.0223557665011,0.98,0.833333333333333,46.3907079827945,649.459288560941,681.89823098174,763.575510204082,801.714285714286,640.889561531217,675.762118960254,17.8615538051169,11.9077025367446
um,Steel 1 1200 degree cropped.png,1,460,0,432.614495218105,432.614495218105,48.0522188718713,13.0337357408829,0.962511442293869,82.125626111482,540.406401217265,0.484564912151944,1,23.4695948609543,0.80053547523427,0.593843098311817,103.248286495387,655.764233429123,634.763608972,770.988294314381,746.297658862876,647.693962980785,611.120305189355,16.1604534427248,45.0791596033902
um,Steel 1 1200 degree cropped.png,1,461,0,823.269725013719,823.269725013719,40.8412854710916,29.0283201750787,0.703435378861804,45.4246209689137,1007.0223701398,0.57754756887861,1,32.3762192028456,0.817528735632184,0.601479915433404,131.166745642966,669.066091655039,332.302780677529,786.627416520211,390.691564147627,652.797264067961,315.979392314329,36.5736577914297,37.4242079726258
um,Steel 1 1200 degree cropped.png,1,462,0,31.8311668722352,31.8311668722352,9.44534946917665,4.4712709218612,0.880856531553297,82.2142361643794,32.5546024829678,0.785599823339796,1,6.36621554903647,0.977777777777778,0.8,19.892667637813,655.097615694378,566.969018510906,770.204545454545,666.590909090909,652.797264067961,561.788394679985,4.2527509059802,9.35605199315645
um,Steel 1 1200 degree cropped.png,1,463,0,403.677070788801,403.677070788801,52.4469892012472,11.8848357094109,0.973986361931075,-86.2499715297244,520.150204116752,0.388968647332323,1,22.6710742981262,0.776077885952712,0.634090909090909,111.52754195915,665.343641382342,568.946429896645,782.250896057348,668.915770609319,659.60166551753,545.62794123726,13.6088028991367,46.7802599657822
um,Steel 1 1200 degree cropped.png,1,464,0,965.786540328044,965.786540328044,58.1690103907914,28.075699435008,0.875809282108186,36.7115523511796,1281.9279022182,0.437831642184616,1,35.0667594014421,0.753386004514673,0.44949494949495,163.819367099082,686.001532620998,596.187256184139,806.538576779026,700.943071161049,661.302765879922,566.891695767161,46.7802599657822,45.9297097845862
um,Steel 1 1200 degree cropped.png,1,465,0,423.933267889314,423.933267889314,40.1551420107519,18.8770938957375,0.882611015905067,-40.5513785667444,577.301617364629,0.321566821895559,1,23.2329206301205,0.734335839598998,0.429304029304029,126.039629150716,680.501105891321,169.276903467866,800.071672354949,199.0204778157,663.85441642351,154.374857887081,33.1714570666456,29.7692563418614
um,Steel 1 1200 degree cropped.png,1,466,0,138.899637260663,138.899637260663,15.9967893993503,11.3644629760547,0.703776459642601,-67.768535205718,144.687122146524,0.86369830288719,1,13.2985905610198,0.96,0.721804511278195,42.2825506076176,669.22351444231,661.61729224901,786.8125,777.869791666667,663.85441642351,652.797264067961,11.9077025367446,16.1604534427248
um,Steel 1 1200 degree cropped.png,1,467,0,1192.22188648735,1192.22188648735,60.4845870816491,26.4027449533651,0.899694449215842,-73.9807653572562,1324.61060325142,0.61731628423849,1,38.9613148132151,0.9000546149645,0.621417797888386,153.114342518549,681.884222266897,398.452309368081,801.697815533981,468.464199029126,664.704966604706,372.115704273268,33.1714570666456,57.8374123213308
um,Steel 1 1200 degree cropped.png,1,468,0,200.391664172935,200.391664172935,30.498349229174,9.43148031318091,0.950982207374476,-53.6073327608476,229.32908860224,0.482718880413451,1,15.9733087136094,0.873817034700315,0.369333333333333,69.5545916174874,674.197659330942,645.779457428526,792.660649819495,759.249097472924,665.555516785902,634.085160081648,21.263754529901,25.5165054358812
um,Steel 1 1200 degree cropped.png,1,469,0,269.118047192534,269.118047192534,22.4547309764511,15.9355177349219,0.704531150577271,-26.0627651313368,288.650808682314,0.797958877583415,1,18.5108546503785,0.932330827067669,0.676363636363636,62.428682199427,681.722829504281,275.562253730989,801.508064516129,323.981182795699,670.658817873078,267.498031986155,21.263754529901,18.7121039863129
um,Steel 1 1200 degree cropped.png,1,470,0,350.142835594587,350.142835594587,44.9557275058033,10.2642768430509,0.9735862203996,-60.3124006534796,394.995843460009,0.434378665484525,1,21.1143483106804,0.886446886446886,0.36583522297808,97.9731742716095,684.462684966663,142.261547145378,804.729338842975,167.25826446281,673.210468416666,121.203400820436,22.9648548922931,41.676958878606
um,Steel 1 1200 degree cropped.png,1,471,0,7143.20322037387,7343.5948845468,235.501726278165,51.4227036471745,0.97586966619596,-15.3946404636829,10332.830828094,0.142693991160358,0,95.3677556423531,0.69131134915634,0.37735993273714,790.46561529599,781.190200008223,502.141000547099,918.452805347377,590.371987036662,673.210468416666,462.274023480048,227.096898379343,83.353917757212
um,Steel 1 1200 degree cropped.png,1,472,0,49.193621529818,49.193621529818,9.56342449935125,6.73940665827836,0.709499019868098,-85.2903490081431,50.6404927512832,0.925636617928754,1,7.91424439100154,0.971428571428571,0.772727272727273,23.1706880361425,679.577086684737,234.864422828207,798.985294117647,276.132352941176,675.762118960254,230.073824013529,6.80440144956833,9.35605199315645
um,Steel 1 1200 degree cropped.png,1,473,0,7279.93255080233,7378.31979386197,212.778655808366,84.170750976751,0.918431988571488,-42.6970149358823,12605.1420814051,0.141246381621593,-3,96.27615492263,0.577536730945822,0.255432023555691,802.113049477288,767.350770616731,383.272804516053,902.18165556991,450.61750968896,678.313769503842,293.014537422036,170.960586420404,166.707835514424
um,Steel 1 1200 degree cropped.png,1,474,0,84.6419664557163,84.6419664557163,16.0495461659193,6.88324012455927,0.903364109699681,-73.3645671704972,88.982580120112,0.717688623945826,1,10.3812089293861,0.951219512195122,0.684210526315789,35.8251736319772,683.573368273888,118.015655055868,803.683760683761,138.752136752137,680.014869866234,109.295698283691,7.65495163076437,16.1604534427248
um,Steel 1 1200 degree cropped.png,1,475,0,714.754383403826,714.754383403826,41.2912937507783,22.8134513371798,0.833512712068809,-33.9867044583372,758.160520047783,0.754698613130222,1,30.1670937566506,0.942748091603053,0.589147286821705,106.420838671249,699.275354890424,314.630392178768,822.144736842105,369.913967611336,680.865420047431,297.267288328016,36.5736577914297,33.1714570666456
um,Steel 1 1200 degree cropped.png,1,476,0,2178.98805952664,2222.3941961706,73.3663298059958,47.059711225483,0.76717761947419,67.1685633478996,2755.56624128054,0.374438992892648,-1,52.6723244683113,0.790758729325282,0.583042973286876,267.749794839789,714.640056127036,215.278430190957,840.209163346614,253.104913678619,685.118170953411,181.592463685355,53.5846614153506,69.7451148580753
um,Steel 1 1200 degree cropped.png,1,477,0,34.001473704433,34.001473704433,9.85493219535715,4.74761605642669,0.876308562028137,-24.6853804411423,39.0655229795613,0.715963174483374,1,6.57966723320845,0.87037037037037,0.534090909090909,21.7570736349947,692.81836461509,664.478756450132,814.553191489362,781.234042553191,688.520371678195,661.302765879922,9.35605199315645,6.80440144956833
um,Steel 1 1200 degree cropped.png,1,478,0,342.908479487261,342.908479487261,52.1629799233749,8.6869640436758,0.986035536804665,-67.9801888920208,395.719279070742,0.348370272090658,1,20.8950864154276,0.86654478976234,0.313492063492063,108.545513023876,703.74234886614,516.289343214992,827.396624472574,607.006329113924,691.922572402979,494.594930365498,22.9648548922931,47.6308101469783
um,Steel 1 1200 degree cropped.png,1,479,0,300.949214064769,300.949214064769,27.9203740640736,15.7205355727418,0.826423589682665,69.5473626194911,354.483449258983,0.594892562061709,1,19.5749952823553,0.848979591836735,0.582633053221289,77.0598464163613,703.76689259449,620.564274629126,827.425480769231,729.603365384615,694.474222946567,605.166453920983,17.8615538051169,28.9187061606654
um,Steel 1 1200 degree cropped.png,1,480,0,10745.1891262116,10967.2838587065,255.965584839228,172.896491825258,0.737389550747043,-86.2294894657002,29616.7304677826,0.0789149062087922,-5,116.966660682225,0.362808080314614,0.197156737814591,1305.40230379497,832.406084161002,264.162573080275,978.667811216589,310.578468996162,697.025873490155,121.203400820436,219.441946748578,248.360652909244
um,Steel 1 1200 degree cropped.png,1,481,0,104.89816355623,104.89816355623,16.3119645962017,8.45006687671953,0.855363196829993,87.6448485116073,110.68564844209,0.798299210820238,1,11.5568373705737,0.947712418300654,0.763157894736842,37.9634567875041,701.475130817308,649.315874188376,824.731034482759,763.406896551724,697.025873490155,640.889561531217,8.50550181196041,16.1604534427248
um,Steel 1 1200 degree cropped.png,1,482,0,124.43092504601,124.43092504601,15.8865311509987,10.0786272106715,0.77299399754952,-27.1613732473246,126.601231878208,0.900229772030933,1,12.586912820726,0.982857142857143,0.778280542986425,39.004530209288,707.652805695913,804.749042950472,831.994186046512,946.151162790698,700.428074214939,799.09189523368,14.4593530803327,11.0571523555485
um,Steel 1 1200 degree cropped.png,1,483,0,210.519762723192,210.519762723192,41.8045678873152,6.77834709716011,0.986767157050513,-70.133079827281,251.032156924218,0.364881180698741,1,16.371990924974,0.838616714697406,0.356181150550796,82.4761499702177,709.554682258873,106.429841058046,834.230240549828,125.13058419244,701.278624396135,87.1813935725942,16.1604534427248,36.5736577914297
um,Steel 1 1200 degree cropped.png,1,484,0,1143.75170056827,1143.75170056827,84.5075985745414,18.0283147213587,0.976979402260435,-33.0637103401245,1294.22630760065,0.433089292577852,1,38.1611044719831,0.883733929569592,0.333544303797468,179.500110239612,734.79788708716,414.091512377462,863.908918406072,486.851359898798,701.278624396135,388.276157715993,67.1934643144872,51.0330108717624
um,Steel 1 1200 degree cropped.png,1,485,0,300.225778454036,300.225778454036,27.9713476327303,13.8212587512276,0.869392564309513,-32.402835676211,319.758539943817,0.775783437215181,1,19.5514534875691,0.938914027149321,0.628787878787879,67.0641806869454,718.149236002196,792.194240691957,844.334939759036,931.390361445783,705.531375302116,782.931441790955,25.5165054358812,18.7121039863129
um,Steel 1 1200 degree cropped.png,1,486,0,17.3624546575828,17.3624546575828,6.21154027374904,3.80377604685822,0.790569415042095,90,18.8093258790481,0.820036014881457,1,4.70176178296026,0.923076923076923,0.6,13.6394227056597,709.358851117498,560.937844498789,834,659.5,707.232475664508,557.535643774005,4.2527509059802,6.80440144956833
um,Steel 1 1200 degree cropped.png,1,487,0,155.538656307513,155.538656307513,23.9522271999702,8.55052237952001,0.934111128835986,-67.7669639750613,165.666754857769,0.635368016576678,1,14.0725963470035,0.938864628820961,0.568783068783069,52.7919486464759,714.367207068169,25.7538682771452,839.888372093023,30.2790697674419,708.083025845704,14.8846281709307,11.9077025367446,22.9648548922931
um,Steel 1 1200 degree cropped.png,1,488,0,1700.07368522165,1700.07368522165,111.901387154615,27.8959261364763,0.968428812668847,-83.3181780203367,2649.22120650285,0.226974354860712,1,46.5252731855262,0.641725832878209,0.4,304.124423888819,730.289624299867,91.4518793546929,858.608510638298,107.52085106383,708.083025845704,37.8494830632238,39.9758585162139,106.318772649505
um,Steel 1 1200 degree cropped.png,1,489,0,761.777698101446,761.777698101446,38.8857172834074,26.1834200509859,0.739330368776532,-85.5842915644058,834.121259174708,0.781615022671085,1,31.1436267881582,0.913269731136166,0.76304347826087,107.996057606824,723.672003264501,664.091488102694,850.828110161444,780.778727445394,710.634676389292,645.992862618393,25.5165054358812,39.1253083350179
um,Steel 1 1200 degree cropped.png,1,490,0,1399.84790676761,1399.84790676761,93.6718900044879,33.405670943921,0.934247889070644,-62.9306457739149,2420.61555351134,0.292454409262282,1,42.2177890410105,0.578302450687388,0.305397727272727,242.582014978198,749.093830305911,197.553136736682,880.716795865633,232.26511627907,714.887427295272,162.880359699042,56.1363119589387,81.6528173948199
um,Steel 1 1200 degree cropped.png,1,491,0,273.458660856929,273.458660856929,25.0464003483066,14.2428524037032,0.822573602152675,-59.5920557437111,289.374244293047,0.833365382829126,1,18.6595386023707,0.945,0.687272727272727,61.5424089106207,723.662945037771,434.248620022914,850.81746031746,510.550264550265,714.887427295272,423.14871514503,18.7121039863129,21.263754529901
um,Steel 1 1200 degree cropped.png,1,492,0,56.4279776371442,56.4279776371442,18.7809968757723,4.59798808405089,0.969568218698923,-64.9352380957287,74.5138679054596,0.472220462129146,1,8.47622159674011,0.757281553398058,0.393939393939394,36.0786375859737,721.539165891805,560.054580849085,848.320512820513,658.461538461538,717.43907783886,551.581792505632,9.35605199315645,15.3099032615287
um,Steel 1 1200 degree cropped.png,1,493,0,871.739910932804,917.316354408959,70.1869676771572,20.4679411268647,0.956534175678305,-88.0965714332285,1100.34556392431,0.40701117893823,0,33.3156678955046,0.7922419460881,0.544263775971093,161.385092480499,729.453716767681,602.115413955655,857.625726141079,707.912863070539,717.43907783886,564.340045223573,22.9648548922931,69.7451148580753
um,Steel 1 1200 degree cropped.png,1,494,0,130.941845542604,130.941845542604,17.0398418398261,9.90390892147712,0.8137459614297,-7.64303607048346,132.388716764069,0.880141819618624,1,12.9120229168573,0.989071038251366,0.866028708133971,40.566140341964,725.87644165288,775.720561939876,853.419889502762,912.022099447514,717.43907783886,771.023739254211,16.1604534427248,9.35605199315645
um,Steel 1 1200 degree cropped.png,1,495,0,167.113626079235,167.113626079235,26.0450339065375,8.40479963954025,0.946500419872539,79.3966959632838,180.135467072422,0.637268556693947,1,14.5868323219322,0.927710843373494,0.724137931034483,54.7329041599652,749.669774856607,582.192393940149,881.393939393939,684.489177489177,744.656683637134,569.443346310749,9.35605199315645,24.6659552546852
um,Steel 1 1200 degree cropped.png,1,496,0,1169.07194694391,1187.15783721223,67.9957959073382,35.857802874728,0.84964614194296,-83.8875120535843,1789.7797009525,0.206833400172585,0,38.5811953351567,0.653193209377526,0.480666270077335,263.838965106649,762.55665957296,624.179092655726,896.545173267327,733.853341584158,744.656683637134,592.408201203042,34.8725574290377,69.7451148580753
um,Steel 1 1200 degree cropped.png,1,497,0,242.350929595427,242.350929595427,21.688060442115,15.4475431182394,0.701915487546573,85.9542350925083,269.841482803266,0.755358717434954,1,17.5661830590548,0.898123324396783,0.705263157894737,60.8245445576913,755.717644426329,140.074189542046,888.50447761194,164.686567164179,747.208334180722,130.559452813592,16.1604534427248,21.263754529901
um,Steel 1 1200 degree cropped.png,1,498,0,128.771538710406,128.771538710406,17.3147500302998,9.65580832184468,0.830066954555522,-50.1720861752786,136.005894817732,0.821413649910116,1,12.8045700951841,0.946808510638298,0.6953125,41.7126819862162,761.768033068948,264.927267955349,895.61797752809,311.477528089888,754.863285811486,258.141979992998,13.6088028991367,13.6088028991367
um,Steel 1 1200 degree cropped.png,1,499,0,173.624546575828,173.624546575828,31.9742607222205,7.35380501618078,0.973192661045584,-59.8547882219047,205.455713448063,0.434499599668572,1,14.8682762496887,0.845070422535211,0.346320346320346,68.190309126849,769.588435823443,568.295103566135,904.8125,668.15,761.667687261054,554.983993230417,17.8615538051169,28.0681559794693
um,Steel 1 1200 degree cropped.png,1,500,0,2278.82217380775,2419.16868228987,87.7717842877988,44.2891494646734,0.86335653537965,84.6800121413944,3099.92159198927,0.379050492306982,-1,53.8654481751648,0.73512252042007,0.577240241891149,272.18796568527,789.556822678577,155.303712688134,928.289523809524,182.592063492063,768.472088710623,114.398999370867,43.3780592409981,91.0088693879763
um,Steel 1 1200 degree cropped.png,1,501,0,191.710436844144,191.710436844144,28.455301146951,9.62190817270875,0.94109540674421,14.8887210410674,240.904058373962,0.504494128256472,1,15.6234858251421,0.795795795795796,0.534274193548387,66.4313713521356,786.970752745805,798.329609693929,925.249056603774,938.603773584906,772.724839616603,791.436943602916,26.3670556170773,13.6088028991367
um,Steel 1 1200 degree cropped.png,1,502,0,2181.88180196957,2252.05505621064,104.80760690903,34.2831534711207,0.944987797213111,89.3763291351346,3073.15447439216,0.25574721259112,-1,52.7072878471818,0.709981167608286,0.495726495726496,324.75536908391,792.46318767101,66.8547671103703,931.706564986737,78.6017904509284,775.276490160191,16.5857285333228,44.2286094221941,99.5143711999368
um,Steel 1 1200 degree cropped.png,1,503,0,665.560761874008,665.560761874008,40.2586951373463,23.8654586329859,0.805347808502579,57.8883792915444,805.183834745403,0.554792349044591,1,29.1104496949472,0.82659478885894,0.567901234567901,120.109593287418,792.294889872644,260.573444097939,931.508695652174,306.358695652174,777.828140703779,243.682626912666,30.6198065230575,38.2747581538218
um,Steel 1 1200 degree cropped.png,1,504,0,643.85769355203,643.85769355203,50.9399375362124,19.0897708535774,0.927125669452482,-71.7413029252316,803.013527913206,0.548968564371504,1,28.6318891554927,0.801801801801802,0.539393939393939,118.730000893518,795.88656342724,356.882254960611,935.731460674157,419.589887640449,779.529241066171,336.392596663034,28.0681559794693,42.527509059802
um,Steel 1 1200 degree cropped.png,1,505,0,156.985527528978,156.985527528978,30.6255354203535,7.08577518677214,0.97286625662053,-67.1293532156972,186.646387569015,0.450938135241587,1,14.1378987689474,0.84108527131783,0.398897058823529,63.4697556212109,788.781424027984,461.915381352954,927.377880184332,543.078341013825,782.080891609759,448.665220580911,14.4593530803327,27.2176057982733
um,Steel 1 1200 degree cropped.png,1,506,0,26.0436819863742,26.0436819863742,6.43346857389414,5.43369437566979,0.53540106563062,-20.9743708727172,28.2139888185721,0.904704813267254,1,5.75845863018555,0.923076923076923,0.642857142857143,16.3475744825879,785.766609061609,559.567513651306,923.833333333333,657.888888888889,782.080891609759,556.685093592809,6.80440144956833,5.95385126837228
um,Steel 1 1200 degree cropped.png,1,507,0,1003.40519208614,1003.40519208614,80.277289255849,30.1283291638251,0.926902074403335,-83.5278885448115,1695.00963594652,0.303598536568293,1,35.7431835453511,0.591976099018353,0.43906299461855,201.122796945978,800.653485742992,599.609669157531,941.335976928623,704.966834895458,783.781991972151,569.443346310749,33.1714570666456,68.8945646768793
um,Steel 1 1200 degree cropped.png,1,508,0,305.289827729165,305.289827729165,28.643103628755,14.8719882125274,0.854642404113166,-88.1247117711887,347.972528762389,0.675460637294565,1,19.7156557403034,0.877338877338877,0.67304625199362,72.6914206857384,797.173118521598,222.608331427865,937.244075829384,261.722748815166,788.885293059328,207.108969121236,16.1604534427248,28.0681559794693
um,Steel 1 1200 degree cropped.png,1,509,0,62.2154625230051,62.2154625230051,11.5918865245507,7.25649245778018,0.779825030947996,84.8142059347561,65.8326405766682,0.81656855435218,1,8.90029140973927,0.945054945054945,0.682539682539683,28.270586922594,792.02046058769,644.539015215651,931.186046511628,757.790697674419,788.885293059328,638.337910987628,7.65495163076437,11.9077025367446
um,Steel 1 1200 degree cropped.png,1,510,0,114.302826495754,114.302826495754,19.0910003241267,7.9077106144464,0.910180689872754,29.7958945050079,127.324667488941,0.667047181096819,1,12.0637837666876,0.897727272727273,0.526666666666667,43.7318881163756,801.487432136416,804.964998067129,942.316455696203,946.405063291139,793.138043965308,799.09189523368,17.0110036239208,12.7582527179406
um,Steel 1 1200 degree cropped.png,1,511,0,117.920004549417,117.920004549417,14.9017524432606,10.2382478787222,0.726610213513556,-32.6927578762019,122.984053824545,0.895523006137823,1,12.2531797060056,0.958823529411765,0.684873949579832,38.0059842965639,807.887001555189,280.20671276102,949.840490797546,329.441717791411,800.792995596072,274.302433435723,14.4593530803327,11.9077025367446
um,Steel 1 1200 degree cropped.png,1,512,0,542.576708049463,542.576708049463,48.3978076645915,14.6502804058125,0.953084155422203,-63.2102561137941,588.153151525618,0.53049176425718,1,26.2836474017744,0.922509225092251,0.462962962962963,110.697404982302,818.019471932563,468.532938746743,961.753333333333,550.858666666667,805.045746502052,446.113570037323,25.5165054358812,45.9297097845862
um,Steel 1 1200 degree cropped.png,1,513,0,178.688595850957,178.688595850957,24.063630085735,9.64169969670112,0.916220163200943,-44.8216553390137,193.880743676341,0.668392043598799,1,15.0835468783253,0.921641791044776,0.510330578512397,55.2891639784674,819.579135326902,345.784805647699,963.587044534413,406.542510121457,810.149047589229,336.392596663034,18.7121039863129,18.7121039863129
um,Steel 1 1200 degree cropped.png,1,514,0,484.701859190854,489.042472855249,39.0808851789789,20.8866764300207,0.845201754125077,22.7498189581391,637.346773055436,0.39453159183127,-1,24.8423343212438,0.76049943246311,0.531746031746032,121.579344000524,826.612906245843,791.221132362911,971.85671641791,930.246268656716,810.999597770425,780.379791247367,35.7231076102337,25.5165054358812
um,Steel 1 1200 degree cropped.png,1,515,0,221.371296884181,221.371296884181,19.8911869186295,15.6238479680895,0.618905004185984,-86.7981544180527,256.819641810079,0.699682796475918,1,16.7886476305344,0.861971830985915,0.671052631578947,60.3822584634693,820.947699399512,599.660114349253,965.196078431373,705.02614379085,812.700698132817,589.856550659454,16.1604534427248,20.413204348705
um,Steel 1 1200 degree cropped.png,1,516,0,385.591180520485,385.591180520485,30.4498637657025,16.5096683826257,0.840254713170713,-48.6535966320968,413.081733728325,0.757254227191174,1,22.1573901698688,0.933450087565674,0.61264367816092,77.3201147718073,831.45828181925,104.451711276148,977.553470919325,122.80487804878,818.654549401189,91.4341444785744,25.5165054358812,24.6659552546852
um,Steel 1 1200 degree cropped.png,1,517,0,583.08910225049,583.08910225049,52.9341938974299,16.1467585602198,0.952341281801824,-30.2518509635402,737.180887336537,0.452725602488314,1,27.2472402839159,0.790971540726202,0.413333333333333,124.547764132899,845.013162832845,637.435652420727,993.490074441687,749.439205955335,823.757850488365,622.177457544904,42.527509059802,33.1714570666456
um,Steel 1 1200 degree cropped.png,1,518,0,753.096470772655,753.096470772655,36.6258988386555,33.9237162160143,0.376978325535293,-78.1662314676258,1004.12862769687,0.401868132914861,1,30.9656617495611,0.75,0.518168242906919,150.785536122434,845.398674094752,387.926868376452,993.943323727185,456.089337175792,826.309501031953,367.862953367288,34.8725574290377,41.676958878606
um,Steel 1 1200 degree cropped.png,1,519,0,1237.07489435278,1237.07489435278,83.3570224149316,19.3872893276868,0.972576944368291,-49.9506285006044,1332.56839496948,0.454143642973912,1,39.6874372476862,0.928338762214984,0.33300876338851,182.34264894517,855.358525407516,589.012466649226,1005.65321637427,692.507602339181,826.309501031953,553.282892868024,55.2857617777426,67.1934643144872
um,Steel 1 1200 degree cropped.png,1,520,0,117.920004549417,117.920004549417,22.2089360598674,6.99148137156205,0.949156409548716,-41.2573797038584,127.324667488941,0.586645138769728,1,12.2531797060056,0.926136363636364,0.428947368421053,47.5865815375561,843.2344060179,415.381574379936,991.398773006135,488.368098159509,834.815002843914,406.988261702305,17.0110036239208,16.1604534427248
um,Steel 1 1200 degree cropped.png,1,521,0,2490.7888077524,2490.7888077524,74.9205091970646,58.3033132489736,0.628013667255374,38.6634808242533,3362.52871868521,0.242695594621036,1,56.3149252651028,0.740748709122203,0.531491200987959,356.450271035999,870.333439868867,76.4709583762988,1023.25936683125,89.9076386871914,837.366653387502,44.6538845127921,69.7451148580753,67.1934643144872
um,Steel 1 1200 degree cropped.png,1,522,0,2651.39151333504,2651.39151333504,198.690911505544,21.9017058375195,0.993906102057836,71.6360793029728,4491.08827142809,0.147533220417511,1,58.1021215047556,0.590367268041237,0.226304414942884,472.550370769259,876.376272973454,660.613158823053,1030.36398362892,776.689222373806,845.021605018266,568.592796129553,67.1934643144872,174.362787145188
um,Steel 1 1200 degree cropped.png,1,523,0,230.052524212972,230.052524212972,24.5293194460547,12.2699890374419,0.865899930569776,-66.2603673073157,249.585285702753,0.770519982072022,1,17.1146712265851,0.921739130434783,0.669473684210526,58.5807931796961,862.24123415833,129.235483191919,1013.74528301887,151.943396226415,854.377657011423,118.651750276848,16.1604534427248,21.263754529901
um,Steel 1 1200 degree cropped.png,1,524,0,235.116573488101,235.116573488101,28.7137390213258,12.3378827437612,0.902978520459213,-1.99753255913664,283.586759407186,0.612101668375678,1,17.3020148823101,0.829081632653061,0.616698292220114,66.8039123314994,868.312286056895,21.2532862199786,1020.88307692308,24.9876923076923,856.078757373815,14.0340779897347,26.3670556170773,14.4593530803327
um,Steel 1 1200 degree cropped.png,1,525,0,1089.49402976332,1095.28151464918,66.3985213589354,32.3249240930038,0.873495630410404,-66.7030251608503,1538.74754402828,0.340703140209629,-1,37.244957812401,0.708039492242595,0.42687074829932,197.78864023569,884.918959898898,771.591902257055,1040.40770252324,907.167994687915,863.733709004579,745.50723381833,41.676958878606,61.2396130461149
um,Steel 1 1200 degree cropped.png,1,526,0,116.473133327951,116.473133327951,14.498890255943,10.3412791288266,0.70091353563709,-46.8186259651949,119.366875770882,0.933612487951106,1,12.1777748070967,0.975757575757576,0.821428571428571,36.9223833657201,874.022196444823,252.048131334553,1027.59627329193,296.335403726708,867.986459910559,246.234277456254,11.9077025367446,11.9077025367446
um,Steel 1 1200 degree cropped.png,1,527,0,3319.84601765198,3667.81854641437,114.844720172205,52.8324168646469,0.887901566953692,-83.8540511587371,4511.3444685286,0.331635356926553,-2,65.015069269409,0.735888389993586,0.485505713076598,352.005295789069,893.804429689373,421.408414224058,1050.85443451732,495.453911527566,867.986459910559,355.955250830543,57.8374123213308,118.22647518625
um,Steel 1 1200 degree cropped.png,1,528,0,207.626020280261,207.626020280261,19.5426255164819,13.8883233292547,0.703527290962858,-65.29044175291,221.371296884181,0.863861227178833,1,16.2590792954833,0.937908496732026,0.759259259259259,52.285020738483,879.439251461891,138.4559369871,1033.96515679443,162.783972125436,872.23921081654,128.8583524512,15.3099032615287,17.8615538051169
um,Steel 1 1200 degree cropped.png,1,529,0,243.797800816892,243.797800816892,23.4370172519392,14.3243955611251,0.791486384133627,80.2515068543312,256.096206199347,0.781533028465337,1,17.618541395914,0.951977401129944,0.734204793028322,59.938271268885,878.275088437698,175.589396605311,1032.59643916914,206.442136498516,872.23921081654,165.43201024263,14.4593530803327,22.9648548922931
um,Steel 1 1200 degree cropped.png,1,530,0,724.15904634335,724.15904634335,54.3473590571621,17.4871883459468,0.946818872860582,-65.8404233721026,795.779171805879,0.572590886136948,1,30.36491288448,0.91,0.501754385964912,123.394418087197,890.840428890119,497.435054222289,1047.36963036963,584.839160839161,874.790861360128,474.181726016793,29.7692563418614,48.4813603281743
um,Steel 1 1200 degree cropped.png,1,531,0,225.711910548577,225.711910548577,25.427334291571,11.6770011483019,0.888317271669361,-28.08139049267,243.074365206159,0.733566502207826,1,16.9524431934802,0.928571428571429,0.577777777777778,59.5095939775622,887.699050808728,117.531313980464,1043.67628205128,138.182692307692,875.641411541324,109.295698283691,22.9648548922931,17.0110036239208
um,Steel 1 1200 degree cropped.png,1,532,0,936.125680288007,936.125680288007,66.1631030545425,19.9532101334478,0.953442111513732,89.677036757714,1104.68617758871,0.538910366496465,1,34.5240819571614,0.847413228552718,0.750144927536232,145.073241105521,890.34988248771,277.594864546705,1046.79289026275,326.370942812983,879.043612266108,246.234277456254,21.263754529901,58.6879625025268
um,Steel 1 1200 degree cropped.png,1,533,0,54.9811064156789,54.9811064156789,9.57940612565196,7.53266301785888,0.61779493816479,-8.64777499830739,58.598284469342,0.896356505425289,1,8.3668464131795,0.938271604938272,0.690909090909091,25.0912303452832,886.284480256027,226.089667901611,1042.01315789474,265.815789473684,881.595262809696,221.568322201569,9.35605199315645,8.50550181196041
um,Steel 1 1200 degree cropped.png,1,534,0,217.754118830518,217.754118830518,22.797713854089,12.3955736215784,0.839266662534482,-28.5738246538799,234.393137877368,0.76978625623364,1,16.6509205488458,0.929012345679012,0.609311740890688,56.9494379321621,893.583499167584,721.515219487948,1050.59468438538,848.292358803987,882.445812990892,713.18632693288,22.1143047110971,16.1604534427248
um,Steel 1 1200 degree cropped.png,1,535,0,5.78748488586094,5.78748488586094,3.10577013687452,2.59847372512617,0.547722557505166,0,5.78748488586094,0.936368556122002,1,2.7145634310576,1,0.666666666666667,6.14097230823541,887.549114078068,34.0220072478416,1043.5,40,885.848013715676,32.7461819760476,3.40220072478416,2.55165054358812
um,Steel 1 1200 degree cropped.png,1,536,0,44.8530078654223,44.8530078654223,11.3754805901129,5.50192645024475,0.875252977145969,-24.126573176171,50.6404927512832,0.664653218979468,1,7.55702476604205,0.885714285714286,0.553571428571429,26.4487084344721,894.298641322398,38.3982251156084,1051.43548387097,45.1451612903226,888.399664259264,35.2978325196357,11.9077025367446,6.80440144956833
um,Steel 1 1200 degree cropped.png,1,537,0,179.412031461689,179.412031461689,31.5399825670898,7.8211312467834,0.968766398767473,-76.2519700455387,218.477554441251,0.487390375119292,1,15.1140495320841,0.821192052980132,0.536796536796537,65.3409660198422,897.512211966675,174.626869257898,1055.21370967742,205.310483870968,890.951314802853,160.328709155454,11.9077025367446,28.0681559794693
um,Steel 1 1200 degree cropped.png,1,538,0,18408.5425507022,18408.5425507022,769.660025714033,104.552673788044,0.990730421804335,68.0945067300741,65973.7105207611,0.0183032772650039,1,153.096323719722,0.279028455507429,0.109439512799339,3552.41469118483,1019.95430022717,411.176133338393,1199.17004637271,483.423720820561,890.951314802853,139.064954625553,294.29036269383,571.569721763739
um,Steel 1 1200 degree cropped.png,1,539,0,276.35240329986,276.35240329986,22.1083410265788,16.3867177562933,0.671283493205319,69.9826375294138,296.608600400373,0.833945601237,1,18.7580065082615,0.931707317073171,0.694545454545455,61.8588135780256,902.511672239423,146.996001079532,1061.09162303665,172.824607329843,893.502965346441,137.363854263161,18.7121039863129,21.263754529901
um,Steel 1 1200 degree cropped.png,1,540,0,728.499660007746,728.499660007746,55.4859585215397,19.1306772781375,0.938682007858217,85.7066744070195,894.166414865515,0.4858223829717,1,30.4557806573396,0.814724919093851,0.619692307692308,134.599566174273,909.907941408288,230.065799955216,1069.78748758689,270.490566037736,900.307366796009,205.407868758844,21.263754529901,55.2857617777426
um,Steel 1 1200 degree cropped.png,1,541,0,1797.01405705982,1797.01405705982,91.9878578769036,29.9188934345251,0.945628653404651,-32.4133515459832,2286.7799655258,0.357031884918301,1,47.8333498711258,0.785827269851313,0.406480117820324,248.821651107452,940.195567966657,765.379085575863,1105.39694041868,899.863526570048,900.307366796009,736.151181825173,82.5033675760159,53.5846614153506
um,Steel 1 1200 degree cropped.png,1,542,0,15.192147825385,15.192147825385,6.79557322038582,3.07423269654524,0.89182145507379,-77.9813399182821,15.9155834361176,0.740989495679806,1,4.39809542651617,0.954545454545455,0.65625,13.3791543502137,903.891828273907,783.72123838778,1062.71428571429,921.428571428571,902.008467158401,780.379791247367,3.40220072478416,6.80440144956833
um,Steel 1 1200 degree cropped.png,1,543,0,33.2780380937004,33.2780380937004,8.98031937066192,4.8903122225283,0.838722647298067,-45.3756884915122,34.7249093151656,0.861085994338387,1,6.50929443734899,0.958333333333333,0.638888888888889,19.3653265254715,911.031695167611,180.704933061498,1071.10869565217,212.45652173913,907.111768245577,177.339712779374,7.65495163076437,6.80440144956833
um,Steel 1 1200 degree cropped.png,1,544,0,195.327614897807,195.327614897807,19.4057712537775,13.0332742134103,0.740897188262726,-68.3625400261691,206.902584669529,0.856387999350831,1,15.7701884410646,0.944055944055944,0.72192513368984,50.8646019358856,915.944889386591,129.989269173605,1076.88518518519,152.82962962963,908.812868607969,121.203400820436,14.4593530803327,18.7121039863129
um,Steel 1 1200 degree cropped.png,1,545,0,209.072891501726,209.072891501726,22.6178321296259,11.9662471591883,0.848582850880388,3.4523012866336,222.818168105646,0.796095396025519,1,16.3156327855257,0.938311688311688,0.71358024691358,54.775431669025,923.576830490218,38.2364981110691,1085.85813148789,44.9550173010381,912.215069332754,31.8956317948515,22.9648548922931,12.7582527179406
um,Steel 1 1200 degree cropped.png,1,546,0,7026.00665143518,7026.00665143518,299.943089395787,46.1878191448965,0.988072622972509,-84.6648736328802,11780.4254851699,0.0944990309010498,1,94.5821838941117,0.596413657577991,0.394123853583313,963.925118148748,947.988971743759,177.561808666886,1114.5597199341,208.761120263591,913.916169695146,46.3549848751842,62.940713408507,283.233210338282
um,Steel 1 1200 degree cropped.png,1,547,0,257.543077420812,257.543077420812,47.1293104048196,8.18254153241283,0.984812905646237,73.9434864408226,333.503816547737,0.347530346278784,1,18.1083966889663,0.772234273318872,0.418823529411765,93.8292937888224,921.886493865005,554.866923121207,1083.87078651685,652.362359550562,913.916169695146,534.570788881712,14.4593530803327,42.527509059802
um,Steel 1 1200 degree cropped.png,1,548,0,217.030683219785,217.030683219785,30.3639202942979,9.48126246729092,0.949998577669722,-79.8593290258413,239.457187152496,0.545951714179638,1,16.6232382012748,0.906344410876133,0.641025641025641,68.0065902877106,920.978571366343,305.299317205777,1082.80333333333,358.943333333333,914.766719876342,290.462886878448,11.0571523555485,30.6198065230575
um,Steel 1 1200 degree cropped.png,1,549,0,191.710436844144,191.710436844144,17.7108409417064,13.9341955960574,0.617257989090289,-28.8555248906793,201.8385353944,0.897131721352021,1,15.6234858251421,0.949820788530466,0.701058201058201,49.148191670232,928.572914609982,728.879780181778,1091.7320754717,856.950943396226,919.870020963518,720.841278563644,17.8615538051169,15.3099032615287
um,Steel 1 1200 degree cropped.png,1,550,0,2966.80943961446,2971.15005327886,176.268869833778,62.0987642322186,0.935888744657205,-4.79799669245485,6887.10701417452,0.102335521115329,0,61.4610372529679,0.43077731092437,0.245804363462,600.910300814278,1016.68496863667,712.270756639076,1195.32626188734,837.423555230432,920.720571144714,682.566520409823,165.006735152032,73.1473155828595
um,Steel 1 1200 degree cropped.png,1,551,0,723.435610732618,723.435610732618,82.7674748293348,22.6410157756441,0.961857877097072,-75.3255391950891,1284.0982090504,0.265664120471293,1,30.3497418053993,0.563380281690141,0.29385836027035,182.313730239009,937.257818317709,291.257300747685,1101.943,342.434,921.57112132591,262.394730898979,34.8725574290377,70.5956650392714
um,Steel 1 1200 degree cropped.png,1,552,0,216.307247609053,216.307247609053,25.02035892973,11.3084731419522,0.892032702174055,-48.2474831091294,228.605652991507,0.743814284739658,1,16.5955096778817,0.94620253164557,0.541666666666667,57.7795749090094,932.860112610447,491.549733144861,1096.77257525084,577.919732441472,923.272221688302,480.986127466361,19.5626541675089,20.413204348705
um,Steel 1 1200 degree cropped.png,1,553,0,464.44566209034,464.44566209034,41.1684991141952,14.8853231437333,0.932344693300859,-43.4964979273114,507.851798734298,0.585145343418482,1,24.3177010293762,0.914529914529915,0.444598337950138,97.1991736067211,940.654181777542,350.27961691116,1105.93613707165,411.827102803738,925.82387223189,334.691496300642,32.3209068854495,32.3209068854495
um,Steel 1 1200 degree cropped.png,1,554,0,291.544551125245,291.544551125245,27.8051574999489,13.5467913095315,0.873288042192732,-42.5965442337335,307.460134561362,0.75900606878584,1,19.2667083733762,0.948235294117647,0.621913580246914,66.8039123314994,939.857950221625,380.041861110691,1105,446.818858560794,928.375522775478,369.56405372968,22.9648548922931,20.413204348705
um,Steel 1 1200 degree cropped.png,1,555,0,16.6390190468502,16.6390190468502,5.9855258911111,3.76204579195341,0.777790310376436,51.8918585908073,17.3624546575828,0.878767921547817,1,4.60276623738934,0.958333333333333,0.638888888888889,12.7531494168534,931.241507081682,515.174546706176,1094.86956521739,605.695652173913,928.375522775478,512.456484170615,5.10330108717624,5.10330108717624
um,Steel 1 1200 degree cropped.png,1,556,0,165.666754857769,165.666754857769,29.4115468606949,8.26752016655773,0.959679136485371,-65.4935554891143,199.668228562202,0.519909293346545,1,14.5235485861018,0.829710144927536,0.449019607843137,60.6068037113051,936.270039850291,323.922193897245,1100.78165938865,380.838427947598,930.07662313787,311.726641408349,14.4593530803327,25.5165054358812
um,Steel 1 1200 degree cropped.png,1,557,0,379.080260023892,379.080260023892,40.007542274367,12.2182662949223,0.95222445182245,80.369941393317,402.230199567335,0.606912283681892,1,21.9695238385111,0.942446043165468,0.71195652173913,85.922579304424,954.143622253507,405.084262918826,1121.79580152672,476.261450381679,947.087626761791,385.724507172404,13.6088028991367,39.1253083350179
um,Steel 1 1200 degree cropped.png,1,558,0,2478.49040236995,2513.21531168511,144.154472855939,34.6764085333717,0.970636662370116,-72.2227820998745,3845.78370665459,0.228810003953688,0,56.1757242191321,0.644469525959368,0.298614137540312,366.272424528451,985.927432263074,95.4808368175981,1159.16433158202,112.257734967893,948.788727124183,18.2868288957149,65.4923639520951,126.73197699821
um,Steel 1 1200 degree cropped.png,1,559,0,3325.63350253784,3325.63350253784,221.197497807215,48.840738715867,0.975318767782124,28.2093305161005,7271.25132347354,0.0703461731238245,1,65.0717149514848,0.457367426126754,0.126117969821674,768.092743329809,1035.81007590523,489.895441714793,1217.81183380466,575.974766151838,951.340377667771,429.953116594599,206.683694030638,127.582527179406
um,Steel 1 1200 degree cropped.png,1,560,0,317.588233111619,317.588233111619,49.5937218187266,8.89914739040306,0.983768735506831,86.2538344044998,376.186517580961,0.356584250370496,1,20.1088512188112,0.844230769230769,0.688087774294671,103.120703968208,958.790926008977,443.008771255167,1127.25968109339,520.849658314351,953.89202821136,420.597064601442,9.35605199315645,49.3319105093704
um,Steel 1 1200 degree cropped.png,1,561,0,311.077312615026,311.077312615026,50.2199905064808,8.18857291706646,0.986617137646575,20.0160021828076,360.994369755576,0.353250046102444,1,19.9016566117344,0.861723446893788,0.361952861952862,102.523617741008,983.685020837347,598.745789064791,1156.52790697674,703.951162790698,960.696429660928,589.856550659454,45.9297097845862,18.7121039863129
um,Steel 1 1200 degree cropped.png,1,562,0,1446.87122146524,1446.87122146524,137.996939467077,13.9507283628402,0.994876829968553,21.5979023111289,1667.51908273868,0.232291845989292,1,42.9210164757174,0.867678958785249,0.222000222000222,277.099042431496,1027.64451024814,599.557075475995,1208.2115,704.905,962.39753002332,573.696097216729,121.628675911034,53.5846614153506
um,Steel 1 1200 degree cropped.png,1,563,0,986.042737428558,986.042737428558,92.5456396567791,29.9036290749432,0.946356960390799,88.916215312043,1824.50461026766,0.110527018579637,1,35.4325924269302,0.540444091990484,0.390768348623853,332.153454559953,978.281227042449,367.755932563124,1150.17461482025,432.37417461482,963.248080204516,325.335444307486,27.2176057982733,92.7099697503684
um,Steel 1 1200 degree cropped.png,1,564,0,1010.63954819347,1059.10973411255,111.679563718038,13.312361491628,0.992870094117906,20.6232163747901,1261.67170511768,0.250985255530062,0,35.8718028294258,0.801032110091743,0.254046190216403,222.274278851961,1019.39748223425,569.79373401961,1198.51539012169,669.911954187545,965.799730748104,549.88069214324,99.5143711999368,39.9758585162139
um,Steel 1 1200 degree cropped.png,1,565,0,1263.84201194988,1263.84201194988,174.873000747722,13.8879623604323,0.996841448561424,23.4061650545699,2226.734809835,0.149485233106866,1,40.1145064523078,0.567576348278103,0.140921190610632,323.278813969354,1034.36444554075,541.97865738886,1216.11219232971,637.209502003434,970.052481654084,510.755383808222,136.938579172563,65.4923639520951
um,Steel 1 1200 degree cropped.png,1,566,0,41.9592654224918,41.9592654224918,8.76917044622543,6.29068961713291,0.69669828051323,48.1091436285061,42.6827010332244,0.925710380157551,1,7.30918572783284,0.983050847457627,0.716049382716049,21.1940094150429,975.625051806748,680.997401972099,1147.05172413793,800.655172413793,971.753582016476,677.463219322646,7.65495163076437,7.65495163076437
um,Steel 1 1200 degree cropped.png,1,567,0,634.453030612506,634.453030612506,57.00990135769,14.9922819692102,0.964802154673613,-74.2916925767596,742.968372222398,0.49826617065206,1,28.4220106229822,0.853943524829601,0.541358024691358,123.82309537852,988.204502710362,179.263391552923,1161.84150513113,210.761687571266,976.856883103653,153.524307705885,22.9648548922931,51.0330108717624
um,Steel 1 1200 degree cropped.png,1,568,0,588.876587136351,588.876587136351,37.4876403149254,20.1956196606372,0.842480130016478,-27.1025915195561,610.579655458329,0.81758778277549,1,27.382128436458,0.964454976303318,0.661788617886179,92.465011298184,994.655742792219,802.120021063049,1169.42628992629,943.060196560197,976.856883103653,789.735843240524,34.8725574290377,25.5165054358812
um,Steel 1 1200 degree cropped.png,1,569,0,486.872166023052,486.872166023052,48.012327965728,14.9234574341642,0.950466984165183,-31.4992496994505,585.98284469342,0.517076166156715,1,24.8978893686074,0.830864197530864,0.416202844774273,106.104434003844,998.794885065453,772.666072033504,1174.2927191679,908.430906389302,979.408533647241,759.116036717466,41.676958878606,28.0681559794693
um,Steel 1 1200 degree cropped.png,1,570,0,256.819641810079,256.819641810079,24.2648702736772,13.6803677667314,0.825916023818289,-22.2744517362345,273.458660856929,0.806146283080585,1,18.0829456620682,0.939153439153439,0.667293233082707,60.5999993098555,992.141629247146,731.765457581006,1166.47042253521,860.343661971831,980.259083828437,724.243479288429,23.8154050734891,16.1604534427248
um,Steel 1 1200 degree cropped.png,1,571,0,189.540130011946,189.540130011946,34.0074147514188,7.45399164825871,0.97568281236731,-53.2497312817998,209.796327112459,0.471517414997674,1,15.5347992856507,0.903448275862069,0.338064516129032,68.4012455717856,992.475191965233,46.0920285214557,1166.86259541985,54.1908396946565,981.109634009633,32.7461819760476,21.263754529901,26.3670556170773
um,Steel 1 1200 degree cropped.png,1,572,0,408.017684453196,408.017684453196,28.4679314587671,19.598212094282,0.725301653615835,-78.9971441096265,450.700385486421,0.735718988346255,1,22.7926358896263,0.905296950240771,0.61437908496732,80.8090716150734,994.401742692367,224.463812180108,1169.12765957447,263.904255319149,981.960184190829,208.810069483628,22.9648548922931,28.9187061606654
um,Steel 1 1200 degree cropped.png,1,573,0,12.2984053824545,12.2984053824545,5.07069067546845,3.26524186361085,0.765072456664546,-76.0355106456595,13.0218409931871,0.909782519637404,1,3.95712219550077,0.944444444444444,0.708333333333333,10.3614023073302,985.187271643014,653.02240970416,1158.29411764706,767.764705882353,983.661284553221,650.245613524373,3.40220072478416,5.10330108717624
um,Steel 1 1200 degree cropped.png,1,574,0,648.198307216425,648.198307216425,61.2067947678407,15.9586697196424,0.96541078029271,81.1862473781134,769.735489819505,0.388769965699963,1,28.7282390267546,0.842105263157895,0.590250329380764,142.075902266987,994.588386267225,290.85778517686,1169.34709821429,341.964285714286,986.212935096809,262.394730898979,18.7121039863129,58.6879625025268
um,Steel 1 1200 degree cropped.png,1,575,0,823.269725013719,823.269725013719,100.279044735855,10.9140101899524,0.99405967532639,20.3538953602373,973.020896435371,0.249941583585583,1,32.3762192028456,0.846096654275093,0.248688811188811,200.777473572413,1028.84209162994,621.587752718046,1209.61950790861,730.806678383128,986.212935096809,601.764253196199,88.4572188443882,37.4242079726258
um,Steel 1 1200 degree cropped.png,1,576,0,399.336457124405,399.336457124405,69.7662577693494,7.60786559375965,0.994036493400838,84.9739025147066,456.487870372282,0.261948470594668,1,22.5488573738278,0.874801901743265,0.635212888377445,135.737602316714,997.619860805857,348.452843525754,1172.91123188406,409.679347826087,993.017336546377,315.979392314329,9.35605199315645,67.1934643144872
um,Steel 1 1200 degree cropped.png,1,577,0,608.409348626131,608.409348626131,42.9759238547147,18.3378179280409,0.904393323927792,-38.3752099615188,635.176466223238,0.720738758376577,1,27.8325500458968,0.957858769931663,0.54328165374677,100.322393872073,1013.73243058484,760.822699536454,1191.85493460166,894.506539833532,996.419537271162,744.656683637134,36.5736577914297,30.6198065230575
um,Steel 1 1200 degree cropped.png,1,578,0,47.0233146976201,47.0233146976201,12.0449053049175,5.26971933558437,0.899215451192405,34.4750000403697,50.6404927512832,0.736092556965094,1,7.73769628491169,0.928571428571429,0.541666666666667,25.6610989666845,1003.0734567656,680.780365029311,1179.32307692308,800.4,998.120637633554,676.61266914145,10.2066021743525,8.50550181196041
um,Steel 1 1200 degree cropped.png,1,579,0,74.5138679054596,74.5138679054596,23.055788428516,4.70319146665232,0.978972599775983,79.1450723426037,94.7700650059729,0.435645352546588,1,9.74032870330378,0.786259541984733,0.476851851851852,43.6893606073158,1010.3710375734,346.900607396742,1187.90291262136,407.854368932039,1006.62613944551,336.392596663034,7.65495163076437,20.413204348705
um,Steel 1 1200 degree cropped.png,1,580,0,2689.01016509314,2689.01016509314,357.104181775138,58.5899277275308,0.986448771033645,71.761193079607,10514.4131663879,0.074182666680857,1,58.5128539586937,0.255745149305078,0.0822800221361372,672.244243410827,1051.7772651592,148.911268594284,1236.58461124563,175.076405703524,1007.47668962671,35.2978325196357,118.22647518625,276.428808888713
um,Steel 1 1200 degree cropped.png,1,581,0,1726.84080281876,1726.84080281876,175.952994269276,17.6041428993649,0.994982384461505,41.5222578347754,2466.19199698749,0.139786728605603,1,46.8901055406261,0.700205338809035,0.112408759124088,391.329632866486,1068.35801687174,390.597087169374,1256.07875994973,459.228739002933,1009.1777899891,329.588195213466,131.835278085386,116.525374823858
um,Steel 1 1200 degree cropped.png,1,582,0,114.302826495754,114.302826495754,26.9673287796837,5.69485621794633,0.977448024557609,33.8793986134394,133.112152374802,0.451558717564331,1,12.0637837666876,0.858695652173913,0.332631578947368,53.7275538457915,1019.2336617516,642.703709702502,1198.32278481013,755.632911392405,1009.1777899891,634.085160081648,21.263754529901,16.1604534427248
um,Steel 1 1200 degree cropped.png,1,583,0,163.496448025572,163.496448025572,22.1853092178931,9.69360806626982,0.899491550353985,-82.3317906504806,179.412031461689,0.689742219860484,1,14.4281025450298,0.911290322580645,0.643874643874644,51.9056753576696,1016.00853591331,25.550376903274,1194.53097345133,30.0398230088496,1010.0283401703,14.8846281709307,11.0571523555485,22.9648548922931
um,Steel 1 1200 degree cropped.png,1,584,0,30.3842956507699,30.3842956507699,7.51286752109253,5.42561728795461,0.691708700703748,76.3314579654015,32.5546024829678,0.90573109907192,1,6.21984620079025,0.933333333333333,0.666666666666667,17.8598527047545,1014.76711975125,57.9791706848634,1193.07142857143,68.1666666666667,1011.72944053269,54.0099365059486,5.95385126837228,7.65495163076437
um,Steel 1 1200 degree cropped.png,1,585,0,526.661124613346,526.661124613346,65.1856630520499,11.175834984012,0.985193481764714,80.9002608162501,620.707754008586,0.376082949010075,1,25.8952847161873,0.848484848484849,0.555301296720061,129.984480891104,1020.09006841269,219.866053501016,1199.32967032967,258.498626373626,1011.72944053269,190.948515678511,16.1604534427248,58.6879625025268
um,Steel 1 1200 degree cropped.png,1,586,0,185.922951958283,185.922951958283,39.868613877203,6.15628237037078,0.988006192988217,82.1761281047577,211.966633944657,0.339301066388472,1,15.3858524205577,0.877133105802048,0.558695652173913,80.3089481085302,1015.32855851732,314.65392403585,1193.73151750973,369.941634241245,1011.72944053269,296.41673814682,8.50550181196041,39.1253083350179
um,Steel 1 1200 degree cropped.png,1,587,0,54.2576708049463,54.2576708049463,9.25703871002466,7.60823350995137,0.569651535226584,-18.5994584734139,54.9811064156789,0.965987766363042,1,8.31161910063738,0.986842105263158,0.757575757575758,23.8953567905216,1020.71692078066,737.517732449628,1200.06666666667,867.106666666667,1015.98219143867,733.599531281585,9.35605199315645,7.65495163076437
um,Steel 1 1200 degree cropped.png,1,588,0,1209.58434114494,1209.58434114494,99.9208385886017,30.9787559891248,0.950725800300422,30.2257506673791,2250.60818498917,0.147734980284225,1,39.2439882763992,0.537447765991643,0.238857142857143,318.088756763695,1072.3062145321,654.535499695441,1260.7206937799,769.543660287081,1019.38439216345,623.878557907296,85.0550181196041,59.5385126837228
um,Steel 1 1200 degree cropped.png,1,589,0,672.795117981334,672.795117981334,87.9802113982108,10.6632860690364,0.992627990403293,20.6196874489793,863.782119214745,0.252922364435302,1,29.2682310657579,0.778894472361809,0.260358342665174,180.160137180221,1061.51680694554,512.622935926505,1248.03548387097,602.695698924731,1023.63714306943,497.146580909086,79.9517170324278,32.3209068854495
um,Steel 1 1200 degree cropped.png,1,590,0,3037.70612946626,3037.70612946626,203.32877305228,45.4062117066291,0.974746504172488,40.9217467614563,6833.5727789803,0.103074568318842,1,62.1910569882908,0.444526783823841,0.157383808095952,605.886019374275,1099.45045441553,122.043519152541,1292.63443677066,143.487735175042,1041.49869687455,60.8143379555169,123.329776273426,156.501233340071
um,Steel 1 1200 degree cropped.png,1,591,0,109.238777220625,109.238777220625,23.1012202214259,6.2367433302686,0.962867436546418,44.5330293783004,119.366875770882,0.525064365842638,1,11.7935207201164,0.915151515151515,0.378446115288221,48.4592460234632,1051.3194534369,351.739113011833,1236.04635761589,413.543046357616,1042.34924705575,344.047548293798,17.8615538051169,16.1604534427248
um,Steel 1 1200 degree cropped.png,1,592,0,829.780645510312,829.780645510312,109.584389460714,12.0365372626116,0.993949495465999,36.7254735128627,1146.6454430112,0.238040208291163,1,32.5039925442952,0.723659305993691,0.179499217527387,206.624155517954,1079.21989294445,93.6732345152975,1268.8491717524,110.132519616391,1044.05034741814,65.9176390426932,76.5495163076437,60.3890628649189
um,Steel 1 1200 degree cropped.png,1,593,0,840.632179671302,840.632179671302,78.1868150219006,14.8044014179596,0.98191032938787,46.6942538236151,971.574025213905,0.353389845572135,1,32.7158391873786,0.865227103499628,0.258912655971479,170.222308863126,1080.04282031812,421.067721887594,1269.81669535284,495.053356282272,1048.30309832412,392.528908621973,57.8374123213308,56.1363119589387
um,Steel 1 1200 degree cropped.png,1,594,0,961.445926663649,968.680282770975,84.3066052352099,25.4190542550351,0.953463878227257,25.0951125574816,1566.96153284685,0.147349171309712,0,34.987868954149,0.613573407202216,0.297715053763441,283.675496432503,1095.43823419319,443.580159283174,1287.91723100075,521.52144469526,1055.95804995488,423.14871514503,79.1011668512318,40.82640869741
um,Steel 1 1200 degree cropped.png,1,595,0,669.901375538404,669.901375538404,78.5206682753505,12.2835055674204,0.987688004076803,6.08986667090617,805.907270356136,0.328382832864268,1,29.2052208073826,0.831238779174147,0.573374613003096,157.43853963975,1097.30525989715,490.059275079595,1290.11231101512,576.167386609071,1055.95804995488,480.986127466361,72.2967654016634,16.1604534427248
um,Steel 1 1200 degree cropped.png,1,596,0,821.099418181521,821.099418181521,113.004169664975,16.7517218018073,0.988951437225034,45.0417993268699,1511.98042643117,0.16385838802861,1,32.3335158834876,0.543062200956938,0.149953758752808,248.267092389312,1097.54021183092,536.173345324432,1290.38854625551,630.384140969163,1055.95804995488,497.146580909086,73.9978657640555,73.9978657640555
um,Steel 1 1200 degree cropped.png,1,597,0,748.755857108259,748.755857108259,55.4763340898344,23.3000990545251,0.9075237812106,-78.8706987474902,1030.17230968325,0.46571075432602,1,30.8762945740305,0.726825842696629,0.432330827067669,139.46811541144,1073.35981358959,780.941483082003,1261.95942028985,918.16038647343,1055.95804995488,754.01273563029,32.3209068854495,53.5846614153506
um,Steel 1 1200 degree cropped.png,1,598,0,35.4483449258983,35.4483449258983,11.9454191646681,4.13302294388699,0.938237355129281,13.2599070266123,41.2358298117592,0.643328675909811,1,6.71820173521648,0.859649122807018,0.628205128205128,23.6418928365251,1067.56198456977,467.403361817669,1255.14285714286,549.530612244898,1061.91190122326,464.825674023636,11.0571523555485,5.10330108717624
um,Steel 1 1200 degree cropped.png,1,599,0,218.477554441251,218.477554441251,36.8556624768495,7.77562427813012,0.977491452248617,24.2616879845044,251.755592534951,0.426357172187544,1,16.6785569505167,0.867816091954023,0.3775,77.5735787258037,1080.44093977322,535.06929014685,1270.28476821192,629.086092715232,1063.61300158565,526.915837250947,34.0220072478416,17.0110036239208
um,Steel 1 1200 degree cropped.png,1,600,0,52.0873639727485,52.0873639727485,14.7063428991978,4.64083028970567,0.948903438420062,86.1254054753202,52.8107995834811,0.635389465509916,1,8.1436902931728,0.986301369863014,0.847058823529412,29.4239329682958,1080.9784011184,693.670925553215,1270.91666666667,815.555555555556,1078.92290484718,686.819271315803,4.2527509059802,14.4593530803327
um,Steel 1 1200 degree cropped.png,1,601,0,58.598284469342,58.598284469342,11.1563156864384,7.00804189169942,0.778077636498128,81.0383300341512,62.9388981337377,0.81817224433534,1,8.63768794527833,0.931034482758621,0.642857142857143,27.3281773218288,1084.09445996124,710.030890766838,1274.58024691358,834.79012345679,1080.62400520957,703.830274939724,7.65495163076437,11.9077025367446
um,Steel 1 1200 degree cropped.png,1,602,0,81.0247884020532,81.0247884020532,17.439740468124,6.17148676758819,0.935292756738715,31.5770621290428,91.8763225630424,0.615328691333964,1,10.1569663136831,0.881889763779528,0.478632478632479,38.0059842965639,1092.78991047989,581.487744412329,1284.80357142857,683.660714285714,1084.87675611555,576.247747760318,15.3099032615287,11.0571523555485
um,Steel 1 1200 degree cropped.png,1,603,0,442.742593768362,442.742593768362,41.0498414976084,14.0710560380374,0.939415784269848,32.2330074426956,472.403453808399,0.633380029315278,1,23.7427331730046,0.937212863705972,0.497560975609756,91.0513968970362,1104.34073534374,158.530323641618,1298.3839869281,186.385620915033,1085.72730629675,145.018805893925,34.8725574290377,25.5165054358812
um,Steel 1 1200 degree cropped.png,1,604,0,137.452766039197,137.452766039197,24.0014119494307,7.98106320766116,0.943094533418097,73.6766496586148,164.943319247037,0.577637122921141,1,13.2291457492287,0.833333333333333,0.502645502645503,52.0111435801379,1091.53790700829,683.3364921528,1283.33157894737,803.405263157895,1085.72730629675,672.35991823547,11.9077025367446,22.9648548922931
um,Steel 1 1200 degree cropped.png,1,605,0,49.9170571405506,49.9170571405506,11.8593372396774,5.47911252087528,0.886875588022909,-85.2907822556981,51.3639283620158,0.792389384701962,1,7.97222497852098,0.971830985915493,0.821428571428571,25.4637713246471,1088.14952529102,783.110180597149,1279.34782608696,920.710144927536,1085.72730629675,776.977590522583,5.10330108717624,11.9077025367446
um,Steel 1 1200 degree cropped.png,1,606,0,83.9185308449836,83.9185308449836,14.7181497958225,7.43384012475377,0.863072649158006,24.3209521929305,91.1528869523098,0.804545266591452,1,10.3367495862051,0.920634920634921,0.659090909090909,33.5320903434727,1095.0980229482,564.083413703385,1287.51724137931,663.198275862069,1088.27895684033,559.236744136397,13.6088028991367,9.35605199315645
um,Steel 1 1200 degree cropped.png,1,607,0,12.2984053824545,12.2984053824545,5.80059034970186,2.78807936802055,0.876910104976049,90,12.2984053824545,0.809844351494583,1,3.95712219550077,1,0.80952380952381,11.1422073736681,1096.3591835617,709.358851117498,1289,834,1095.0833582899,706.381925483312,2.55165054358812,5.95385126837228
um,Steel 1 1200 degree cropped.png,1,608,0,460.105048425945,460.105048425945,41.1371209790049,21.9090204706477,0.84637641700746,46.5567092566434,661.943583820345,0.373957445758306,1,24.2038001641932,0.695081967213115,0.33615221987315,121.671203420094,1124.23075011249,543.876021838885,1321.76886792453,639.440251572327,1104.43941028306,522.663086344967,36.5736577914297,37.4242079726258
um,Steel 1 1200 degree cropped.png,1,609,0,1070.68470388427,1070.68470388427,95.2443281118963,16.9449584962364,0.984046686981581,38.7534745275323,1335.46213741241,0.343930185753729,1,36.9220544516217,0.801733477789816,0.262970859985785,195.116211566372,1139.17059247928,211.593322542771,1339.33378378378,248.772297297297,1106.99106082665,179.891363322963,71.4462152204674,56.9868621401347
um,Steel 1 1200 degree cropped.png,1,610,0,86.8122732879141,86.8122732879141,16.1739137373042,6.98387197544739,0.90197008830912,37.8397463957153,92.599758173775,0.744224147124851,1,10.5134589607098,0.9375,0.576923076923077,35.6142371870406,1120.64239123484,249.90581907175,1317.55,293.816666666667,1113.79546227622,244.533177093862,13.6088028991367,11.0571523555485
um,Steel 1 1200 degree cropped.png,1,611,0,242.350929595427,242.350929595427,34.6375436241189,9.1822177239116,0.964222472379363,31.4467452116898,267.671175971068,0.511462964072273,1,17.5661830590548,0.905405405405405,0.398809523809524,74.4928859695116,1128.4236559149,469.120317699735,1326.69850746269,551.549253731343,1113.79546227622,458.021272574068,29.7692563418614,20.413204348705
um,Steel 1 1200 degree cropped.png,1,612,0,44.8530078654223,44.8530078654223,11.3364843818044,5.37713188164755,0.880352003336811,20.2384590505396,47.7467503083528,0.672092010457752,1,7.55702476604205,0.939393939393939,0.553571428571429,26.2871039000448,1126.77321181511,443.411015429329,1324.75806451613,521.322580645161,1120.59986372578,439.309168587755,11.9077025367446,6.80440144956833
um,Steel 1 1200 degree cropped.png,1,613,0,68.7263830195987,68.7263830195987,19.9736181819397,4.90339714531711,0.969398189731738,81.4577143914616,85.3654020664489,0.450012618541244,1,9.35441866858482,0.805084745762712,0.516304347826087,41.1360089633653,1131.59882054262,590.219153631438,1330.43157894737,693.926315789474,1127.40426517535,580.500498666298,6.80440144956833,19.5626541675089
um,Steel 1 1200 degree cropped.png,1,614,0,10.1280985502566,10.1280985502566,4.86838048843683,2.75297098700551,0.824762122153737,90,10.1280985502566,0.86255066866221,1,3.59102987834432,1,0.777777777777778,9.47512901852389,1133.78339153432,576.247747760318,1333,677.5,1132.50756626253,573.696097216729,2.55165054358812,5.10330108717624
um,Steel 1 1200 degree cropped.png,1,615,0,79.5779171805879,79.5779171805879,15.9386060602168,6.56808462943157,0.911144721733144,47.289426858732,84.6419664557163,0.73328207641697,1,10.0658706052673,0.94017094017094,0.561224489795918,34.2567590978517,1140.1006596983,493.806238379298,1340.42727272727,580.572727272727,1134.20866662492,487.790528915929,11.9077025367446,11.9077025367446
um,Steel 1 1200 degree cropped.png,1,616,0,866.675861657676,866.675861657676,80.3861413792938,14.8157471946006,0.982868681105218,73.3565523888456,1034.51292334764,0.359560727576021,1,33.218759452002,0.837762237762238,0.393431855500821,171.367149407016,1151.84515832032,516.103626308181,1354.23539232053,606.787979966611,1135.05921680612,478.434476922773,29.7692563418614,73.9978657640555
um,Steel 1 1200 degree cropped.png,1,617,0,389.931794184881,389.931794184881,59.7164904943941,9.75644206616614,0.986563319992841,86.1098323573654,497.723700184041,0.323224241140651,1,22.2817544216276,0.783430232558139,0.583333333333333,120.453215560621,1142.67392904983,775.001126511548,1343.45269016698,911.176252319109,1136.76031716851,747.208334180722,11.9077025367446,56.1363119589387
um,Steel 1 1200 degree cropped.png,1,618,0,18.0858902683154,18.0858902683154,6.84655109343907,3.69973872444837,0.841421145013778,10.8057069077335,18.8093258790481,0.764041737839537,1,4.79871552515463,0.961538461538462,0.625,14.5750279049754,1141.33627714334,511.690989007538,1341.88,601.6,1137.6108673497,509.05428344583,6.80440144956833,4.2527509059802
um,Steel 1 1200 degree cropped.png,1,619,0,170.007368522165,170.007368522165,29.5146624129782,7.90582016575736,0.963457631928217,88.8040448333557,193.880743676341,0.496661971944837,1,14.7125832027821,0.876865671641791,0.671428571428571,62.9134958027087,1141.89076347423,711.295210040646,1342.53191489362,836.276595744681,1137.6108673497,697.025873490155,8.50550181196041,29.7692563418614
um,Steel 1 1200 degree cropped.png,1,620,0,78.1310459591227,78.1310459591227,13.8981841328124,7.36704277771417,0.847952433914131,50.9526785184733,83.9185308449836,0.808556415982631,1,9.97394292076486,0.931034482758621,0.642857142857143,32.1746122542838,1143.94274092083,317.964009403787,1344.94444444444,373.833333333333,1138.4614175309,311.726641408349,10.2066021743525,11.9077025367446
um,Steel 1 1200 degree cropped.png,1,621,0,235.840009098833,235.840009098833,24.8280948058475,12.560627712148,0.862589900745618,41.0768457208266,251.032156924218,0.762847390965704,1,17.3286129224279,0.939481268011527,0.590579710144927,59.6575897090903,1149.63858616969,54.0099365059486,1351.64110429448,63.5,1139.3119677121,44.6538845127921,20.413204348705,19.5626541675089
um,Steel 1 1200 degree cropped.png,1,622,0,196.051050508539,198.94479295147,30.3304939004624,10.6109868302963,0.936807411114878,42.0131053438845,256.819641810079,0.398928850522409,0,15.7993655029037,0.763380281690141,0.371742112482853,75.913304772109,1156.90203594277,470.140828015723,1360.18081180812,552.749077490775,1143.56471861808,459.72237293646,22.9648548922931,22.9648548922931
um,Steel 1 1200 degree cropped.png,1,623,0,76.6841747376575,76.6841747376575,13.7455628002113,7.24203975388155,0.849949712017483,34.7973394953019,78.8544815698553,0.835209569363567,1,9.88116003976085,0.972477064220184,0.688311688311688,31.2951433669271,1152.03812419678,448.183777082121,1354.46226415094,526.933962264151,1146.11636916166,443.561919493735,11.9077025367446,9.35605199315645
um,Steel 1 1200 degree cropped.png,1,624,0,666.284197484741,666.284197484741,67.857689988892,19.3310433347741,0.958564306624793,85.8555474896533,970.12715399244,0.235196324621628,1,29.1262662946988,0.686800894854586,0.431786216596343,186.0051180254,1161.58188339554,601.12749494437,1365.68295331162,706.751357220413,1148.66801970525,564.340045223573,22.9648548922931,67.1934643144872
um,Steel 1 1200 degree cropped.png,1,625,0,381.250566856089,381.250566856089,55.6156486159754,9.33086017414456,0.985825482959874,-76.8914460655421,462.998790868875,0.36027309440867,1,22.0323239394729,0.8234375,0.462280701754386,112.645164897241,1156.42707093125,744.868917695629,1359.62239089184,875.749525616698,1148.66801970525,719.990728382448,16.1604534427248,51.0330108717624
um,Steel 1 1200 degree cropped.png,1,626,0,104.89816355623,104.89816355623,18.0123046334308,7.94366577303024,0.897500571466713,81.7014994525224,117.920004549417,0.698694130986044,1,11.5568373705737,0.889570552147239,0.627705627705628,40.7634679840014,1153.01169149267,787.75024850718,1355.60689655172,926.165517241379,1148.66801970525,778.678690884975,9.35605199315645,17.8615538051169
um,Steel 1 1200 degree cropped.png,1,627,0,53.5342351942137,53.5342351942137,12.081090651582,5.79255512761956,0.877556706583742,24.8393647477377,56.4279776371442,0.768586427232687,1,8.25602236227748,0.948717948717949,0.660714285714286,26.9131088334051,1156.1160807514,456.205232998001,1359.25675675676,536.364864864865,1150.36912006764,452.917971486892,11.9077025367446,6.80440144956833
um,Steel 1 1200 degree cropped.png,1,628,0,17.3624546575828,17.3624546575828,6.63895215356942,3.58253853390515,0.841906074526527,40.5596704247399,18.8093258790481,0.789771019739735,1,4.70176178296026,0.923076923076923,0.571428571428571,13.9490229716151,1155.47242115482,301.094764143398,1358.5,354,1152.92077061123,298.117838509212,5.10330108717624,5.95385126837228
um,Steel 1 1200 degree cropped.png,1,629,0,67.2795117981334,67.2795117981334,12.9476174735959,6.79551065602116,0.85119694386161,-88.1255915752361,70.1732542410639,0.795056191384426,1,9.25542732518923,0.958762886597938,0.7265625,29.9376652777382,1162.97646872118,631.025923139604,1367.32258064516,741.903225806452,1159.7251720608,624.729108088492,6.80440144956833,13.6088028991367
um,Steel 1 1200 degree cropped.png,1,630,0,72.3435610732618,72.3435610732618,14.1516280335388,6.78719915420833,0.877484204665557,30.6930539537646,77.4076103483901,0.795484843907706,1,9.59743105030926,0.934579439252336,0.649350649350649,31.1335388324999,1168.44331141806,441.307961513566,1373.75,518.85,1162.27682260439,436.757518044167,11.9077025367446,9.35605199315645
um,Steel 1 1200 degree cropped.png,1,631,0,476.744067472795,476.744067472795,69.7667618965359,13.5904645283787,0.980843271006125,-88.4432131128303,753.096470772655,0.258175948962886,1,24.6375607442022,0.633045148895293,0.433552631578947,149.659407682531,1172.68025164161,552.85890844538,1378.73141122914,650.001517450683,1163.97792296678,525.214736888555,17.0110036239208,64.6418137708991
um,Steel 1 1200 degree cropped.png,1,632,0,99.1106786703686,99.1106786703686,18.4331665936375,7.12099562335431,0.922367210546012,39.973514224633,106.345034777695,0.68634027110113,1,11.2335050357693,0.931972789115646,0.507407407407407,39.9265266057045,1172.45548699907,428.497247853792,1378.46715328467,503.788321167883,1164.82847314798,422.298164963834,15.3099032615287,12.7582527179406
um,Steel 1 1200 degree cropped.png,1,633,0,55.7045420264116,55.7045420264116,12.4928726434246,5.85007541371449,0.883583817648057,58.8548569934669,60.7685913015399,0.761618782306574,1,8.42171156769151,0.916666666666667,0.592307692307692,27.6445819892337,1180.03343840014,466.477066907906,1387.37662337662,548.441558441558,1175.88562550353,460.572923117656,8.50550181196041,11.0571523555485
um,Steel 1 1200 degree cropped.png,1,634,0,117.920004549417,117.920004549417,18.6576973722375,8.26222204163521,0.896604696186373,-86.851889634199,127.324667488941,0.708421394426207,1,12.2531797060056,0.926136363636364,0.708695652173913,43.0633556739555,1181.45594647547,607.814639301087,1389.0490797546,714.613496932515,1176.73617568472,598.362052471415,8.50550181196041,19.5626541675089
um,Steel 1 1200 degree cropped.png,1,635,0,18.8093258790481,18.8093258790481,5.95866820389426,4.19562793998552,0.710079254592536,-68.8373515756942,18.8093258790481,0.91741556607976,1,4.89374882058882,1,0.742857142857143,13.3791543502137,1182.91902123265,563.424068105362,1390.76923076923,662.423076923077,1180.9889265907,560.087294317593,4.2527509059802,5.95385126837228
